gid,role,role_score,cluster_id,priority_score,evidence,in_deg,out_deg,in_kzt,out_kzt,pagerank,pass_through,depth,is_seed,truncated_by_depth
100000000343175100,distributor,0.9875,9,0.6846749897281174,"Распределитель: отправил 4 000 039 KZT в 33 переводах 31 получателям. Hub 1.00. Активен 13 дн. AML-сигналы: fan-in, fan-out. Triage 0.68: оборот 4 178 751 KZT, PageRank 0.000714, кластер 59 уз.",8,31,178712.0,4000039.0,0.00071361351556602,22.382598818210305,0,True,False
100000000456947100,peripheral,0.5,72,0.12475927899589935,"Периферийный: получил 0 KZT, отправил 0 KZT; связей вход/выход 0/0. Triage 0.12: оборот 0 KZT, PageRank 0.000000, кластер 1 уз.",0,0,0.0,0.0,0.0,0.0,0,True,False
100000000580561100,coordinator,0.65,43,0.615765392499901,"Координатор seed: отправил 1 488 077 KZT в 13 переводах 3 получателям. AML-сигналы: структурный цикл. Triage 0.62: оборот 1 516 057 KZT, PageRank 0.000833, кластер 6 уз.",2,3,27980.0,1488077.0,0.0008334615533052015,53.183595425303785,0,True,False
100000001415126100,terminal,0.75,20,0.4591401761607337,"Конечный в выборке: получил 27 000 KZT в 1 переводах; исходящих переводов 0. Triage 0.46: оборот 27 000 KZT, PageRank 0.000409, кластер 26 уз.",1,0,27000.0,0.0,0.0004093886518275233,0.0,0,True,False
100000001429930100,terminal,0.75,13,0.45991855622299155,"Конечный в выборке: получил 26 000 KZT в 1 переводах; исходящих переводов 0. Triage 0.46: оборот 26 000 KZT, PageRank 0.000351, кластер 50 уз.",1,0,26000.0,0.0,0.0003506828065003259,0.0,0,True,False
100000001616816100,coordinator,0.65,6,0.7019003077573222,"Координатор seed: отправил 181 326 KZT в 10 переводах 3 получателям. Активен 12 дн. AML-сигналы: fan-in, структурный цикл. Triage 0.70: оборот 357 521 KZT, PageRank 0.002425, кластер 106 уз.",5,3,176195.0,181326.0,0.002425026516645166,1.0291211441868384,0,True,False
100000001732159100,coordinator,0.6833333333333333,10,0.6752467490748935,"Координатор seed: отправил 1 505 966 KZT в 23 переводах 4 получателям. Активен 18 дн. AML-сигналы: структурный цикл. Triage 0.68: оборот 3 884 066 KZT, PageRank 0.001092, кластер 56 уз.",2,4,2378100.0,1505966.0,0.001091596131963332,0.633264370716118,0,True,False
100000002527114100,distributor,0.95,1,0.672557372251339,"Распределитель: выход 3 289 249 KZT к 111 получателям. AML: fan-out, split, структ. цикл. Triage 0.67: PR 0.000810, кластер 270 уз.",3,111,129000.0,3289249.0,0.0008104641817825696,25.49805426356589,0,True,False
100000002916006100,peripheral,0.5,20,0.4095742693013026,"Периферийный: получил 0 KZT, отправил 32 000 KZT; связей вход/выход 0/1. Triage 0.41: оборот 32 000 KZT, PageRank 0.000286, кластер 26 уз.",0,1,0.0,32000.0,0.0002855784689896465,0.0,0,True,False
100000003016635100,distributor,0.9717775668577963,5,0.7198264592463776,"Распределитель: выход 9 414 081 KZT к 73 получателям. AML: fan-in, fan-out, структ. цикл. Triage 0.72: PR 0.001189, кластер 125 уз.",8,73,586981.0,9414081.0,0.0011893902518802415,16.038135817002594,0,True,False
100000003200071100,peripheral,0.5,68,0.38341741529656315,"Периферийный: получил 0 KZT, отправил 30 000 KZT; связей вход/выход 0/1. AML-сигналы: money island. Triage 0.38: оборот 30 000 KZT, PageRank 0.000286, кластер 2 уз.",0,1,0.0,30000.0,0.0002855784689896465,0.0,0,True,False
100000003265658100,peripheral,0.5,73,0.12475927899589935,"Периферийный: получил 0 KZT, отправил 0 KZT; связей вход/выход 0/0. Triage 0.12: оборот 0 KZT, PageRank 0.000000, кластер 1 уз.",0,0,0.0,0.0,0.0,0.0,0,True,False
100000003349739100,peripheral,0.5,74,0.12475927899589935,"Периферийный: получил 0 KZT, отправил 0 KZT; связей вход/выход 0/0. Triage 0.12: оборот 0 KZT, PageRank 0.000000, кластер 1 уз.",0,0,0.0,0.0,0.0,0.0,0,True,False
100000003684369100,distributor,1.0,2,0.7814126817399724,"Распределитель: выход 8 588 655 KZT к 62 получателям. AML: fan-in, fan-out, структ. цикл. Triage 0.78: PR 0.002018, кластер 148 уз.",24,62,3848436.0,8588655.0,0.002017764465960423,2.2317260830113845,0,True,False
100000003770083100,peripheral,0.5,75,0.12475927899589935,"Периферийный: получил 0 KZT, отправил 0 KZT; связей вход/выход 0/0. Triage 0.12: оборот 0 KZT, PageRank 0.000000, кластер 1 уз.",0,0,0.0,0.0,0.0,0.0,0,True,False
100000003975102100,peripheral,0.5,5,0.44962680131847754,"Периферийный: получил 25 650 KZT, отправил 88 500 KZT; связей вход/выход 1/2. Triage 0.45: оборот 114 150 KZT, PageRank 0.000345, кластер 125 уз.",1,2,25650.0,88500.0,0.00034535011552525935,3.4502923976608186,0,True,False
100000003977183100,coordinator,0.6833333333333333,6,0.5970718262548538,"Координатор seed: отправил 766 000 KZT в 6 переводах 4 получателям. AML-сигналы: структурный цикл. Triage 0.60: оборот 889 800 KZT, PageRank 0.000331, кластер 106 уз.",2,4,123800.0,766000.0,0.0003313986586282823,6.187399030694669,0,True,False
100000004007116100,coordinator,0.6833333333333333,24,0.6058596545888963,"Координатор seed: отправил 148 000 KZT в 6 переводах 4 получателям. Активен 18 дн. AML-сигналы: fan-in, структурный цикл. Triage 0.61: оборот 912 704 KZT, PageRank 0.000627, кластер 17 уз.",3,4,764704.0,148000.0,0.0006271165837584002,0.19353893794200108,0,True,False
100000004019124100,terminal,0.75,5,0.5550132876547191,"Конечный в выборке: получил 193 000 KZT в 3 переводах; исходящих переводов 0. Triage 0.56: оборот 193 000 KZT, PageRank 0.001201, кластер 125 уз.",3,0,193000.0,0.0,0.0012012349010922037,0.0,0,True,False
100000004021459100,peripheral,0.5,76,0.12475927899589935,"Периферийный: получил 0 KZT, отправил 0 KZT; связей вход/выход 0/0. Triage 0.12: оборот 0 KZT, PageRank 0.000000, кластер 1 уз.",0,0,0.0,0.0,0.0,0.0,0,True,False
100000004041163100,peripheral,0.5,20,0.5818284086330364,"Периферийный: получил 50 000 KZT, отправил 866 000 KZT; связей вход/выход 1/2. AML-сигналы: структурный цикл. Triage 0.58: оборот 916 000 KZT, PageRank 0.002078, кластер 26 уз.",1,2,50000.0,866000.0,0.002078350376537074,17.32,0,True,False
100000004174835100,peripheral,0.5,77,0.12475927899589935,"Периферийный: получил 0 KZT, отправил 0 KZT; связей вход/выход 0/0. Triage 0.12: оборот 0 KZT, PageRank 0.000000, кластер 1 уз.",0,0,0.0,0.0,0.0,0.0,0,True,False
100000004193835100,peripheral,0.5,5,0.4574552158277677,"Периферийный: получил 47 000 KZT, отправил 5 000 KZT; связей вход/выход 1/1. Triage 0.46: оборот 52 000 KZT, PageRank 0.000470, кластер 125 уз.",1,1,47000.0,5000.0,0.0004696673616440551,0.10638297872340426,0,True,False
100000004269433100,peripheral,0.5,15,0.4954168854395759,"Периферийный: получил 0 KZT, отправил 1 372 000 KZT; связей вход/выход 0/1. Активен 16 дн. AML-сигналы: split payments. Triage 0.50: оборот 1 372 000 KZT, PageRank 0.000286, кластер 41 уз.",0,1,0.0,1372000.0,0.0002855784689896465,0.0,0,True,False
100000004358004100,coordinator,0.9166666666666667,2,0.6011303166377392,"Координатор seed: отправил 980 850 KZT в 17 переводах 11 получателям. AML-сигналы: fan-out. Triage 0.60: оборот 980 850 KZT, PageRank 0.000286, кластер 148 уз.",0,11,0.0,980850.0,0.0002855784689896465,0.0,0,True,False
100000004388983100,peripheral,0.5,65,0.4570330100903502,"Периферийный: получил 0 KZT, отправил 450 816 KZT; связей вход/выход 0/2. Активен 5 дн. AML-сигналы: split payments, money island. Triage 0.46: оборот 450 816 KZT, PageRank 0.000286, кластер 3 уз.",0,2,0.0,450816.0,0.0002855784689896465,0.0,0,True,False
100000004714705100,peripheral,0.5,20,0.41189265815622544,"Периферийный: получил 0 KZT, отправил 36 550 KZT; связей вход/выход 0/1. Triage 0.41: оборот 36 550 KZT, PageRank 0.000286, кластер 26 уз.",0,1,0.0,36550.0,0.0002855784689896465,0.0,0,True,False
100000004723755100,peripheral,0.5,2,0.4478849974934468,"Периферийный: получил 0 KZT, отправил 95 000 KZT; связей вход/выход 0/1. Triage 0.45: оборот 95 000 KZT, PageRank 0.000286, кластер 148 уз.",0,1,0.0,95000.0,0.0002855784689896465,0.0,0,True,False
100000004813068100,peripheral,0.5,23,0.4543530106839835,"Периферийный: получил 0 KZT, отправил 297 000 KZT; связей вход/выход 0/3. Triage 0.45: оборот 297 000 KZT, PageRank 0.000286, кластер 17 уз.",0,3,0.0,297000.0,0.0002855784689896465,0.0,0,True,False
100000004971871100,peripheral,0.5,59,0.4169327666735456,"Периферийный: получил 25 400 KZT, отправил 5 650 KZT; связей вход/выход 1/1. AML-сигналы: структурный цикл, money island. Triage 0.42: оборот 31 050 KZT, PageRank 0.000741, кластер 4 уз.",1,1,25400.0,5650.0,0.0007409523405015223,0.22244094488188976,0,True,False
100000005017150100,peripheral,0.5,78,0.12475927899589935,"Периферийный: получил 0 KZT, отправил 0 KZT; связей вход/выход 0/0. Triage 0.12: оборот 0 KZT, PageRank 0.000000, кластер 1 уз.",0,0,0.0,0.0,0.0,0.0,0,True,False
100000005087431100,peripheral,0.5,79,0.12475927899589935,"Периферийный: получил 0 KZT, отправил 0 KZT; связей вход/выход 0/0. Triage 0.12: оборот 0 KZT, PageRank 0.000000, кластер 1 уз.",0,0,0.0,0.0,0.0,0.0,0,True,False
100000005235389100,peripheral,0.5,80,0.12475927899589935,"Периферийный: получил 0 KZT, отправил 0 KZT; связей вход/выход 0/0. Triage 0.12: оборот 0 KZT, PageRank 0.000000, кластер 1 уз.",0,0,0.0,0.0,0.0,0.0,0,True,False
100000005264990100,peripheral,0.5,20,0.4405251660232825,"Периферийный: получил 17 070 KZT, отправил 122 000 KZT; связей вход/выход 1/2. Triage 0.44: оборот 139 070 KZT, PageRank 0.000364, кластер 26 уз.",1,2,17070.0,122000.0,0.0003638540179171486,7.147041593438781,0,True,False
100000005370580100,terminal,0.75,13,0.458288899264822,"Конечный в выборке: получил 24 075 KZT в 1 переводах; исходящих переводов 0. Triage 0.46: оборот 24 075 KZT, PageRank 0.000346, кластер 50 уз.",1,0,24075.0,0.0,0.00034586258151155446,0.0,0,True,False
100000005382566100,consolidator,0.783333402703625,20,0.7018314005629535,"Сборщик: вход 393 066 KZT от 7 контрагентов. AML: fan-in, структ. цикл. Triage 0.70: PR 0.002109, кластер 26 уз.",7,1,393066.0,50000.0,0.002109143420567599,0.12720510041570626,0,True,False
100000005386383100,transit,0.8325183245434526,20,0.5438400461671241,"Транзит: получил 37 500 KZT, отправил 29 000 KZT; исходящий оборот — 77% наблюдаемого входящего. Triage 0.54: оборот 66 500 KZT, PageRank 0.000524, кластер 26 уз.",2,1,37500.0,29000.0,0.0005240484852289058,0.7733333333333333,0,True,False
100000005392290100,peripheral,0.5,69,0.4042989456513802,"Периферийный: получил 0 KZT, отправил 81 465 KZT; связей вход/выход 0/1. AML-сигналы: money island. Triage 0.40: оборот 81 465 KZT, PageRank 0.000286, кластер 2 уз.",0,1,0.0,81465.0,0.0002855784689896465,0.0,0,True,False
100000005395727100,terminal,0.75,15,0.4534256733951352,"Конечный в выборке: получил 17 000 KZT в 1 переводах; исходящих переводов 0. Triage 0.45: оборот 17 000 KZT, PageRank 0.000371, кластер 41 уз.",1,0,17000.0,0.0,0.00037111015398636865,0.0,0,True,False
100000005409680100,terminal,0.75,18,0.48917448734715163,"Конечный в выборке: получил 55 060 KZT в 2 переводах; исходящих переводов 0. Triage 0.49: оборот 55 060 KZT, PageRank 0.000633, кластер 30 уз.",2,0,55060.0,0.0,0.0006327380085382247,0.0,0,True,False
100000005417257100,peripheral,0.5,20,0.430460850105615,"Периферийный: получил 0 KZT, отправил 106 000 KZT; связей вход/выход 0/2. Triage 0.43: оборот 106 000 KZT, PageRank 0.000286, кластер 26 уз.",0,2,0.0,106000.0,0.0002855784689896465,0.0,0,True,False
100000005454368100,terminal,0.75,13,0.4734179734948766,"Конечный в выборке: получил 48 600 KZT в 2 переводах; исходящих переводов 0. Triage 0.47: оборот 48 600 KZT, PageRank 0.000394, кластер 50 уз.",2,0,48600.0,0.0,0.0003940122590421039,0.0,0,True,False
100000005480435100,peripheral,0.5,81,0.12475927899589935,"Периферийный: получил 0 KZT, отправил 0 KZT; связей вход/выход 0/0. Triage 0.12: оборот 0 KZT, PageRank 0.000000, кластер 1 уз.",0,0,0.0,0.0,0.0,0.0,0,True,False
100000005485830100,coordinator,0.7166666666666667,45,0.54662856168498,"Координатор seed: отправил 275 885 KZT в 9 переводах 5 получателям. Triage 0.55: оборот 275 885 KZT, PageRank 0.000286, кластер 6 уз.",0,5,0.0,275885.0,0.0002855784689896465,0.0,0,True,False
100000005493505100,terminal,0.75,2,0.5012730179236742,"Конечный в выборке: получил 62 020 KZT в 3 переводах; исходящих переводов 0. Triage 0.50: оборот 62 020 KZT, PageRank 0.000617, кластер 148 уз.",3,0,62020.0,0.0,0.0006169955536387396,0.0,0,True,False
100000005495722100,peripheral,0.5,82,0.12475927899589935,"Периферийный: получил 0 KZT, отправил 0 KZT; связей вход/выход 0/0. Triage 0.12: оборот 0 KZT, PageRank 0.000000, кластер 1 уз.",0,0,0.0,0.0,0.0,0.0,0,True,False
100000005498992100,distributor,0.7504909414950685,7,0.6283157986513382,"Распределитель: отправил 2 262 868 KZT в 19 переводах 16 получателям. Активен 10 дн. AML-сигналы: fan-out. Triage 0.63: оборот 2 262 868 KZT, PageRank 0.000286, кластер 104 уз.",0,16,0.0,2262868.0,0.0002855784689896465,0.0,0,True,False
100000005519347100,transit,0.7941710149679884,5,0.5687423585409555,"Транзит: получил 73 100 KZT, отправил 99 000 KZT; исходящий оборот — 135% наблюдаемого входящего. Triage 0.57: оборот 172 100 KZT, PageRank 0.000556, кластер 125 уз.",2,1,73100.0,99000.0,0.0005561521981845437,1.3543091655266757,0,True,False
100000005523088100,terminal,0.75,20,0.6080749609813018,"Конечный в выборке: получил 700 000 KZT в 2 переводах; исходящих переводов 0. Triage 0.61: оборот 700 000 KZT, PageRank 0.001714, кластер 26 уз.",1,0,700000.0,0.0,0.001713544374405613,0.0,0,True,False
100000005543136100,peripheral,0.5,2,0.4045068543747813,"Периферийный: получил 0 KZT, отправил 10 000 KZT; связей вход/выход 0/1. Triage 0.40: оборот 10 000 KZT, PageRank 0.000286, кластер 148 уз.",0,1,0.0,10000.0,0.0002855784689896465,0.0,0,True,False
100000005550592100,peripheral,0.5,83,0.12475927899589935,"Периферийный: получил 0 KZT, отправил 0 KZT; связей вход/выход 0/0. Triage 0.12: оборот 0 KZT, PageRank 0.000000, кластер 1 уз.",0,0,0.0,0.0,0.0,0.0,0,True,False
100000005560900100,peripheral,0.5,84,0.12475927899589935,"Периферийный: получил 0 KZT, отправил 0 KZT; связей вход/выход 0/0. Triage 0.12: оборот 0 KZT, PageRank 0.000000, кластер 1 уз.",0,0,0.0,0.0,0.0,0.0,0,True,False
100000005568407100,peripheral,0.5,85,0.12475927899589935,"Периферийный: получил 0 KZT, отправил 0 KZT; связей вход/выход 0/0. Triage 0.12: оборот 0 KZT, PageRank 0.000000, кластер 1 уз.",0,0,0.0,0.0,0.0,0.0,0,True,False
100000005668605100,terminal,0.75,20,0.5065737910290055,"Конечный в выборке: получил 94 500 KZT в 3 переводах; исходящих переводов 0. Triage 0.51: оборот 94 500 KZT, PageRank 0.000837, кластер 26 уз.",3,0,94500.0,0.0,0.0008372712521354864,0.0,0,True,False
100000005744674100,peripheral,0.5,20,0.417379962557464,"Периферийный: получил 0 KZT, отправил 50 066 KZT; связей вход/выход 0/1. Triage 0.42: оборот 50 066 KZT, PageRank 0.000286, кластер 26 уз.",0,1,0.0,50066.0,0.0002855784689896465,0.0,0,True,False
100000006232815100,peripheral,0.5,29,0.47018314147694806,"Периферийный: получил 160 000 KZT, отправил 296 500 KZT; связей вход/выход 1/5. AML-сигналы: структурный цикл. Triage 0.47: оборот 456 500 KZT, PageRank 0.000556, кластер 13 уз.",1,5,160000.0,296500.0,0.0005557061838823601,1.853125,0,True,False
100000006249740100,peripheral,0.5,53,0.4107458820482001,"Периферийный: получил 0 KZT, отправил 93 007 KZT; связей вход/выход 0/3. AML-сигналы: money island. Triage 0.41: оборот 93 007 KZT, PageRank 0.000286, кластер 5 уз.",0,3,0.0,93007.0,0.0002855784689896465,0.0,0,True,False
100000006831291100,peripheral,0.5,53,0.37892690145951086,"Периферийный: получил 0 KZT, отправил 15 000 KZT; связей вход/выход 0/1. AML-сигналы: money island. Triage 0.38: оборот 15 000 KZT, PageRank 0.000286, кластер 5 уз.",0,1,0.0,15000.0,0.0002855784689896465,0.0,0,True,False
100000006866783100,distributor,1.0,0,0.715836318777739,"Распределитель: выход 3 948 037 KZT к 67 получателям. AML: fan-in, fan-out, структ. цикл. Triage 0.72: PR 0.000869, кластер 277 уз.",13,67,838812.0,3948037.0,0.0008694895676886403,4.706700667133994,0,True,False
100000007018630100,peripheral,0.5,61,0.4372540639386888,"Периферийный: получил 0 KZT, отправил 200 000 KZT; связей вход/выход 0/1. Активен 3 дн. AML-сигналы: money island. Triage 0.44: оборот 200 000 KZT, PageRank 0.000286, кластер 3 уз.",0,1,0.0,200000.0,0.0002855784689896465,0.0,0,True,False
100000007747786100,distributor,0.9387520201689622,6,0.6390088728355076,"Распределитель: отправил 4 238 009 KZT в 35 переводах 31 получателям. Активен 18 дн. AML-сигналы: fan-out. Triage 0.64: оборот 4 238 009 KZT, PageRank 0.000286, кластер 106 уз.",0,31,0.0,4238009.4,0.0002855784689896465,0.0,0,True,False
100000007982728100,coordinator,0.8166666666666667,6,0.6155729680015816,"Координатор seed: отправил 1 804 384 KZT в 12 переводах 8 получателям. Активен 6 дн. Triage 0.62: оборот 1 804 384 KZT, PageRank 0.000286, кластер 106 уз.",0,8,0.0,1804384.0,0.0002855784689896465,0.0,0,True,False
100000008117324100,peripheral,0.5,86,0.12475927899589935,"Периферийный: получил 0 KZT, отправил 0 KZT; связей вход/выход 0/0. Triage 0.12: оборот 0 KZT, PageRank 0.000000, кластер 1 уз.",0,0,0.0,0.0,0.0,0.0,0,True,False
100000008205000100,peripheral,0.5,87,0.12475927899589935,"Периферийный: получил 0 KZT, отправил 0 KZT; связей вход/выход 0/0. Triage 0.12: оборот 0 KZT, PageRank 0.000000, кластер 1 уз.",0,0,0.0,0.0,0.0,0.0,0,True,False
100000008314203100,transit,0.8567552005360191,10,0.5967240860648599,"Транзит: вход 382 076 KZT, выход 327 000 KZT; отношение 86% к наблюдаемому входу. AML: структ. цикл. Triage 0.60: PR 0.000502, кластер 56 уз.",2,2,382076.0,327000.0,0.0005019409065382413,0.8558506684533967,0,True,False
100000008418835100,coordinator,0.6833333333333333,15,0.6228489918734282,"Координатор seed: отправил 186 179 KZT в 6 переводах 4 получателям. Активен 18 дн. Triage 0.62: оборот 1 558 179 KZT, PageRank 0.000528, кластер 41 уз.",1,4,1372000.0,186179.0,0.0005283201676374333,0.13569897959183674,0,True,False
100000008513251100,peripheral,0.5,88,0.12475927899589935,"Периферийный: получил 0 KZT, отправил 0 KZT; связей вход/выход 0/0. Triage 0.12: оборот 0 KZT, PageRank 0.000000, кластер 1 уз.",0,0,0.0,0.0,0.0,0.0,0,True,False
100000008516839100,terminal,0.75,20,0.5432061296809028,"Конечный в выборке: получил 155 000 KZT в 4 переводах; исходящих переводов 0. Активен 2 дн. Triage 0.54: оборот 155 000 KZT, PageRank 0.001068, кластер 26 уз.",3,0,155000.0,0.0,0.0010684374482128926,0.0,0,True,False
100000008522127100,peripheral,0.5,63,0.42109109889464313,"Периферийный: получил 0 KZT, отправил 145 000 KZT; связей вход/выход 0/1. Triage 0.42: оборот 145 000 KZT, PageRank 0.000286, кластер 3 уз.",0,1,0.0,145000.0,0.0002855784689896465,0.0,0,True,False
100000008571433100,peripheral,0.5,52,0.5584582086135024,"Периферийный: получил 350 000 KZT, отправил 1 434 000 KZT; связей вход/выход 2/2. AML-сигналы: структурный цикл, money island. Triage 0.56: оборот 1 784 000 KZT, PageRank 0.001637, кластер 5 уз.",2,2,350000.0,1434000.0,0.0016365044750008678,4.097142857142857,0,True,False
100000008575624100,peripheral,0.5,48,0.419285016238458,"Периферийный: получил 0 KZT, отправил 89 500 KZT; связей вход/выход 0/3. Triage 0.42: оборот 89 500 KZT, PageRank 0.000286, кластер 6 уз.",0,3,0.0,89500.0,0.0002855784689896465,0.0,0,True,False
100000008601794100,peripheral,0.5,56,0.5854737438453878,"Периферийный: получил 494 400 KZT, отправил 871 400 KZT; связей вход/выход 2/1. AML-сигналы: структурный цикл, money island. Triage 0.59: оборот 1 365 800 KZT, PageRank 0.002454, кластер 4 уз.",2,1,494400.0,871400.0,0.0024535539094997843,1.7625404530744337,0,True,False
100000008637537100,coordinator,0.65,10,0.6550117863396829,"Координатор seed: отправил 2 351 495 KZT в 30 переводах 3 получателям. Активен 15 дн. AML-сигналы: fan-in, структурный цикл. Triage 0.66: оборот 2 971 385 KZT, PageRank 0.000826, кластер 56 уз.",3,3,619890.0,2351495.0,0.0008264707875016351,3.793406894771653,0,True,False
100000008650785100,transit,0.8088635922210438,5,0.5757614230925711,"Транзит: получил 92 000 KZT, отправил 120 120 KZT; исходящий оборот — 131% наблюдаемого входящего. Triage 0.58: оборот 212 120 KZT, PageRank 0.000612, кластер 125 уз.",2,2,92000.0,120120.0,0.0006120304284873015,1.3056521739130436,0,True,False
100000008654653100,peripheral,0.5,5,0.43292093390070685,"Периферийный: получил 0 KZT, отправил 54 000 KZT; связей вход/выход 0/1. Triage 0.43: оборот 54 000 KZT, PageRank 0.000286, кластер 125 уз.",0,1,0.0,54000.0,0.0002855784689896465,0.0,0,True,False
100000008659445100,coordinator,0.6833333333333333,42,0.6967681872935981,"Координатор seed: отправил 875 150 KZT в 18 переводах 4 получателям. Активен 15 дн. AML-сигналы: fan-in, структурный цикл. Triage 0.70: оборот 1 013 640 KZT, PageRank 0.002560, кластер 6 уз.",3,4,138490.0,875150.0,0.002560475918777695,6.319228825185934,0,True,False
100000008669037100,peripheral,0.5,89,0.12475927899589935,"Периферийный: получил 0 KZT, отправил 0 KZT; связей вход/выход 0/0. Triage 0.12: оборот 0 KZT, PageRank 0.000000, кластер 1 уз.",0,0,0.0,0.0,0.0,0.0,0,True,False
100000008673001100,terminal,0.75,20,0.4816335259547449,"Конечный в выборке: получил 80 000 KZT в 1 переводах; исходящих переводов 0. Triage 0.48: оборот 80 000 KZT, PageRank 0.000469, кластер 26 уз.",1,0,80000.0,0.0,0.00046877975098797613,0.0,0,True,False
100000008680731100,distributor,0.8875056481129937,11,0.6135734853122918,"Распределитель: отправил 1 464 354 KZT в 28 переводах 27 получателям. Активен 6 дн. AML-сигналы: fan-out. Triage 0.61: оборот 1 464 354 KZT, PageRank 0.000286, кластер 55 уз.",0,27,0.0,1464354.0,0.0002855784689896465,0.0,0,True,False
100000008701222100,peripheral,0.5,90,0.12475927899589935,"Периферийный: получил 0 KZT, отправил 0 KZT; связей вход/выход 0/0. Triage 0.12: оборот 0 KZT, PageRank 0.000000, кластер 1 уз.",0,0,0.0,0.0,0.0,0.0,0,True,False
100000008738325100,transit,0.7567760925859284,20,0.5415057437802161,"Транзит: получил 36 550 KZT, отправил 54 000 KZT; исходящий оборот — 148% наблюдаемого входящего. Triage 0.54: оборот 90 550 KZT, PageRank 0.000528, кластер 26 уз.",1,1,36550.0,54000.0,0.0005283201676374333,1.4774281805745555,0,True,False
100000003134937100,terminal,0.75,5,0.42782229451604853,"Конечный в выборке: получил 10 286 KZT в 1 переводах; исходящих переводов 0. Triage 0.43: оборот 10 286 KZT, PageRank 0.000287, кластер 125 уз.",1,0,10286.0,0.0,0.0002866830864145063,0.0,1,False,False
100000005074393100,transit,0.8397242545292597,13,0.7446852650076609,"Транзит: вход 563 026 KZT, выход 685 500 KZT; отношение 122% к наблюдаемому входу. AML: IN/OUT близко, структ. цикл. Triage 0.74: PR 0.001058, кластер 50 уз.",4,6,563026.0,685500.0,0.0010583909125198223,1.2175281425724567,1,False,False
100000001924185100,terminal,0.75,9,0.46954753005180394,"Конечный в выборке: получил 151 000 KZT в 2 переводах; исходящих переводов 0. Triage 0.47: оборот 151 000 KZT, PageRank 0.000310, кластер 59 уз.",2,0,151000.0,0.0,0.0003102062003581488,0.0,1,False,False
100000004070318100,peripheral,0.5,0,0.5745486407730233,"peripheral: вход 207 247 KZT, выход 551 860 KZT. AML: fan-out, split, структ. цикл. Triage 0.57: PR 0.000314, кластер 277 уз.",4,19,207246.55,551860.0,0.000314071301110488,2.662818753798314,1,False,False
100000005807278100,terminal,0.75,45,0.3969275264353232,"Конечный в выборке: получил 8 385 KZT в 1 переводах; исходящих переводов 0. Triage 0.40: оборот 8 385 KZT, PageRank 0.000293, кластер 6 уз.",1,0,8385.0,0.0,0.0002929561413645915,0.0,1,False,False
100000003377795100,terminal,0.75,6,0.419909440124012,"Конечный в выборке: получил 7 000 KZT в 1 переводах; исходящих переводов 0. Triage 0.42: оборот 7 000 KZT, PageRank 0.000286, кластер 106 уз.",1,0,7000.0,0.0,0.00028597941002827057,0.0,1,False,False
100000004330371100,peripheral,0.5,5,0.5929017864791942,"Периферийный: получил 264 171 KZT, отправил 90 681 KZT; связей вход/выход 2/2. Активен 8 дн. AML-сигналы: структурный цикл. Triage 0.59: оборот 354 852 KZT, PageRank 0.001257, кластер 125 уз.",2,2,264171.0,90681.0,0.0012565029901395425,0.3432662934235779,1,False,False
100000008165763100,transit,0.8812784692784152,2,0.7967849485731706,"Транзит: вход 1 165 815 KZT, выход 1 267 858 KZT; отношение 109% к наблюдаемому входу. AML: fan-in, fan-out, IN/OUT близко. Triage 0.80: PR 0.000909, кластер 148 уз.",15,17,1165815.0,1267858.0,0.0009094510790270663,1.087529324978663,1,False,False
100000001684867100,terminal,0.75,5,0.44693838585566587,"Конечный в выборке: получил 30 550 KZT в 1 переводах; исходящих переводов 0. Triage 0.45: оборот 30 550 KZT, PageRank 0.000289, кластер 125 уз.",1,0,30550.0,0.0,0.0002888592450278991,0.0,1,False,False
100000003900547100,terminal,0.75,5,0.44246587783164054,"Конечный в выборке: получил 23 700 KZT в 1 переводах; исходящих переводов 0. Triage 0.44: оборот 23 700 KZT, PageRank 0.000288, кластер 125 уз.",1,0,23700.0,0.0,0.00028812362094076223,0.0,1,False,False
100000006656003100,peripheral,0.5,1,0.5030427706370043,"Периферийный: получил 20 000 KZT, отправил 9 000 KZT; связей вход/выход 1/1. AML-сигналы: структурный цикл. Triage 0.50: оборот 29 000 KZT, PageRank 0.000290, кластер 270 уз.",1,1,20000.0,9000.0,0.00028976723399063277,0.45,1,False,False
100000008237827100,terminal,0.75,2,0.45302208693047946,"Конечный в выборке: получил 40 001 KZT в 1 переводах; исходящих переводов 0. Triage 0.45: оборот 40 001 KZT, PageRank 0.000294, кластер 148 уз.",1,0,40001.0,0.0,0.00029356641435998804,0.0,1,False,False
100000003014659100,terminal,0.75,9,0.4815619410042189,"Конечный в выборке: получил 280 000 KZT в 1 переводах; исходящих переводов 0. Triage 0.48: оборот 280 000 KZT, PageRank 0.000328, кластер 59 уз.",1,0,280000.0,0.0,0.0003280380591866234,0.0,1,False,False
100000007939160100,peripheral,0.5,43,0.4674002437866227,"Периферийный: получил 795 000 KZT, отправил 14 300 KZT; связей вход/выход 1/2. AML-сигналы: структурный цикл. Triage 0.47: оборот 809 300 KZT, PageRank 0.000664, кластер 6 уз.",1,2,795000.0,14300.0,0.0006640613328910105,0.017987421383647798,1,False,False
100000007274584100,terminal,0.75,2,0.45209763351891225,"Конечный в выборке: получил 38 000 KZT в 1 переводах; исходящих переводов 0. Triage 0.45: оборот 38 000 KZT, PageRank 0.000293, кластер 148 уз.",1,0,38000.0,0.0,0.00029316682738251117,0.0,1,False,False
100000001524952100,terminal,0.75,0,0.47496505663700717,"Конечный в выборке: получил 103 807 KZT в 1 переводах; исходящих переводов 0. Triage 0.47: оборот 103 807 KZT, PageRank 0.000305, кластер 277 уз.",1,0,103807.0,0.0,0.00030501097127433595,0.0,1,False,False
100000003131693100,terminal,0.75,2,0.4956331061444127,"Конечный в выборке: получил 353 277 KZT в 1 переводах; исходящих переводов 0. Triage 0.50: оборот 353 277 KZT, PageRank 0.000356, кластер 148 уз.",1,0,353277.0,0.0,0.0003561256397253317,0.0,1,False,False
100000008383405100,terminal,0.75,23,0.43616604337497367,"Конечный в выборке: получил 25 000 KZT в 2 переводах; исходящих переводов 0. Triage 0.44: оборот 25 000 KZT, PageRank 0.000306, кластер 17 уз.",1,0,25000.0,0.0,0.00030601127190612687,0.0,1,False,False
100000008736173100,terminal,0.75,1,0.4488733863107648,"Конечный в выборке: получил 31 060 KZT в 1 переводах; исходящих переводов 0. Triage 0.45: оборот 31 060 KZT, PageRank 0.000292, кластер 270 уз.",1,0,31060.0,0.0,0.0002920836210361782,0.0,1,False,False
100000002861485100,terminal,0.75,5,0.44621546543902896,"Конечный в выборке: получил 29 323 KZT в 1 переводах; исходящих переводов 0. Triage 0.45: оборот 29 323 KZT, PageRank 0.000289, кластер 125 уз.",1,0,29323.0,0.0,0.00028872747703448056,0.0,1,False,False
100000008745474100,terminal,0.75,1,0.45364563829145704,"Конечный в выборке: получил 40 559 KZT в 1 переводах; исходящих переводов 0. Triage 0.45: оборот 40 559 KZT, PageRank 0.000294, кластер 270 уз.",1,0,40559.0,0.0,0.00029407307497339663,0.0,1,False,False
100000008691330100,terminal,0.75,1,0.4422891061138558,"Конечный в выборке: получил 21 440 KZT в 1 переводах; исходящих переводов 0. Triage 0.44: оборот 21 440 KZT, PageRank 0.000290, кластер 270 уз.",1,0,21440.0,0.0,0.0002900688250707038,0.0,1,False,False
100000007639767100,peripheral,0.5,0,0.5085107735175188,"Периферийный: получил 90 913 KZT, отправил 822 244 KZT; связей вход/выход 4/10. Активен 12 дн. AML-сигналы: структурный цикл. Triage 0.51: оборот 913 157 KZT, PageRank 0.000301, кластер 277 уз.",4,10,90913.0,822244.0,0.0003014092462553967,9.044295095310902,1,False,False
100000002921047100,peripheral,0.5,6,0.5498229215772645,"Периферийный: получил 338 000 KZT, отправил 163 000 KZT; связей вход/выход 2/1. Активен 2 дн. Triage 0.55: оборот 501 000 KZT, PageRank 0.000317, кластер 106 уз.",2,1,338000.0,163000.02,0.0003170131629965233,0.48224857988165676,1,False,False
100000004783447100,terminal,0.75,1,0.44584514765051014,"Конечный в выборке: получил 26 200 KZT в 1 переводах; исходящих переводов 0. Triage 0.45: оборот 26 200 KZT, PageRank 0.000291, кластер 270 уз.",1,0,26200.0,0.0,0.00029106575114093853,0.0,1,False,False
100000008696919100,terminal,0.75,1,0.44937440589253,"Конечный в выборке: получил 31 945 KZT в 1 переводах; исходящих переводов 0. Triage 0.45: оборот 31 945 KZT, PageRank 0.000292, кластер 270 уз.",1,0,31945.0,0.0,0.00029226897388747185,0.0,1,False,False
100000008736940100,consolidator,0.65,42,0.7711227769812655,"Сборщик: вход 451 090 KZT от 3 контрагентов. AML: fan-in, структ. цикл. Triage 0.77: PR 0.002552, кластер 6 уз.",3,3,451090.0,182100.0,0.002552093471269461,0.40368884258130305,1,False,False
100000005940652100,terminal,0.75,10,0.4196665230145378,"Конечный в выборке: получил 8 395 KZT в 1 переводах; исходящих переводов 0. Triage 0.42: оборот 8 395 KZT, PageRank 0.000288, кластер 56 уз.",1,0,8395.0,0.0,0.0002880864432452368,0.0,1,False,False
100000004180097100,peripheral,0.5,0,0.5731536115354326,"Периферийный: получил 104 854 KZT, отправил 47 800 KZT; связей вход/выход 3/3. Активен 6 дн. AML-сигналы: структурный цикл. Triage 0.57: оборот 152 654 KZT, PageRank 0.000854, кластер 277 уз.",3,3,104854.0,47800.0,0.0008544179284775026,0.4558719743643542,1,False,False
100000005539201100,peripheral,0.5,5,0.4898874542297242,"Периферийный: получил 45 504 KZT, отправил 25 000 KZT; связей вход/выход 1/1. Triage 0.49: оборот 70 504 KZT, PageRank 0.000290, кластер 125 уз.",1,1,45504.0,25000.0,0.0002904651607357887,0.5494022503516175,1,False,False
100000005620225100,terminal,0.75,0,0.4615270725711077,"Конечный в выборке: получил 49 846 KZT в 2 переводах; исходящих переводов 0. Triage 0.46: оборот 49 846 KZT, PageRank 0.000296, кластер 277 уз.",2,0,49845.66,0.0,0.00029622071060157897,0.0,1,False,False
100000004388353100,terminal,0.75,9,0.45587733985790946,"Конечный в выборке: получил 62 960 KZT в 2 переводах; исходящих переводов 0. Triage 0.46: оборот 62 960 KZT, PageRank 0.000341, кластер 59 уз.",2,0,62960.0,0.0,0.0003406837391119715,0.0,1,False,False
100000007442518100,peripheral,0.5,30,0.5491047362901397,"peripheral: вход 510 000 KZT, выход 4 419 999 KZT. AML: fan-in, структ. цикл. Triage 0.55: PR 0.000647, кластер 13 уз.",5,9,510000.0,4419999.0,0.0006472014656538779,8.666664705882352,1,False,False
100000000267734100,peripheral,0.5,6,0.582170025588167,"Периферийный: получил 180 000 KZT, отправил 282 000 KZT; связей вход/выход 2/7. Активен 8 дн. AML-сигналы: структурный цикл. Triage 0.58: оборот 462 000 KZT, PageRank 0.000537, кластер 106 уз.",2,7,180000.0,282000.0,0.0005367979515514951,1.5666666666666667,1,False,False
100000001987030100,transit,0.7859906104786645,15,0.5826553743193479,"Транзит: получил 30 864 KZT, отправил 19 000 KZT; исходящий оборот — 62% наблюдаемого входящего. Triage 0.58: оборот 49 864 KZT, PageRank 0.000294, кластер 41 уз.",2,1,30864.0,19000.0,0.0002938634288589486,0.6156039398652151,1,False,False
100000002603478100,terminal,0.75,11,0.4325088346375872,"Конечный в выборке: получил 23 500 KZT в 1 переводах; исходящих переводов 0. Triage 0.43: оборот 23 500 KZT, PageRank 0.000289, кластер 55 уз.",1,0,23500.0,0.0,0.0002894739955619255,0.0,1,False,False
100000001380054100,peripheral,0.5,29,0.5380083633414979,"Периферийный: получил 127 050 KZT, отправил 360 000 KZT; связей вход/выход 2/3. Активен 4 дн. AML-сигналы: структурный цикл. Triage 0.54: оборот 487 050 KZT, PageRank 0.000715, кластер 13 уз.",2,3,127050.0,360000.0,0.0007150439511612147,2.833530106257379,1,False,False
100000002992171100,terminal,0.75,1,0.4355356038178591,"Конечный в выборке: получил 14 627 KZT в 1 переводах; исходящих переводов 0. Triage 0.44: оборот 14 627 KZT, PageRank 0.000289, кластер 270 уз.",1,0,14627.0,0.0,0.0002886419222731178,0.0,1,False,False
100000002781227100,transit,0.8696992362176587,63,0.7918326290792442,"Транзит: вход 191 168 KZT, выход 212 420 KZT; отношение 111% к наблюдаемому входу. AML: IN/OUT близко, структ. цикл. Triage 0.79: PR 0.002386, кластер 3 уз.",2,3,191167.62,212420.0,0.0023861159162638394,1.1111714421092862,1,False,False
100000008745643100,terminal,0.75,1,0.4413333685644591,"Конечный в выборке: получил 20 313 KZT в 1 переводах; исходящих переводов 0. Triage 0.44: оборот 20 313 KZT, PageRank 0.000290, кластер 270 уз.",1,0,20313.0,0.0,0.00028983278816289824,0.0,1,False,False
100000002836736100,terminal,0.75,6,0.5187422059654128,"Конечный в выборке: получил 509 000 KZT в 2 переводах; исходящих переводов 0. Triage 0.52: оборот 509 000 KZT, PageRank 0.000452, кластер 106 уз.",2,0,509000.0,0.0,0.0004515380507658543,0.0,1,False,False
100000004188160100,peripheral,0.5,5,0.5572094709165015,"Периферийный: получил 87 862 KZT, отправил 133 846 KZT; связей вход/выход 2/5. Активен 8 дн. AML-сигналы: структурный цикл. Triage 0.56: оборот 221 708 KZT, PageRank 0.000297, кластер 125 уз.",2,5,87862.0,133846.0,0.0002968200689403144,1.5233661878855478,1,False,False
100000004841728100,terminal,0.75,1,0.45819444620571304,"Конечный в выборке: получил 52 208 KZT в 1 переводах; исходящих переводов 0. Triage 0.46: оборот 52 208 KZT, PageRank 0.000297, кластер 270 уз.",1,0,52208.0,0.0,0.00029651282114822106,0.0,1,False,False
100000001554432100,terminal,0.75,2,0.45843465470624317,"Конечный в выборке: получил 53 920 KZT в 1 переводах; исходящих переводов 0. Triage 0.46: оборот 53 920 KZT, PageRank 0.000296, кластер 148 уз.",1,0,53920.0,0.0,0.0002963459501618376,0.0,1,False,False
100000008768896100,terminal,0.75,1,0.45631960599607563,"Конечный в выборке: получил 47 060 KZT в 1 переводах; исходящих переводов 0. Triage 0.46: оборот 47 060 KZT, PageRank 0.000295, кластер 270 уз.",1,0,47060.0,0.0,0.0002954346330369672,0.0,1,False,False
100000008232832100,peripheral,0.5,10,0.5194513418156513,"Периферийный: получил 337 000 KZT, отправил 138 000 KZT; связей вход/выход 1/1. Triage 0.52: оборот 475 000 KZT, PageRank 0.000493, кластер 56 уз.",1,1,337000.0,138000.0,0.0004932111194040237,0.4094955489614243,1,False,False
100000002864256100,terminal,0.75,2,0.47574809625296133,"Конечный в выборке: получил 135 780 KZT в 1 переводах; исходящих переводов 0. Triage 0.48: оборот 135 780 KZT, PageRank 0.000313, кластер 148 уз.",1,0,135780.0,0.0,0.00031269287168920334,0.0,1,False,False
100000001929088100,terminal,0.75,6,0.49217426219065896,"Конечный в выборке: получил 396 010 KZT в 2 переводах; исходящих переводов 0. Triage 0.49: оборот 396 010 KZT, PageRank 0.000318, кластер 106 уз.",2,0,396010.0,0.0,0.0003175603091814513,0.0,1,False,False
100000002794197100,terminal,0.75,6,0.4454239029427227,"Конечный в выборке: получил 30 100 KZT в 1 переводах; исходящих переводов 0. Triage 0.45: оборот 30 100 KZT, PageRank 0.000287, кластер 106 уз.",1,0,30100.0,0.0,0.00028730251545573,0.0,1,False,False
100000005669845100,terminal,0.75,29,0.4223184945216712,"Конечный в выборке: получил 20 000 KZT в 1 переводах; исходящих переводов 0. Triage 0.42: оборот 20 000 KZT, PageRank 0.000317, кластер 13 уз.",1,0,20000.0,0.0,0.00031744020634656467,0.0,1,False,False
100000002211413100,terminal,0.75,1,0.4519994955119907,"Конечный в выборке: получил 37 000 KZT в 1 переводах; исходящих переводов 0. Triage 0.45: оборот 37 000 KZT, PageRank 0.000293, кластер 270 уз.",1,0,37000.0,0.0,0.0002933276842414711,0.0,1,False,False
100000002784085100,terminal,0.75,7,0.48055486549399873,"Конечный в выборке: получил 200 000 KZT в 1 переводах; исходящих переводов 0. Triage 0.48: оборот 200 000 KZT, PageRank 0.000307, кластер 104 уз.",1,0,200000.0,0.0,0.00030703280911446043,0.0,1,False,False
100000008782421100,terminal,0.75,1,0.45729723803371564,"Конечный в выборке: получил 49 680 KZT в 1 переводах; исходящих переводов 0. Triage 0.46: оборот 49 680 KZT, PageRank 0.000296, кластер 270 уз.",1,0,49680.0,0.0,0.0002959833612520964,0.0,1,False,False
100000003739818100,terminal,0.75,2,0.45954256562000584,"Конечный в выборке: получил 57 293 KZT в 1 переводах; исходящих переводов 0. Triage 0.46: оборот 57 293 KZT, PageRank 0.000297, кластер 148 уз.",1,0,57293.0,0.0,0.0002970195168160253,0.0,1,False,False
100000002214570100,terminal,0.75,1,0.44602799073066984,"Конечный в выборке: получил 26 471 KZT в 1 переводах; исходящих переводов 0. Triage 0.45: оборот 26 471 KZT, PageRank 0.000291, кластер 270 уз.",1,0,26471.0,0.0,0.0002911225089067019,0.0,1,False,False
100000006443391100,transit,0.8076022728178711,7,0.7720969568802797,"Транзит: вход 86 776 KZT, выход 60 042 KZT; отношение 69% к наблюдаемому входу. AML: fan-in, IN/OUT близко, структ. цикл. Triage 0.77: PR 0.002527, кластер 104 уз.",3,2,86775.93,60041.71000000001,0.002526849656927673,0.6919166409394865,1,False,False
100000005473151100,peripheral,0.5,8,0.5402741816728422,"Периферийный: получил 1 220 000 KZT, отправил 225 000 KZT; связей вход/выход 3/4. Активен 4 дн. AML-сигналы: структурный цикл. Triage 0.54: оборот 1 445 000 KZT, PageRank 0.000468, кластер 61 уз.",3,4,1220000.0,225000.0,0.0004681323856031454,0.18442622950819673,1,False,False
100000005124479100,peripheral,0.5,0,0.47069585761919297,"Периферийный: получил 137 753 KZT, отправил 22 000 KZT; связей вход/выход 2/2. Активен 4 дн. Triage 0.47: оборот 159 753 KZT, PageRank 0.000303, кластер 277 уз.",2,2,137753.0,22000.0,0.00030319520381039047,0.15970614070110994,1,False,False
100000005527892100,peripheral,0.5,17,0.5423849717126549,"Периферийный: получил 220 001 KZT, отправил 552 419 KZT; связей вход/выход 3/8. Активен 8 дн. Triage 0.54: оборот 772 420 KZT, PageRank 0.000312, кластер 30 уз.",3,8,220001.0,552419.0,0.0003124046369562344,2.510984040981632,1,False,False
100000008028628100,terminal,0.75,1,0.45985706752469463,"Конечный в выборке: получил 57 224 KZT в 1 переводах; исходящих переводов 0. Triage 0.46: оборот 57 224 KZT, PageRank 0.000298, кластер 270 уз.",1,0,57224.0,0.0,0.0002975633634104684,0.0,1,False,False
100000001953577100,terminal,0.75,1,0.43667082966156867,"Конечный в выборке: получил 15 600 KZT в 1 переводах; исходящих переводов 0. Triage 0.44: оборот 15 600 KZT, PageRank 0.000289, кластер 270 уз.",1,0,15600.0,0.0,0.0002888457056904158,0.0,1,False,False
100000008193577100,peripheral,0.5,42,0.5719416164107977,"Периферийный: получил 154 300 KZT, отправил 480 180 KZT; связей вход/выход 2/5. Активен 14 дн. AML-сигналы: структурный цикл. Triage 0.57: оборот 634 480 KZT, PageRank 0.001304, кластер 6 уз.",2,5,154300.0,480180.0,0.001303654300459302,3.1119896305897603,1,False,False
100000008753193100,terminal,0.75,1,0.45111994644439624,"Конечный в выборке: получил 35 225 KZT в 1 переводах; исходящих переводов 0. Triage 0.45: оборот 35 225 KZT, PageRank 0.000293, кластер 270 уз.",1,0,35225.0,0.0,0.0002929559313476336,0.0,1,False,False
100000008746025100,terminal,0.75,1,0.44274575279671996,"Конечный в выборке: получил 22 000 KZT в 1 переводах; исходящих переводов 0. Triage 0.44: оборот 22 000 KZT, PageRank 0.000290, кластер 270 уз.",1,0,22000.0,0.0,0.0002901861104907314,0.0,1,False,False
100000002934441100,terminal,0.75,0,0.47954363121115084,"Конечный в выборке: получил 60 846 KZT в 2 переводах; исходящих переводов 0. Triage 0.48: оборот 60 846 KZT, PageRank 0.000302, кластер 277 уз.",2,0,60845.6,0.0,0.00030245416744982946,0.0,1,False,False
100000003701161100,consolidator,0.6835321147866463,22,0.7331739876171204,"Сборщик: вход 1 527 103 KZT от 4 контрагентов. AML: fan-in, структ. цикл. Triage 0.73: PR 0.001663, кластер 18 уз.",4,3,1527103.0,349000.0,0.0016630431655982928,0.22853730232996727,1,False,False
100000006707582100,peripheral,0.5,9,0.5212287985768607,"peripheral: вход 39 520 KZT, выход 961 138 KZT. AML: fan-out, структ. цикл. Triage 0.52: PR 0.000538, кластер 59 уз.",2,14,39520.0,961138.0,0.0005377624839818715,24.320293522267207,1,False,False
100000003239379100,terminal,0.75,11,0.457087566299633,"Конечный в выборке: получил 92 500 KZT в 1 переводах; исходящих переводов 0. Triage 0.46: оборот 92 500 KZT, PageRank 0.000301, кластер 55 уз.",1,0,92500.0,0.0,0.00030091192464648926,0.0,1,False,False
100000000979923100,terminal,0.75,9,0.4612752437727477,"Конечный в выборке: получил 97 900 KZT в 1 переводах; исходящих переводов 0. Triage 0.46: оборот 97 900 KZT, PageRank 0.000300, кластер 59 уз.",1,0,97900.0,0.0,0.00030042416141923235,0.0,1,False,False
100000001111763100,terminal,0.75,1,0.4383359297659928,"Конечный в выборке: получил 17 144 KZT в 1 переводах; исходящих переводов 0. Triage 0.44: оборот 17 144 KZT, PageRank 0.000289, кластер 270 уз.",1,0,17144.0,0.0,0.00028916907834849196,0.0,1,False,False
100000003865939100,terminal,0.75,69,0.4425646185735212,"Конечный в выборке: получил 81 465 KZT в 1 переводах; исходящих переводов 0. AML-сигналы: money island. Triage 0.44: оборот 81 465 KZT, PageRank 0.000528, кластер 2 уз.",1,0,81465.0,0.0,0.0005283201676374333,0.0,1,False,False
100000002858835100,terminal,0.75,1,0.44458139733941054,"Конечный в выборке: получил 24 400 KZT в 1 переводах; исходящих переводов 0. Triage 0.44: оборот 24 400 KZT, PageRank 0.000291, кластер 270 уз.",1,0,24400.0,0.0,0.0002906887622908498,0.0,1,False,False
100000003404627100,terminal,0.75,10,0.5814231031876806,"Конечный в выборке: получил 877 700 KZT в 5 переводах; исходящих переводов 0. Активен 2 дн. Triage 0.58: оборот 877 700 KZT, PageRank 0.001375, кластер 56 уз.",4,0,877700.0,0.0,0.0013752661873041234,0.0,1,False,False
100000008691027100,terminal,0.75,1,0.43873306141279206,"Конечный в выборке: получил 17 534 KZT в 1 переводах; исходящих переводов 0. Triage 0.44: оборот 17 534 KZT, PageRank 0.000289, кластер 270 уз.",1,0,17534.0,0.0,0.0002892507592660112,0.0,1,False,False
100000004071080100,consolidator,0.8506590984495618,0,0.7014218116914895,"Сборщик: вход 238 600 KZT от 9 контрагентов. AML: fan-in, структ. цикл. Triage 0.70: PR 0.001369, кластер 277 уз.",9,2,238600.0,46500.0,0.0013694778991872494,0.19488683989941324,1,False,False
100000002864680100,terminal,0.75,11,0.44795203856175697,"Конечный в выборке: получил 55 932 KZT в 1 переводах; исходящих переводов 0. Triage 0.45: оборот 55 932 KZT, PageRank 0.000295, кластер 55 уз.",1,0,55932.0,0.0,0.00029485015376584683,0.0,1,False,False
100000001330685100,consolidator,0.7000000000000001,4,0.6427582695135544,"Сборщик: получил 2 435 923 KZT от 3 контрагентов в 7 переводах; отправил 100 500 KZT. Authority 1.00. AML-сигналы: fan-in. Triage 0.64: оборот 2 536 423 KZT, PageRank 0.000438, кластер 126 уз.",3,1,2435923.0,100500.0,0.0004377992751429829,0.04125746175063826,1,False,False
100000008745725100,terminal,0.75,1,0.45631960599607563,"Конечный в выборке: получил 47 060 KZT в 1 переводах; исходящих переводов 0. Triage 0.46: оборот 47 060 KZT, PageRank 0.000295, кластер 270 уз.",1,0,47060.0,0.0,0.0002954346330369672,0.0,1,False,False
100000002621949100,terminal,0.75,2,0.4795315340195146,"Конечный в выборке: получил 164 612 KZT в 1 переводах; исходящих переводов 0. Triage 0.48: оборот 164 612 KZT, PageRank 0.000318, кластер 148 уз.",1,0,164612.0,0.0,0.0003184504387729684,0.0,1,False,False
100000007908818100,peripheral,0.5,2,0.5641877207684444,"Периферийный: получил 727 475 KZT, отправил 302 000 KZT; связей вход/выход 4/6. Активен 11 дн. Triage 0.56: оборот 1 029 475 KZT, PageRank 0.000475, кластер 148 уз.",4,6,727475.0,302000.0,0.00047499008650048863,0.4151345407058662,1,False,False
100000008691495100,terminal,0.75,1,0.4463796734099662,"Конечный в выборке: получил 27 000 KZT в 1 переводах; исходящих переводов 0. Triage 0.45: оборот 27 000 KZT, PageRank 0.000291, кластер 270 уз.",1,0,27000.0,0.0,0.00029123330174097797,0.0,1,False,False
100000003832231100,terminal,0.75,2,0.45061923889133204,"Конечный в выборке: получил 35 000 KZT в 1 переводах; исходящих переводов 0. Triage 0.45: оборот 35 000 KZT, PageRank 0.000293, кластер 148 уз.",1,0,35000.0,0.0,0.0002925677464567587,0.0,1,False,False
100000002371751100,transit,0.825004546758295,61,0.6707561533393142,"Транзит: вход 200 000 KZT, выход 250 000 KZT; отношение 125% к наблюдаемому входу. AML: IN/OUT близко, island. Triage 0.67: PR 0.000528, кластер 3 уз.",1,1,200000.0,250000.0,0.0005283201676374333,1.25,1,False,False
100000002894076100,terminal,0.75,6,0.5285673555985689,"Конечный в выборке: получил 1 122 782 KZT в 6 переводах; исходящих переводов 0. Активен 3 дн. Triage 0.53: оборот 1 122 782 KZT, PageRank 0.000383, кластер 106 уз.",4,0,1122782.0,0.0,0.0003827625600484334,0.0,1,False,False
100000001362940100,terminal,0.75,2,0.4659309818339689,"Конечный в выборке: получил 81 000 KZT в 1 переводах; исходящих переводов 0. Triage 0.47: оборот 81 000 KZT, PageRank 0.000302, кластер 148 уз.",1,0,81000.0,0.0,0.0003017536539849632,0.0,1,False,False
100000008741372100,terminal,0.75,1,0.45149674128685124,"Конечный в выборке: получил 35 975 KZT в 1 переводах; исходящих переводов 0. Triage 0.45: оборот 35 975 KZT, PageRank 0.000293, кластер 270 уз.",1,0,35975.0,0.0,0.00029311301003517057,0.0,1,False,False
100000002618492100,terminal,0.75,9,0.48483252454555276,"Конечный в выборке: получил 296 500 KZT в 2 переводах; исходящих переводов 0. Triage 0.48: оборот 296 500 KZT, PageRank 0.000369, кластер 59 уз.",2,0,296500.0,0.0,0.0003689268795400275,0.0,1,False,False
100000002750332100,terminal,0.75,7,0.4293261981169807,"Конечный в выборке: получил 11 360 KZT в 1 переводах; исходящих переводов 0. Triage 0.43: оборот 11 360 KZT, PageRank 0.000287, кластер 104 уз.",1,0,11360.0,0.0,0.00028679707550873597,0.0,1,False,False
100000004948177100,consolidator,0.6501600367808357,5,0.5849856913367292,"Сборщик: получил 437 163 KZT от 3 контрагентов в 8 переводах; отправил 0 KZT. AML-сигналы: fan-in. Triage 0.58: оборот 437 163 KZT, PageRank 0.000422, кластер 125 уз.",3,0,437163.0,0.0,0.0004219275795301459,0.0,1,False,False
100000002511825100,terminal,0.75,0,0.46628897545376186,"Конечный в выборке: получил 65 000 KZT в 1 переводах; исходящих переводов 0. Triage 0.47: оборот 65 000 KZT, PageRank 0.000298, кластер 277 уз.",1,0,65000.0,0.0,0.00029774636372222534,0.0,1,False,False
100000008566737100,terminal,0.75,0,0.5057694621413935,"Конечный в выборке: получил 230 000 KZT в 2 переводах; исходящих переводов 0. Triage 0.51: оборот 230 000 KZT, PageRank 0.000349, кластер 277 уз.",2,0,230000.0,0.0,0.00034935357602370183,0.0,1,False,False
100000008661585100,terminal,0.75,1,0.45475422840917457,"Конечный в выборке: получил 43 141 KZT в 1 переводах; исходящих переводов 0. Triage 0.45: оборот 43 141 KZT, PageRank 0.000295, кластер 270 уз.",1,0,43141.0,0.0,0.00029461384453502394,0.0,1,False,False
100000004759121100,consolidator,0.776686709146371,0,0.7597143096661407,"Сборщик: вход 710 000 KZT от 6 контрагентов. AML: fan-in, структ. цикл. Triage 0.76: PR 0.001425, кластер 277 уз.",6,2,710000.0,312000.0,0.0014254505036508606,0.4394366197183099,1,False,False
100000004360785100,terminal,0.75,5,0.4670906108142865,"Конечный в выборке: получил 94 705 KZT в 1 переводах; исходящих переводов 0. Triage 0.47: оборот 94 705 KZT, PageRank 0.000296, кластер 125 уз.",1,0,94705.0,0.0,0.00029574887470822943,0.0,1,False,False
100000005092518100,terminal,0.75,1,0.44580713324797033,"Конечный в выборке: получил 26 144 KZT в 1 переводах; исходящих переводов 0. Triage 0.45: оборот 26 144 KZT, PageRank 0.000291, кластер 270 уз.",1,0,26144.0,0.0,0.00029105402259893575,0.0,1,False,False
100000008737958100,terminal,0.75,1,0.4587642187248118,"Конечный в выборке: получил 53 373 KZT в 2 переводах; исходящих переводов 0. Triage 0.46: оборот 53 373 KZT, PageRank 0.000300, кластер 270 уз.",2,0,53373.0,0.0,0.00029960502162109233,0.0,1,False,False
100000003044518100,terminal,0.75,6,0.4477790092729222,"Конечный в выборке: получил 34 423 KZT в 1 переводах; исходящих переводов 0. Triage 0.45: оборот 34 423 KZT, PageRank 0.000288, кластер 106 уз.",1,0,34423.0,0.0,0.0002875501251857259,0.0,1,False,False
100000004159526100,peripheral,0.5,14,0.5379302925523808,"Периферийный: получил 275 037 KZT, отправил 68 000 KZT; связей вход/выход 4/4. Активен 7 дн. AML-сигналы: структурный цикл. Triage 0.54: оборот 343 037 KZT, PageRank 0.000851, кластер 44 уз.",4,4,275037.0,68000.0,0.0008514697022653789,0.24723946232688693,1,False,False
100000007544358100,transit,0.8748687292771713,5,0.711550720259163,"Транзит: вход 322 500 KZT, выход 350 000 KZT; отношение 109% к наблюдаемому входу. AML: IN/OUT близко. Triage 0.71: PR 0.000341, кластер 125 уз.",2,1,322500.0,350000.0,0.000340500034535958,1.0852713178294573,1,False,False
100000005901606100,terminal,0.75,1,0.4513394291429987,"Конечный в выборке: получил 35 660 KZT в 1 переводах; исходящих переводов 0. Triage 0.45: оборот 35 660 KZT, PageRank 0.000293, кластер 270 уз.",1,0,35660.0,0.0,0.00029304703698640504,0.0,1,False,False
100000006658598100,terminal,0.75,5,0.42548491756694384,"Конечный в выборке: получил 9 000 KZT в 1 переводах; исходящих переводов 0. Triage 0.43: оборот 9 000 KZT, PageRank 0.000287, кластер 125 уз.",1,0,9000.0,0.0,0.0002865449823888044,0.0,1,False,False
100000002793851100,terminal,0.75,5,0.429079829746946,"Конечный в выборке: получил 11 052 KZT в 1 переводах; исходящих переводов 0. Triage 0.43: оборот 11 052 KZT, PageRank 0.000287, кластер 125 уз.",1,0,11052.0,0.0,0.0002867653474438124,0.0,1,False,False
100000005612411100,peripheral,0.5,2,0.5264187018966688,"Периферийный: получил 115 500 KZT, отправил 506 997 KZT; связей вход/выход 3/8. Активен 7 дн. Triage 0.53: оборот 622 497 KZT, PageRank 0.000327, кластер 148 уз.",3,8,115500.0,506997.0,0.0003271651381941354,4.389584415584416,1,False,False
100000007511163100,transit,0.8141273332563397,5,0.6714693578105894,"Транзит: вход 63 666 KZT, выход 82 052 KZT; отношение 129% к наблюдаемому входу. AML: IN/OUT близко, структ. цикл. Triage 0.67: PR 0.000339, кластер 125 уз.",2,3,63666.0,82052.0,0.0003394970144885161,1.2887883642760658,1,False,False
100000002648315100,peripheral,0.5,6,0.5223372483033242,"Периферийный: получил 132 000 KZT, отправил 76 000 KZT; связей вход/выход 1/2. Активен 4 дн. Triage 0.52: оборот 208 000 KZT, PageRank 0.000293, кластер 106 уз.",1,2,132000.0,76000.0,0.00029313907143227154,0.5757575757575758,1,False,False
100000004739664100,transit,0.8500318272888221,1,0.6076143474833522,"Транзит: получил 12 000 KZT, отправил 10 000 KZT; исходящий оборот — 83% наблюдаемого входящего. Triage 0.61: оборот 22 000 KZT, PageRank 0.000288, кластер 270 уз.",1,1,12000.0,10000.0,0.00028809172799023827,0.8333333333333334,1,False,False
100000003713616100,terminal,0.75,5,0.43544626851581164,"Конечный в выборке: получил 15 893 KZT в 1 переводах; исходящих переводов 0. Triage 0.44: оборот 15 893 KZT, PageRank 0.000287, кластер 125 уз.",1,0,15893.0,0.0,0.00028728522426218166,0.0,1,False,False
100000003476560100,terminal,0.75,2,0.4570605528032135,"Конечный в выборке: получил 50 000 KZT в 1 переводах; исходящих переводов 0. Triage 0.46: оборот 50 000 KZT, PageRank 0.000296, кластер 148 уз.",1,0,50000.0,0.0,0.00029556315108552104,0.0,1,False,False
100000008782800100,terminal,0.75,1,0.454853979941247,"Конечный в выборке: получил 43 381 KZT в 1 переводах; исходящих переводов 0. Triage 0.45: оборот 43 381 KZT, PageRank 0.000295, кластер 270 уз.",1,0,43381.0,0.0,0.00029466410971503576,0.0,1,False,False
100000004218576100,terminal,0.75,1,0.44580713324797033,"Конечный в выборке: получил 26 144 KZT в 1 переводах; исходящих переводов 0. Triage 0.45: оборот 26 144 KZT, PageRank 0.000291, кластер 270 уз.",1,0,26144.0,0.0,0.00029105402259893575,0.0,1,False,False
100000003299365100,transit,0.8999999999999999,2,0.7245779075028828,"Транзит: вход 200 000 KZT, выход 200 000 KZT; отношение 100% к наблюдаемому входу. AML: IN/OUT близко, структ. цикл. Triage 0.72: PR 0.000326, кластер 148 уз.",1,1,200000.0,200000.0,0.00032551719737314457,1.0,1,False,False
100000008730021100,terminal,0.75,15,0.47164976762795896,"Конечный в выборке: получил 75 555 KZT в 3 переводах; исходящих переводов 0. Triage 0.47: оборот 75 555 KZT, PageRank 0.000468, кластер 41 уз.",1,0,75555.0,0.0,0.0004678205356404131,0.0,1,False,False
100000002757797100,terminal,0.75,11,0.45852148289743155,"Конечный в выборке: получил 100 000 KZT в 1 переводах; исходящих переводов 0. Triage 0.46: оборот 100 000 KZT, PageRank 0.000302, кластер 55 уз.",1,0,100000.0,0.0,0.0003021551778078549,0.0,1,False,False
100000002845605100,terminal,0.75,0,0.46407314895851226,"Конечный в выборке: получил 57 567 KZT в 1 переводах; исходящих переводов 0. Triage 0.46: оборот 57 567 KZT, PageRank 0.000296, кластер 277 уз.",1,0,57567.0,0.0,0.0002963549181599599,0.0,1,False,False
100000000817146100,terminal,0.75,5,0.4793354165823477,"Конечный в выборке: получил 70 020 KZT в 1 переводах; исходящих переводов 0. Triage 0.48: оборот 70 020 KZT, PageRank 0.000589, кластер 125 уз.",1,0,70020.0,0.0,0.0005888270122250251,0.0,1,False,False
100000002957306100,terminal,0.75,9,0.48974569173922766,"Конечный в выборке: получил 398 490 KZT в 2 переводах; исходящих переводов 0. Triage 0.49: оборот 398 490 KZT, PageRank 0.000355, кластер 59 уз.",2,0,398490.0,0.0,0.00035508744232658527,0.0,1,False,False
100000008188026100,peripheral,0.5,15,0.4820285408918102,"Периферийный: получил 86 468 KZT, отправил 337 983 KZT; связей вход/выход 2/4. Triage 0.48: оборот 424 451 KZT, PageRank 0.000299, кластер 41 уз.",2,4,86468.0,337983.17,0.00029929611861023535,3.9087659018365173,1,False,False
100000004790991100,terminal,0.75,5,0.48421560895702587,"Конечный в выборке: получил 239 413 KZT в 4 переводах; исходящих переводов 0. Triage 0.48: оборот 239 413 KZT, PageRank 0.000311, кластер 125 уз.",1,0,239413.0,0.0,0.00031128912148215584,0.0,1,False,False
100000002973903100,terminal,0.75,11,0.4581113421541676,"Конечный в выборке: получил 92 880 KZT в 3 переводах; исходящих переводов 0. Triage 0.46: оборот 92 880 KZT, PageRank 0.000317, кластер 55 уз.",3,0,92880.0,0.0,0.0003168324436904948,0.0,1,False,False
100000004325327100,transit,0.8974210205868142,0,0.6845598824233355,"Транзит: вход 70 817 KZT, выход 70 000 KZT; отношение 99% к наблюдаемому входу. AML: IN/OUT близко. Triage 0.68: PR 0.000296, кластер 277 уз.",2,1,70817.0,70000.0,0.0002957778465460726,0.988463222107686,1,False,False
100000001477796100,terminal,0.75,2,0.48155362408632574,"Конечный в выборке: получил 182 000 KZT в 1 переводах; исходящих переводов 0. Triage 0.48: оборот 182 000 KZT, PageRank 0.000331, кластер 148 уз.",1,0,182000.0,0.0,0.0003306200035299913,0.0,1,False,False
100000007536804100,peripheral,0.5,6,0.5212755439707571,"Периферийный: получил 100 000 KZT, отправил 55 000 KZT; связей вход/выход 1/2. Активен 3 дн. Triage 0.52: оборот 155 000 KZT, PageRank 0.000291, кластер 106 уз.",1,2,100000.0,55000.0,0.0002913061981128473,0.55,1,False,False
100000008665380100,peripheral,0.5,0,0.4838462965539609,"Периферийный: получил 69 100 KZT, отправил 18 200 KZT; связей вход/выход 2/1. Активен 3 дн. Triage 0.48: оборот 87 300 KZT, PageRank 0.000291, кластер 277 уз.",2,1,69100.0,18200.0,0.0002907736627240998,0.2633863965267728,1,False,False
100000001870116100,terminal,0.75,1,0.4442881421168396,"Конечный в выборке: получил 24 000 KZT в 1 переводах; исходящих переводов 0. Triage 0.44: оборот 24 000 KZT, PageRank 0.000291, кластер 270 уз.",1,0,24000.0,0.0,0.00029060498699083,0.0,1,False,False
100000001074553100,terminal,0.75,7,0.4458136241655298,"Конечный в выборке: получил 28 971 KZT в 2 переводах; исходящих переводов 0. Triage 0.45: оборот 28 971 KZT, PageRank 0.000290, кластер 104 уз.",2,0,28971.0,0.0,0.0002895034764879995,0.0,1,False,False
100000000978041100,terminal,0.75,1,0.45528986326761817,"Конечный в выборке: получил 44 445 KZT в 1 переводах; исходящих переводов 0. Triage 0.46: оборот 44 445 KZT, PageRank 0.000295, кластер 270 уз.",1,0,44445.0,0.0,0.00029488695201308827,0.0,1,False,False
100000002603769100,terminal,0.75,0,0.5321933501273317,"Конечный в выборке: получил 1 185 368 KZT в 3 переводах; исходящих переводов 0. Triage 0.53: оборот 1 185 368 KZT, PageRank 0.000541, кластер 277 уз.",3,0,1185368.0,0.0,0.000541099200504816,0.0,1,False,False
100000005034574100,terminal,0.75,65,0.4794388368502067,"Конечный в выборке: получил 258 816 KZT в 16 переводах; исходящих переводов 0. Активен 5 дн. AML-сигналы: money island. Triage 0.48: оборот 258 816 KZT, PageRank 0.000425, кластер 3 уз.",1,0,258816.0,0.0,0.00042493784283002833,0.0,1,False,False
100000002958286100,terminal,0.75,7,0.48529370994819687,"Конечный в выборке: получил 257 000 KZT в 1 переводах; исходящих переводов 0. Triage 0.49: оборот 257 000 KZT, PageRank 0.000313, кластер 104 уз.",1,0,257000.0,0.0,0.00031314729605003236,0.0,1,False,False
100000005634552100,peripheral,0.5,0,0.48134203718458696,"Периферийный: получил 25 850 KZT, отправил 1 196 000 KZT; связей вход/выход 1/3. Triage 0.48: оборот 1 221 850 KZT, PageRank 0.000288, кластер 277 уз.",1,3,25850.0,1196000.0,0.00028835451025278333,46.2669245647969,1,False,False
100000008736760100,terminal,0.75,1,0.4590576712892392,"Конечный в выборке: получил 54 757 KZT в 1 переводах; исходящих переводов 0. Triage 0.46: оборот 54 757 KZT, PageRank 0.000297, кластер 270 уз.",1,0,54757.0,0.0,0.0002970466792475968,0.0,1,False,False
100000008701944100,terminal,0.75,15,0.4539925910660598,"Конечный в выборке: получил 52 124 KZT в 1 переводах; исходящих переводов 0. Triage 0.45: оборот 52 124 KZT, PageRank 0.000411, кластер 41 уз.",1,0,52124.0,0.0,0.0004113039071751346,0.0,1,False,False
100000008748408100,distributor,0.8125258692899118,6,0.6665774407336736,"Распределитель: отправил 1 499 960 KZT в 22 переводах 21 получателям. Активен 6 дн. AML-сигналы: fan-out. Triage 0.67: оборот 1 859 960 KZT, PageRank 0.000334, кластер 106 уз.",1,21,360000.0,1499960.0,0.0003340088538263571,4.166555555555555,1,False,False
100000008486520100,peripheral,0.5,5,0.4704175978666761,"Периферийный: получил 35 720 KZT, отправил 14 000 KZT; связей вход/выход 1/1. Triage 0.47: оборот 49 720 KZT, PageRank 0.000289, кластер 125 уз.",1,1,35720.0,14000.0,0.00028941445328052644,0.3919372900335946,1,False,False
100000003163256100,transit,0.8667369156040116,5,0.6194682303805483,"Транзит: получил 13 485 KZT, отправил 15 000 KZT; исходящий оборот — 111% наблюдаемого входящего. Triage 0.62: оборот 28 485 KZT, PageRank 0.000287, кластер 125 уз.",1,1,13485.0,15000.0,0.0002870266282327181,1.1123470522803114,1,False,False
100000003102157100,terminal,0.75,0,0.48782302433009295,"Конечный в выборке: получил 96 746 KZT в 2 переводах; исходящих переводов 0. Triage 0.49: оборот 96 746 KZT, PageRank 0.000304, кластер 277 уз.",1,0,96746.0,0.0,0.00030368916350961687,0.0,1,False,False
100000004741837100,terminal,0.75,5,0.4438204289600921,"Конечный в выборке: получил 25 596 KZT в 1 переводах; исходящих переводов 0. Triage 0.44: оборот 25 596 KZT, PageRank 0.000288, кластер 125 уз.",1,0,25596.0,0.0,0.0002883272330968515,0.0,1,False,False
100000008443341100,transit,0.7728955600743185,11,0.6603837998876276,"Транзит: вход 34 500 KZT, выход 50 000 KZT; отношение 145% к наблюдаемому входу. AML: IN/OUT близко, структ. цикл. Triage 0.66: PR 0.000668, кластер 55 уз.",2,3,34500.0,50000.0,0.0006680538146791418,1.4492753623188406,1,False,False
100000004792397100,terminal,0.75,1,0.4644310747141439,"Конечный в выборке: получил 73 520 KZT в 1 переводах; исходящих переводов 0. Triage 0.46: оборот 73 520 KZT, PageRank 0.000301, кластер 270 уз.",1,0,73520.0,0.0,0.000300976369133272,0.0,1,False,False
100000003809101100,peripheral,0.5,9,0.5123336495573335,"Периферийный: получил 166 050 KZT, отправил 55 200 KZT; связей вход/выход 2/2. Активен 5 дн. AML-сигналы: структурный цикл. Triage 0.51: оборот 221 250 KZT, PageRank 0.000362, кластер 59 уз.",2,2,166050.0,55200.0,0.000361875278718873,0.3324299909665763,1,False,False
100000002838861100,peripheral,0.5,7,0.5740455187287643,"Периферийный: получил 554 524 KZT, отправил 10 000 KZT; связей вход/выход 5/1. AML-сигналы: структурный цикл. Triage 0.57: оборот 564 524 KZT, PageRank 0.002240, кластер 104 уз.",5,1,554523.95,10000.0,0.0022395024699147265,0.018033486200190272,1,False,False
100000008560717100,consolidator,0.8166814820718526,4,0.6038560138800477,"Сборщик: получил 529 000 KZT от 7 контрагентов в 9 переводах; отправил 25 000 KZT. Authority 0.67. AML-сигналы: fan-in. Triage 0.60: оборот 554 000 KZT, PageRank 0.000331, кластер 126 уз.",7,1,529000.0,25000.0,0.00033073144057526287,0.04725897920604915,1,False,False
100000008693069100,terminal,0.75,1,0.44105865237313036,"Конечный в выборке: получил 20 000 KZT в 1 переводах; исходящих переводов 0. Triage 0.44: оборот 20 000 KZT, PageRank 0.000290, кластер 270 уз.",1,0,20000.0,0.0,0.00028976723399063277,0.0,1,False,False
100000008672162100,terminal,0.75,1,0.4366142224738096,"Конечный в выборке: получил 15 550 KZT в 1 переводах; исходящих переводов 0. Triage 0.44: оборот 15 550 KZT, PageRank 0.000289, кластер 270 уз.",1,0,15550.0,0.0,0.00028883523377791335,0.0,1,False,False
100000007311010100,peripheral,0.5,2,0.4633129119472746,"Периферийный: получил 64 480 KZT, отправил 20 000 KZT; связей вход/выход 2/1. Triage 0.46: оборот 84 480 KZT, PageRank 0.000309, кластер 148 уз.",2,1,64480.0,20000.0,0.0003093121093363131,0.31017369727047145,1,False,False
100000005505655100,transit,0.7876069768349926,25,0.6095031501554817,"Транзит: вход 33 070 KZT, выход 20 000 KZT; отношение 60% к наблюдаемому входу. AML: IN/OUT близко, структ. цикл. Triage 0.61: PR 0.000321, кластер 15 уз.",2,1,33070.0,20000.0,0.00032143463518967945,0.6047777441790142,1,False,False
100000004707703100,transit,0.8941057398458362,5,0.7338964344807481,"Транзит: вход 239 300 KZT, выход 231 650 KZT; отношение 97% к наблюдаемому входу. AML: IN/OUT близко. Triage 0.73: PR 0.000635, кластер 125 уз.",2,5,239300.0,231650.0,0.0006350694608196143,0.9680317592979524,1,False,False
100000004005964100,transit,0.8206332992849846,24,0.6557341326399179,"Транзит: вход 97 900 KZT, выход 72 000 KZT; отношение 74% к наблюдаемому входу. AML: fan-in, IN/OUT близко, структ. цикл. Triage 0.66: PR 0.000404, кластер 17 уз.",3,3,97900.0,72000.0,0.0004042601061251292,0.7354443309499489,1,False,False
100000008244300100,terminal,0.75,4,0.4726932966581893,"Конечный в выборке: получил 65 430 KZT в 6 переводах; исходящих переводов 0. Triage 0.47: оборот 65 430 KZT, PageRank 0.000479, кластер 126 уз.",5,0,65430.0,0.0,0.00047905597380194385,0.0,1,False,False
100000002692044100,terminal,0.75,11,0.45796056653567535,"Конечный в выборке: получил 97 000 KZT в 1 переводах; исходящих переводов 0. Triage 0.46: оборот 97 000 KZT, PageRank 0.000302, кластер 55 уз.",1,0,97000.0,0.0,0.00030165787654330863,0.0,1,False,False
100000001103905100,terminal,0.75,1,0.4391962999499635,"Конечный в выборке: получил 18 000 KZT в 1 переводах; исходящих переводов 0. Triage 0.44: оборот 18 000 KZT, PageRank 0.000289, кластер 270 уз.",1,0,18000.0,0.0,0.00028934835749053417,0.0,1,False,False
100000008755361100,terminal,0.75,1,0.4355356038178591,"Конечный в выборке: получил 14 627 KZT в 1 переводах; исходящих переводов 0. Triage 0.44: оборот 14 627 KZT, PageRank 0.000289, кластер 270 уз.",1,0,14627.0,0.0,0.0002886419222731178,0.0,1,False,False
100000002810870100,terminal,0.75,1,0.45031684855686516,"Конечный в выборке: получил 33 677 KZT в 1 переводах; исходящих переводов 0. Triage 0.45: оборот 33 677 KZT, PageRank 0.000293, кластер 270 уз.",1,0,33677.0,0.0,0.00029263172093655726,0.0,1,False,False
100000005897462100,terminal,0.75,9,0.4613694668157114,"Конечный в выборке: получил 98 400 KZT в 1 переводах; исходящих переводов 0. Triage 0.46: оборот 98 400 KZT, PageRank 0.000300, кластер 59 уз.",1,0,98400.0,0.0,0.00030049998211601267,0.0,1,False,False
100000000941942100,terminal,0.75,2,0.4749041802840445,"Конечный в выборке: получил 130 000 KZT в 1 переводах; исходящих переводов 0. Triage 0.47: оборот 130 000 KZT, PageRank 0.000312, кластер 148 уз.",1,0,130000.0,0.0,0.00031153864243892024,0.0,1,False,False
100000008723830100,transit,0.8973280132043657,5,0.7180673986580589,"Транзит: вход 459 785 KZT, выход 455 000 KZT; отношение 99% к наблюдаемому входу. AML: IN/OUT близко. Triage 0.72: PR 0.000340, кластер 125 уз.",2,1,459785.0,455000.0,0.0003401712674011423,0.9895929619278576,1,False,False
100000008776576100,terminal,0.75,1,0.4357010815225014,"Конечный в выборке: получил 14 765 KZT в 1 переводах; исходящих переводов 0. Triage 0.44: оборот 14 765 KZT, PageRank 0.000289, кластер 270 уз.",1,0,14765.0,0.0,0.0002886708247516246,0.0,1,False,False
100000005432267100,terminal,0.75,2,0.508541148129888,"Конечный в выборке: получил 350 001 KZT в 2 переводах; исходящих переводов 0. Triage 0.51: оборот 350 001 KZT, PageRank 0.000342, кластер 148 уз.",2,0,350001.0,0.0,0.0003421979646681408,0.0,1,False,False
100000006745291100,terminal,0.75,9,0.4581323061461943,"Конечный в выборке: получил 82 534 KZT в 1 переводах; исходящих переводов 0. Triage 0.46: оборот 82 534 KZT, PageRank 0.000298, кластер 59 уз.",1,0,82534.0,0.0,0.0002980940397657797,0.0,1,False,False
100000008670667100,terminal,0.75,1,0.43659607015377044,"Конечный в выборке: получил 15 534 KZT в 1 переводах; исходящих переводов 0. Triage 0.44: оборот 15 534 KZT, PageRank 0.000289, кластер 270 уз.",1,0,15534.0,0.0,0.00028883188276591253,0.0,1,False,False
100000002480800100,terminal,0.75,2,0.5347925227893264,"Конечный в выборке: получил 569 251 KZT в 2 переводах; исходящих переводов 0. Triage 0.53: оборот 569 251 KZT, PageRank 0.000640, кластер 148 уз.",2,0,569251.0,0.0,0.0006404316843655895,0.0,1,False,False
100000002182176100,terminal,0.75,0,0.45856776415700384,"Конечный в выборке: получил 42 465 KZT в 1 переводах; исходящих переводов 0. Triage 0.46: оборот 42 465 KZT, PageRank 0.000294, кластер 277 уз.",1,0,42465.0,0.0,0.00029352784821763054,0.0,1,False,False
100000008219168100,terminal,0.75,6,0.4554351686686959,"Конечный в выборке: получил 53 200 KZT в 2 переводах; исходящих переводов 0. Triage 0.46: оборот 53 200 KZT, PageRank 0.000289, кластер 106 уз.",1,0,53200.0,0.0,0.00028862562088318935,0.0,1,False,False
100000004226848100,terminal,0.75,2,0.49213183038564173,"Конечный в выборке: получил 301 866 KZT в 1 переводах; исходящих переводов 0. Triage 0.49: оборот 301 866 KZT, PageRank 0.000346, кластер 148 уз.",1,0,301866.0,0.0,0.0003458591899007116,0.0,1,False,False
100000006326645100,terminal,0.75,1,0.4451990305860203,"Конечный в выборке: получил 25 264 KZT в 1 переводах; исходящих переводов 0. Triage 0.45: оборот 25 264 KZT, PageRank 0.000291, кластер 270 уз.",1,0,25264.0,0.0,0.0002908697169388924,0.0,1,False,False
100000003589877100,peripheral,0.5,10,0.5477869798630093,"Периферийный: получил 176 000 KZT, отправил 416 129 KZT; связей вход/выход 2/6. Активен 4 дн. Triage 0.55: оборот 592 129 KZT, PageRank 0.000307, кластер 56 уз.",2,6,176000.0,416129.0,0.0003069596269491041,2.364369318181818,1,False,False
100000003942602100,transit,0.8999999999999999,1,0.6882718351334287,"Транзит: вход 30 000 KZT, выход 30 000 KZT; отношение 100% к наблюдаемому входу. AML: IN/OUT близко, структ. цикл. Triage 0.69: PR 0.000292, кластер 270 уз.",1,1,30000.0,30000.0,0.0002918616164911259,1.0,1,False,False
100000000922570100,transit,0.881539970634646,11,0.6369242408271545,"Транзит: получил 47 101 KZT, отправил 50 000 KZT; исходящий оборот — 106% наблюдаемого входящего. Triage 0.64: оборот 97 101 KZT, PageRank 0.000293, кластер 55 уз.",1,1,47101.0,50000.0,0.00029338626461011087,1.0615485870788306,1,False,False
100000005079754100,peripheral,0.5,2,0.5355260030408521,"Периферийный: получил 70 000 KZT, отправил 122 000 KZT; связей вход/выход 1/2. Активен 3 дн. Triage 0.54: оборот 192 000 KZT, PageRank 0.000300, кластер 148 уз.",1,2,70000.0,122000.0,0.00029955702392387085,1.7428571428571429,1,False,False
100000003187359100,terminal,0.75,1,0.44021851980589183,"Конечный в выборке: получил 19 072 KZT в 1 переводах; исходящих переводов 0. Triage 0.44: оборот 19 072 KZT, PageRank 0.000290, кластер 270 уз.",1,0,19072.0,0.0,0.000289572875294587,0.0,1,False,False
100000000998559100,terminal,0.75,2,0.4698861131091318,"Конечный в выборке: получил 100 000 KZT в 1 переводах; исходящих переводов 0. Triage 0.47: оборот 100 000 KZT, PageRank 0.000306, кластер 148 уз.",1,0,100000.0,0.0,0.00030554783318139555,0.0,1,False,False
100000008690932100,terminal,0.75,1,0.4435334447767173,"Конечный в выборке: получил 23 000 KZT в 1 переводах; исходящих переводов 0. Triage 0.44: оборот 23 000 KZT, PageRank 0.000290, кластер 270 уз.",1,0,23000.0,0.0,0.0002903955487407807,0.0,1,False,False
100000008773876100,terminal,0.75,1,0.4457908168893495,"Конечный в выборке: получил 26 120 KZT в 1 переводах; исходящих переводов 0. Triage 0.45: оборот 26 120 KZT, PageRank 0.000291, кластер 270 уз.",1,0,26120.0,0.0,0.0002910489960809346,0.0,1,False,False
100000006789108100,terminal,0.75,9,0.4438903690419279,"Конечный в выборке: получил 37 500 KZT в 1 переводах; исходящих переводов 0. Triage 0.44: оборот 37 500 KZT, PageRank 0.000291, кластер 59 уз.",1,0,37500.0,0.0,0.0002912650212481702,0.0,1,False,False
100000004058740100,terminal,0.75,1,0.44825458229027115,"Конечный в выборке: получил 30 000 KZT в 1 переводах; исходящих переводов 0. Triage 0.45: оборот 30 000 KZT, PageRank 0.000292, кластер 270 уз.",1,0,30000.0,0.0,0.0002918616164911259,0.0,1,False,False
100000007641801100,terminal,0.75,6,0.47903302700034095,"Конечный в выборке: получил 200 000 KZT в 1 переводах; исходящих переводов 0. Triage 0.48: оборот 200 000 KZT, PageRank 0.000297, кластер 106 уз.",1,0,200000.0,0.0,0.0002970339272360481,0.0,1,False,False
100000000555721100,terminal,0.75,0,0.48444544127161604,"Конечный в выборке: получил 113 000 KZT в 3 переводах; исходящих переводов 0. Triage 0.48: оборот 113 000 KZT, PageRank 0.000308, кластер 277 уз.",2,0,113000.0,0.0,0.0003080447824930386,0.0,1,False,False
100000008729801100,terminal,0.75,1,0.43873306141279206,"Конечный в выборке: получил 17 534 KZT в 1 переводах; исходящих переводов 0. Triage 0.44: оборот 17 534 KZT, PageRank 0.000289, кластер 270 уз.",1,0,17534.0,0.0,0.0002892507592660112,0.0,1,False,False
100000004664905100,terminal,0.75,5,0.4957587357570109,"Конечный в выборке: получил 329 020 KZT в 4 переводах; исходящих переводов 0. Triage 0.50: оборот 329 020 KZT, PageRank 0.000412, кластер 125 уз.",2,0,329020.0,0.0,0.0004116158666660926,0.0,1,False,False
100000003057225100,terminal,0.75,5,0.4839427691489491,"Конечный в выборке: получил 236 000 KZT в 1 переводах; исходящих переводов 0. Triage 0.48: оборот 236 000 KZT, PageRank 0.000311, кластер 125 уз.",1,0,236000.0,0.0,0.00031092259812311965,0.0,1,False,False
100000000703902100,terminal,0.75,1,0.44536343290075947,"Конечный в выборке: получил 25 499 KZT в 1 переводах; исходящих переводов 0. Triage 0.45: оборот 25 499 KZT, PageRank 0.000291, кластер 270 уз.",1,0,25499.0,0.0,0.00029091893492765394,0.0,1,False,False
100000008720798100,terminal,0.75,1,0.43659607015377044,"Конечный в выборке: получил 15 534 KZT в 1 переводах; исходящих переводов 0. Triage 0.44: оборот 15 534 KZT, PageRank 0.000289, кластер 270 уз.",1,0,15534.0,0.0,0.00028883188276591253,0.0,1,False,False
100000001411870100,terminal,0.75,6,0.5302516968982579,"Конечный в выборке: получил 900 000 KZT в 4 переводах; исходящих переводов 0. Активен 2 дн. Triage 0.53: оборот 900 000 KZT, PageRank 0.000478, кластер 106 уз.",2,0,900000.0,0.0,0.00047778984183429634,0.0,1,False,False
100000008556318100,terminal,0.75,2,0.49542106937806535,"Конечный в выборке: получил 180 132 KZT в 2 переводах; исходящих переводов 0. Triage 0.50: оборот 180 132 KZT, PageRank 0.000560, кластер 148 уз.",2,0,180132.0,0.0,0.0005601482498826711,0.0,1,False,False
100000002720627100,terminal,0.75,9,0.47476399171078637,"Конечный в выборке: получил 199 300 KZT в 1 переводах; исходящих переводов 0. Triage 0.47: оборот 199 300 KZT, PageRank 0.000316, кластер 59 уз.",1,0,199300.0,0.0,0.0003158005987262804,0.0,1,False,False
100000003022835100,terminal,0.75,2,0.47414642694153925,"Конечный в выборке: получил 125 000 KZT в 1 переводах; исходящих переводов 0. Triage 0.47: оборот 125 000 KZT, PageRank 0.000311, кластер 148 уз.",1,0,125000.0,0.0,0.0003105401742293328,0.0,1,False,False
100000008304115100,terminal,0.75,11,0.4462933504537471,"Конечный в выборке: получил 51 000 KZT в 1 переводах; исходящих переводов 0. Triage 0.45: оборот 51 000 KZT, PageRank 0.000294, кластер 55 уз.",1,0,51000.0,0.0,0.0002940325904869328,0.0,1,False,False
100000003886323100,peripheral,0.5,5,0.5477380509160104,"Периферийный: получил 78 168 KZT, отправил 7 650 KZT; связей вход/выход 2/1. Активен 6 дн. AML-сигналы: структурный цикл. Triage 0.55: оборот 85 818 KZT, PageRank 0.001907, кластер 125 уз.",2,1,78168.0,7650.0,0.0019068722870571935,0.09786613447958244,1,False,False
100000000607731100,peripheral,0.5,29,0.442669305680853,"Периферийный: получил 20 000 KZT, отправил 66 666 KZT; связей вход/выход 1/1. Triage 0.44: оборот 86 666 KZT, PageRank 0.000317, кластер 13 уз.",1,1,20000.0,66666.0,0.00031744020634656467,3.3333,1,False,False
100000005961971100,terminal,0.75,1,0.45643151465019377,"Конечный в выборке: получил 47 353 KZT в 1 переводах; исходящих переводов 0. Triage 0.46: оборот 47 353 KZT, PageRank 0.000295, кластер 270 уз.",1,0,47353.0,0.0,0.00029549599844423165,0.0,1,False,False
100000000440392100,terminal,0.75,5,0.4690792394781787,"Конечный в выборке: получил 105 705 KZT в 4 переводах; исходящих переводов 0. Triage 0.47: оборот 105 705 KZT, PageRank 0.000297, кластер 125 уз.",1,0,105705.0,0.0,0.00029693016886275575,0.0,1,False,False
100000004105288100,terminal,0.75,2,0.4924000772126603,"Конечный в выборке: получил 215 000 KZT в 2 переводах; исходящих переводов 0. Triage 0.49: оборот 215 000 KZT, PageRank 0.000463, кластер 148 уз.",2,0,215000.0,0.0,0.0004628046393525651,0.0,1,False,False
100000008169544100,peripheral,0.5,5,0.5025669674999432,"Периферийный: получил 137 104 KZT, отправил 42 800 KZT; связей вход/выход 1/4. Активен 7 дн. AML-сигналы: структурный цикл. Triage 0.50: оборот 179 904 KZT, PageRank 0.000300, кластер 125 уз.",1,4,137104.0,42800.0,0.0003003021193316622,0.31217178200490137,1,False,False
100000004186824100,peripheral,0.5,5,0.47055246096512293,"Периферийный: получил 451 700 KZT, отправил 7 000 KZT; связей вход/выход 2/1. Активен 7 дн. Triage 0.47: оборот 458 700 KZT, PageRank 0.000382, кластер 125 уз.",2,1,451700.0,7000.0,0.00038181671421642774,0.015497011290679655,1,False,False
100000008672200100,terminal,0.75,1,0.42601637785155244,"Конечный в выборке: получил 8 511 KZT в 1 переводах; исходящих переводов 0. Triage 0.43: оборот 8 511 KZT, PageRank 0.000287, кластер 270 уз.",1,0,8511.0,0.0,0.00028736099793581624,0.0,1,False,False
100000002188829100,terminal,0.75,2,0.49848871736374606,"Конечный в выборке: получил 400 000 KZT в 1 переводах; исходящих переводов 0. Triage 0.50: оборот 400 000 KZT, PageRank 0.000365, кластер 148 уз.",1,0,400000.0,0.0,0.00036545592575664256,0.0,1,False,False
100000008717341100,terminal,0.75,1,0.4355356038178591,"Конечный в выборке: получил 14 627 KZT в 1 переводах; исходящих переводов 0. Triage 0.44: оборот 14 627 KZT, PageRank 0.000289, кластер 270 уз.",1,0,14627.0,0.0,0.0002886419222731178,0.0,1,False,False
100000002214301100,peripheral,0.5,0,0.4571350341886907,"Периферийный: получил 21 438 KZT, отправил 8 000 KZT; связей вход/выход 1/1. Triage 0.46: оборот 29 438 KZT, PageRank 0.000290, кластер 277 уз.",1,1,21438.0,8000.0,0.0002895916278708315,0.373169138912212,1,False,False
100000002565277100,terminal,0.75,2,0.5030179004444728,"Конечный в выборке: получил 483 319 KZT в 1 переводах; исходящих переводов 0. Triage 0.50: оборот 483 319 KZT, PageRank 0.000382, кластер 148 уз.",1,0,483319.0,0.0,0.0003820942003075659,0.0,1,False,False
100000005546031100,peripheral,0.5,48,0.46222403332211587,"Периферийный: получил 66 800 KZT, отправил 8 000 KZT; связей вход/выход 3/1. Активен 4 дн. AML-сигналы: структурный цикл. Triage 0.46: оборот 74 800 KZT, PageRank 0.000712, кластер 6 уз.",3,1,66800.0,8000.0,0.0007118839942451773,0.11976047904191617,1,False,False
100000003449074100,terminal,0.75,0,0.43292197679446787,"Конечный в выборке: получил 10 000 KZT в 1 переводах; исходящих переводов 0. Triage 0.43: оборот 10 000 KZT, PageRank 0.000287, кластер 277 уз.",1,0,10000.0,0.0,0.00028745045279465867,0.0,1,False,False
100000008748914100,distributor,0.7625000000000001,2,0.7054734436415249,"Распределитель: выход 4 471 847 KZT к 13 получателям. AML: fan-out, структ. цикл. Triage 0.71: PR 0.000790, кластер 148 уз.",2,13,180000.0,4471847.0,0.0007902126319517448,24.843594444444445,1,False,False
100000004744306100,transit,0.8009002402711229,20,0.6413567595121705,"Транзит: получил 69 000 KZT, отправил 92 000 KZT; исходящий оборот — 133% наблюдаемого входящего. Активен 4 дн. Triage 0.64: оборот 161 000 KZT, PageRank 0.000460, кластер 26 уз.",1,2,69000.0,92000.0,0.0004604968144934242,1.3333333333333333,1,False,False
100000003158727100,terminal,0.75,6,0.498490522434057,"Конечный в выборке: получил 367 940 KZT в 3 переводах; исходящих переводов 0. Triage 0.50: оборот 367 940 KZT, PageRank 0.000314, кластер 106 уз.",3,0,367940.0,0.0,0.00031414304939882305,0.0,1,False,False
100000001389255100,terminal,0.75,1,0.437266633872016,"Конечный в выборке: получил 16 136 KZT в 1 переводах; исходящих переводов 0. Triage 0.44: оборот 16 136 KZT, PageRank 0.000289, кластер 270 уз.",1,0,16136.0,0.0,0.0002889579645924422,0.0,1,False,False
100000008695495100,terminal,0.75,1,0.44192199546188904,"Конечный в выборке: получил 21 000 KZT в 1 переводах; исходящих переводов 0. Triage 0.44: оборот 21 000 KZT, PageRank 0.000290, кластер 270 уз.",1,0,21000.0,0.0,0.0002899766722406821,0.0,1,False,False
100000004015047100,consolidator,0.8500068959643949,6,0.7524413120384196,"Сборщик: вход 919 104 KZT от 9 контрагентов. AML: fan-in, структ. цикл. Triage 0.75: PR 0.002269, кластер 106 уз.",9,1,919104.0,69195.0,0.0022691865901610956,0.07528527783580531,1,False,False
100000005183943100,terminal,0.75,43,0.4984780742577603,"Конечный в выборке: получил 680 900 KZT в 9 переводах; исходящих переводов 0. Triage 0.50: оборот 680 900 KZT, PageRank 0.000610, кластер 6 уз.",1,0,680900.0,0.0,0.0006097407105373682,0.0,1,False,False
100000003004487100,transit,0.7716348407677376,31,0.6574168363238269,"Транзит: вход 183 703 KZT, выход 265 015 KZT; отношение 144% к наблюдаемому входу. AML: fan-in, IN/OUT близко, структ. цикл. Triage 0.66: PR 0.000351, кластер 11 уз.",4,2,183702.8,265015.0,0.0003506614489251743,1.4426290726107605,1,False,False
100000003042994100,terminal,0.75,5,0.4876284805774435,"Конечный в выборке: получил 286 086 KZT в 3 переводах; исходящих переводов 0. Triage 0.49: оборот 286 086 KZT, PageRank 0.000316, кластер 125 уз.",1,0,286086.0,0.0,0.0003163013525798109,0.0,1,False,False
100000001899164100,peripheral,0.5,11,0.5294484311565955,"Периферийный: получил 291 675 KZT, отправил 76 500 KZT; связей вход/выход 4/3. AML-сигналы: структурный цикл. Triage 0.53: оборот 368 175 KZT, PageRank 0.001173, кластер 55 уз.",4,3,291675.0,76500.0,0.0011726331326061255,0.2622782206222679,1,False,False
100000003946524100,transit,0.8780856230840735,2,0.6707632892330184,"Транзит: получил 133 757 KZT, отправил 144 750 KZT; исходящий оборот — 108% наблюдаемого входящего. AML-сигналы: структурный цикл. Triage 0.67: оборот 278 507 KZT, PageRank 0.000326, кластер 148 уз.",2,2,133757.0,144750.0,0.0003259832973067592,1.0821863528637754,1,False,False
100000008717340100,terminal,0.75,1,0.45405739397954703,"Конечный в выборке: получил 41 500 KZT в 1 переводах; исходящих переводов 0. Triage 0.45: оборот 41 500 KZT, PageRank 0.000294, кластер 270 уз.",1,0,41500.0,0.0,0.00029427015636669304,0.0,1,False,False
100000003831324100,terminal,0.75,6,0.48718857116628217,"Конечный в выборке: получил 300 000 KZT в 2 переводах; исходящих переводов 0. Triage 0.49: оборот 300 000 KZT, PageRank 0.000315, кластер 106 уз.",2,0,300000.0,0.0,0.0003151711927542308,0.0,1,False,False
100000008129393100,terminal,0.75,53,0.3971672113838293,"Конечный в выборке: получил 10 000 KZT в 1 переводах; исходящих переводов 0. AML-сигналы: money island. Triage 0.40: оборот 10 000 KZT, PageRank 0.000312, кластер 5 уз.",1,0,10000.0,0.0,0.00031167776244581504,0.0,1,False,False
100000004388209100,terminal,0.75,1,0.4317550778797252,"Конечный в выборке: получил 11 800 KZT в 1 переводах; исходящих переводов 0. Triage 0.43: оборот 11 800 KZT, PageRank 0.000288, кластер 270 уз.",1,0,11800.0,0.0,0.0002880498403402284,0.0,1,False,False
100000000706545100,consolidator,0.6503407377441625,5,0.7204622343557449,"Сборщик: получил 1 070 300 KZT от 3 контрагентов в 8 переводах; отправил 75 800 KZT. AML-сигналы: fan-in, структурный цикл. Triage 0.72: оборот 1 146 100 KZT, PageRank 0.003432, кластер 125 уз.",3,1,1070300.0,75800.0,0.003432079815916619,0.07082126506586939,1,False,False
100000004497606100,terminal,0.75,1,0.43659607015377044,"Конечный в выборке: получил 15 534 KZT в 1 переводах; исходящих переводов 0. Triage 0.44: оборот 15 534 KZT, PageRank 0.000289, кластер 270 уз.",1,0,15534.0,0.0,0.00028883188276591253,0.0,1,False,False
100000008470470100,terminal,0.75,1,0.4502477734099296,"Конечный в выборке: получил 33 547 KZT в 1 переводах; исходящих переводов 0. Triage 0.45: оборот 33 547 KZT, PageRank 0.000293, кластер 270 уз.",1,0,33547.0,0.0,0.00029260449396405083,0.0,1,False,False
100000004318918100,terminal,0.75,9,0.45652729707774403,"Конечный в выборке: получил 75 600 KZT в 1 переводах; исходящих переводов 0. Triage 0.46: оборот 75 600 KZT, PageRank 0.000297, кластер 59 уз.",1,0,75600.0,0.0,0.00029704255834283027,0.0,1,False,False
100000005228059100,terminal,0.75,1,0.4457090137221338,"Конечный в выборке: получил 26 000 KZT в 1 переводах; исходящих переводов 0. Triage 0.45: оборот 26 000 KZT, PageRank 0.000291, кластер 270 уз.",1,0,26000.0,0.0,0.00029102386349092867,0.0,1,False,False
100000001609499100,peripheral,0.5,0,0.48193411413760395,"Периферийный: получил 263 113 KZT, отправил 21 000 KZT; связей вход/выход 3/2. Активен 5 дн. AML-сигналы: структурный цикл. Triage 0.48: оборот 284 113 KZT, PageRank 0.000321, кластер 277 уз.",3,2,263113.0,21000.0,0.0003208420325251866,0.07981361620292422,1,False,False
100000002824176100,terminal,0.75,6,0.47578404928856727,"Конечный в выборке: получил 144 000 KZT в 1 переводах; исходящих переводов 0. Triage 0.48: оборот 144 000 KZT, PageRank 0.000339, кластер 106 уз.",1,0,144000.0,0.0,0.0003385330327197277,0.0,1,False,False
100000001363952100,peripheral,0.5,3,0.5354832823920267,"Периферийный: получил 196 655 KZT, отправил 91 000 KZT; связей вход/выход 2/1. Активен 3 дн. Triage 0.54: оборот 287 655 KZT, PageRank 0.000307, кластер 126 уз.",2,1,196655.0,91000.0,0.0003070615962478555,0.4627393150441128,1,False,False
100000001049200100,peripheral,0.5,18,0.503710855852114,"Периферийный: получил 76 624 KZT, отправил 36 000 KZT; связей вход/выход 2/4. Активен 6 дн. AML-сигналы: структурный цикл. Triage 0.50: оборот 112 624 KZT, PageRank 0.000298, кластер 30 уз.",2,4,76624.0,36000.0,0.0002982790562839172,0.46982668615577367,1,False,False
100000002662768100,terminal,0.75,2,0.46668271123502486,"Конечный в выборке: получил 84 300 KZT в 1 переводах; исходящих переводов 0. Triage 0.47: оборот 84 300 KZT, PageRank 0.000306, кластер 148 уз.",1,0,84300.0,0.0,0.0003064411138344326,0.0,1,False,False
100000004737477100,transit,0.845410586512106,0,0.6606496125330705,"Транзит: вход 49 598 KZT, выход 40 500 KZT; отношение 82% к наблюдаемому входу. AML: IN/OUT близко. Triage 0.66: PR 0.000292, кластер 277 уз.",2,1,49598.0,40500.0,0.00029231305450655556,0.8165651840800032,1,False,False
100000008680451100,terminal,0.75,1,0.44394037897483013,"Конечный в выборке: получил 23 534 KZT в 1 переводах; исходящих переводов 0. Triage 0.44: оборот 23 534 KZT, PageRank 0.000291, кластер 270 уз.",1,0,23534.0,0.0,0.0002905073887663071,0.0,1,False,False
100000001952325100,terminal,0.75,1,0.4654922590985639,"Конечный в выборке: получил 77 888 KZT в 2 переводах; исходящих переводов 0. Triage 0.47: оборот 77 888 KZT, PageRank 0.000302, кластер 270 уз.",1,0,77888.0,0.0,0.0003018911954094874,0.0,1,False,False
100000008751429100,peripheral,0.5,42,0.5657974224287032,"Периферийный: получил 386 200 KZT, отправил 72 600 KZT; связей вход/выход 3/1. Активен 5 дн. AML-сигналы: структурный цикл. Triage 0.57: оборот 458 800 KZT, PageRank 0.001586, кластер 6 уз.",3,1,386200.0,72600.0,0.001585680864245912,0.1879854997410668,1,False,False
100000001960517100,terminal,0.75,6,0.48274432270031703,"Конечный в выборке: получил 200 000 KZT в 1 переводах; исходящих переводов 0. Triage 0.48: оборот 200 000 KZT, PageRank 0.000359, кластер 106 уз.",1,0,200000.0,0.0,0.00035912647417031486,0.0,1,False,False
100000008686234100,terminal,0.75,0,0.45739240115251106,"Конечный в выборке: получил 39 778 KZT в 1 переводах; исходящих переводов 0. Triage 0.46: оборот 39 778 KZT, PageRank 0.000293, кластер 277 уз.",1,0,39778.0,0.0,0.0002930248461692238,0.0,1,False,False
100000004213658100,terminal,0.75,1,0.4452572669865007,"Конечный в выборке: получил 25 347 KZT в 1 переводах; исходящих переводов 0. Triage 0.45: оборот 25 347 KZT, PageRank 0.000291, кластер 270 уз.",1,0,25347.0,0.0,0.0002908871003136465,0.0,1,False,False
100000001194266100,terminal,0.75,2,0.4570605528032135,"Конечный в выборке: получил 50 000 KZT в 1 переводах; исходящих переводов 0. Triage 0.46: оборот 50 000 KZT, PageRank 0.000296, кластер 148 уз.",1,0,50000.0,0.0,0.00029556315108552104,0.0,1,False,False
100000002243354100,terminal,0.75,1,0.4418197113541537,"Конечный в выборке: получил 20 879 KZT в 1 переводах; исходящих переводов 0. Triage 0.44: оборот 20 879 KZT, PageRank 0.000290, кластер 270 уз.",1,0,20879.0,0.0,0.00028995133021242613,0.0,1,False,False
100000006069103100,transit,0.8473390310708218,54,0.7198824224711289,"Транзит: вход 228 818 KZT, выход 270 000 KZT; отношение 118% к наблюдаемому входу. AML: IN/OUT близко, структ. цикл. Triage 0.72: PR 0.001149, кластер 4 уз.",3,3,228818.0,270000.0,0.0011488651850284093,1.1799770997036947,1,False,False
100000002760175100,terminal,0.75,9,0.4735632304547266,"Конечный в выборке: получил 187 410 KZT в 1 переводах; исходящих переводов 0. Triage 0.47: оборот 187 410 KZT, PageRank 0.000314, кластер 59 уз.",1,0,187410.0,0.0,0.0003139975825568445,0.0,1,False,False
100000003567087100,terminal,0.75,1,0.4613485581122885,"Конечный в выборке: получил 62 115 KZT в 1 переводах; исходящих переводов 0. Triage 0.46: оборот 62 115 KZT, PageRank 0.000299, кластер 270 уз.",1,0,62115.0,0.0,0.00029858772589145963,0.0,1,False,False
100000008229700100,peripheral,0.5,11,0.4327949313348929,"Периферийный: получил 23 500 KZT, отправил 7 200 KZT; связей вход/выход 1/1. Triage 0.43: оборот 30 700 KZT, PageRank 0.000289, кластер 55 уз.",1,1,23500.0,7200.0,0.0002894739955619255,0.30638297872340425,1,False,False
100000004076740100,transit,0.8070832605503963,34,0.6761560936144709,"Транзит: вход 93 250 KZT, выход 125 000 KZT; отношение 134% к наблюдаемому входу. AML: IN/OUT близко, структ. цикл. Triage 0.68: PR 0.000740, кластер 10 уз.",3,6,93250.0,125000.0,0.0007403543618328634,1.3404825737265416,1,False,False
100000003284932100,terminal,0.75,2,0.4632035782265658,"Конечный в выборке: получил 69 925 KZT в 1 переводах; исходящих переводов 0. Triage 0.46: оборот 69 925 KZT, PageRank 0.000300, кластер 148 уз.",1,0,69925.0,0.0,0.00029954204690072704,0.0,1,False,False
100000008071620100,terminal,0.75,0,0.4603847769413172,"Конечный в выборке: получил 46 968 KZT в 1 переводах; исходящих переводов 0. Triage 0.46: оборот 46 968 KZT, PageRank 0.000294, кластер 277 уз.",1,0,46968.0,0.0,0.0002943708025250275,0.0,1,False,False
100000003235780100,terminal,0.75,0,0.4658731030835555,"Конечный в выборке: получил 65 000 KZT в 2 переводах; исходящих переводов 0. Triage 0.47: оборот 65 000 KZT, PageRank 0.000291, кластер 277 уз.",2,0,65000.0,0.0,0.00029119795901987294,0.0,1,False,False
100000005363908100,transit,0.8999999999999999,48,0.6555221802207597,"Транзит: вход 19 500 KZT, выход 19 500 KZT; отношение 100% к наблюдаемому входу. AML: IN/OUT близко. Triage 0.66: PR 0.000338, кластер 6 уз.",1,1,19500.0,19500.0,0.00033846632511961124,1.0,1,False,False
100000001851289100,terminal,0.75,5,0.4853807397020435,"Конечный в выборке: получил 109 510 KZT в 3 переводах; исходящих переводов 0. Triage 0.49: оборот 109 510 KZT, PageRank 0.000297, кластер 125 уз.",1,0,109510.0,0.0,0.00029733878924984415,0.0,1,False,False
100000002870937100,terminal,0.75,6,0.46344288331989647,"Конечный в выборке: получил 83 700 KZT в 1 переводах; исходящих переводов 0. Triage 0.46: оборот 83 700 KZT, PageRank 0.000290, кластер 106 уз.",1,0,83700.0,0.0,0.00029037257826576557,0.0,1,False,False
100000002152857100,peripheral,0.5,27,0.49223456270835886,"Периферийный: получил 105 000 KZT, отправил 1 230 000 KZT; связей вход/выход 1/5. Активен 5 дн. Triage 0.49: оборот 1 335 000 KZT, PageRank 0.000300, кластер 15 уз.",1,5,105000.0,1230000.0,0.0002997039979003538,11.714285714285714,1,False,False
100000002600345100,terminal,0.75,5,0.45675985112781164,"Конечный в выборке: получил 52 400 KZT в 2 переводах; исходящих переводов 0. Triage 0.46: оборот 52 400 KZT, PageRank 0.000296, кластер 125 уз.",2,0,52400.0,0.0,0.00029571420672322223,0.0,1,False,False
100000002580377100,peripheral,0.5,5,0.4406816479642615,"Периферийный: получил 37 750 KZT, отправил 5 000 KZT; связей вход/выход 1/1. Активен 3 дн. Triage 0.44: оборот 42 750 KZT, PageRank 0.000290, кластер 125 уз.",1,1,37750.0,5000.0,0.0002896324557472254,0.13245033112582782,1,False,False
100000004094958100,transit,0.8923122390659873,48,0.6676711633350461,"Транзит: вход 39 000 KZT, выход 40 000 KZT; отношение 103% к наблюдаемому входу. AML: IN/OUT близко. Triage 0.67: PR 0.000391, кластер 6 уз.",1,1,39000.0,40000.0,0.00039135418124957596,1.0256410256410255,1,False,False
100000002609774100,peripheral,0.5,8,0.43316485171091373,"Периферийный: получил 7 700 KZT, отправил 27 500 KZT; связей вход/выход 1/1. Triage 0.43: оборот 35 200 KZT, PageRank 0.000286, кластер 61 уз.",1,1,7700.0,27500.0,0.00028640537489781493,3.5714285714285716,1,False,False
100000002596035100,terminal,0.75,9,0.4777285987649515,"Конечный в выборке: получил 231 570 KZT в 1 переводах; исходящих переводов 0. Triage 0.48: оборот 231 570 KZT, PageRank 0.000321, кластер 59 уз.",1,0,231570.0,0.0,0.000320694066496482,0.0,1,False,False
100000004664515100,terminal,0.75,0,0.4564250416680238,"Конечный в выборке: получил 37 691 KZT в 1 переводах; исходящих переводов 0. Triage 0.46: оборот 37 691 KZT, PageRank 0.000293, кластер 277 уз.",1,0,37691.0,0.0,0.00029263416314911775,0.0,1,False,False
100000000661912100,transit,0.8797795957316439,0,0.8162020236321814,"Транзит: вход 393 036 KZT, выход 430 700 KZT; отношение 110% к наблюдаемому входу. AML: fan-in, IN/OUT близко, структ. цикл. Triage 0.82: PR 0.001803, кластер 277 уз.",5,2,393036.0,430700.0,0.001802871457096618,1.0958283719557496,1,False,False
100000004144536100,terminal,0.75,24,0.5053993235814995,"Конечный в выборке: получил 168 000 KZT в 6 переводах; исходящих переводов 0. Triage 0.51: оборот 168 000 KZT, PageRank 0.000967, кластер 17 уз.",4,0,168000.0,0.0,0.0009672230243982311,0.0,1,False,False
100000006177176100,terminal,0.75,5,0.42531103918460594,"Конечный в выборке: получил 8 911 KZT в 1 переводах; исходящих переводов 0. Triage 0.43: оборот 8 911 KZT, PageRank 0.000287, кластер 125 уз.",1,0,8911.0,0.0,0.0002865354246451905,0.0,1,False,False
100000002158488100,terminal,0.75,1,0.4492500136668404,"Конечный в выборке: получил 31 723 KZT в 1 переводах; исходящих переводов 0. Triage 0.45: оборот 31 723 KZT, PageRank 0.000292, кластер 270 уз.",1,0,31723.0,0.0,0.0002922224785959609,0.0,1,False,False
100000000041368100,terminal,0.75,2,0.4789679051874391,"Конечный в выборке: получил 160 000 KZT в 1 переводах; исходящих переводов 0. Triage 0.48: оборот 160 000 KZT, PageRank 0.000318, кластер 148 уз.",1,0,160000.0,0.0,0.00031752945169644494,0.0,1,False,False
100000008722328100,terminal,0.75,1,0.4440478107637563,"Конечный в выборке: получил 23 677 KZT в 1 переводах; исходящих переводов 0. Triage 0.44: оборот 23 677 KZT, PageRank 0.000291, кластер 270 уз.",1,0,23677.0,0.0,0.0002905373384360641,0.0,1,False,False
100000008735384100,terminal,0.75,1,0.45304343444352135,"Конечный в выборке: получил 39 220 KZT в 1 переводах; исходящих переводов 0. Triage 0.45: оборот 39 220 KZT, PageRank 0.000294, кластер 270 уз.",1,0,39220.0,0.0,0.0002937926371565806,0.0,1,False,False
100000004480280100,peripheral,0.5,2,0.5428539682179804,"Периферийный: получил 146 694 KZT, отправил 295 850 KZT; связей вход/выход 1/2. Активен 7 дн. Triage 0.54: оборот 442 544 KZT, PageRank 0.000315, кластер 148 уз.",1,2,146694.0,295850.0,0.00031487232809709084,2.0167832358515003,1,False,False
100000004286573100,terminal,0.75,11,0.426368318899359,"Конечный в выборке: получил 16 590 KZT в 1 переводах; исходящих переводов 0. Triage 0.43: оборот 16 590 KZT, PageRank 0.000288, кластер 55 уз.",1,0,16590.0,0.0,0.0002883285449825873,0.0,1,False,False
100000001746925100,peripheral,0.5,2,0.4291822326070076,"Периферийный: получил 65 250 KZT, отправил 5 000 KZT; связей вход/выход 1/1. Triage 0.43: оборот 70 250 KZT, PageRank 0.000299, кластер 148 уз.",1,1,65250.0,5000.0,0.00029860847912476277,0.07662835249042145,1,False,False
100000001660397100,transit,0.9024953784726254,0,0.6952574735059731,"Транзит: вход 48 600 KZT, выход 49 000 KZT; отношение 101% к наблюдаемому входу. AML: IN/OUT близко, структ. цикл. Triage 0.70: PR 0.000295, кластер 277 уз.",2,3,48600.0,49000.0,0.0002951378653457955,1.008230452674897,1,False,False
100000002591469100,terminal,0.75,6,0.4820175376640943,"Конечный в выборке: получил 235 670 KZT в 1 переводах; исходящих переводов 0. Triage 0.48: оборот 235 670 KZT, PageRank 0.000299, кластер 106 уз.",1,0,235670.0,0.0,0.0002990770082142938,0.0,1,False,False
100000002731501100,transit,0.7614129775055657,24,0.6910186928247621,"Транзит: вход 570 370 KZT, выход 833 960 KZT; отношение 146% к наблюдаемому входу. AML: fan-in, IN/OUT близко, структ. цикл. Triage 0.69: PR 0.000485, кластер 17 уз.",3,7,570370.0,833960.0,0.000485203759483245,1.4621386117783193,1,False,False
100000000089154100,peripheral,0.5,0,0.4995768305531656,"peripheral: вход 10 000 KZT, выход 425 500 KZT. AML: fan-out, split, структ. цикл. Triage 0.50: PR 0.000287, кластер 277 уз.",1,15,10000.0,425500.0,0.00028745045279465867,42.55,1,False,False
100000008732098100,terminal,0.75,1,0.4367576547949422,"Конечный в выборке: получил 15 677 KZT в 1 переводах; исходящих переводов 0. Triage 0.44: оборот 15 677 KZT, PageRank 0.000289, кластер 270 уз.",1,0,15677.0,0.0,0.0002888618324356696,0.0,1,False,False
100000005456919100,peripheral,0.5,42,0.5264768083819354,"Периферийный: получил 479 950 KZT, отправил 5 000 KZT; связей вход/выход 2/1. Активен 7 дн. AML-сигналы: структурный цикл. Triage 0.53: оборот 484 950 KZT, PageRank 0.001440, кластер 6 уз.",2,1,479950.0,5000.0,0.0014404547599299509,0.010417751849150954,1,False,False
100000000507799100,peripheral,0.5,38,0.4589425673799648,"Периферийный: получил 5 132 KZT, отправил 8 000 KZT; связей вход/выход 1/1. Активен 2 дн. Triage 0.46: оборот 13 132 KZT, PageRank 0.000286, кластер 7 уз.",1,1,5132.0,8000.0,0.0002861295964079219,1.558846453624318,1,False,False
100000008716439100,terminal,0.75,1,0.43243774075360647,"Конечный в выборке: получил 12 267 KZT в 1 переводах; исходящих переводов 0. Triage 0.43: оборот 12 267 KZT, PageRank 0.000288, кластер 270 уз.",1,0,12267.0,0.0,0.00028814764800300145,0.0,1,False,False
100000002981527100,terminal,0.75,7,0.47730891962700994,"Конечный в выборке: получил 168 000 KZT в 1 переводах; исходящих переводов 0. Triage 0.48: оборот 168 000 KZT, PageRank 0.000304, кластер 104 уз.",1,0,168000.0,0.0,0.0003036001146944902,0.0,1,False,False
100000002844652100,terminal,0.75,6,0.4579517131562686,"Конечный в выборке: получил 61 360 KZT в 1 переводах; исходящих переводов 0. Triage 0.46: оборот 61 360 KZT, PageRank 0.000289, кластер 106 уз.",1,0,61360.0,0.0,0.00028909300357964253,0.0,1,False,False
100000002605548100,terminal,0.75,9,0.4651606801831874,"Конечный в выборке: получил 116 695 KZT в 2 переводах; исходящих переводов 0. Triage 0.47: оборот 116 695 KZT, PageRank 0.000314, кластер 59 уз.",2,0,116695.0,0.0,0.0003143098676612607,0.0,1,False,False
100000002750956100,terminal,0.75,0,0.4605562389587806,"Конечный в выборке: получил 47 416 KZT в 1 переводах; исходящих переводов 0. Triage 0.46: оборот 47 416 KZT, PageRank 0.000294, кластер 277 уз.",1,0,47416.0,0.0,0.00029445466739949205,0.0,1,False,False
100000002982252100,terminal,0.75,1,0.441339464564341,"Конечный в выборке: получил 20 320 KZT в 1 переводах; исходящих переводов 0. Triage 0.44: оборот 20 320 KZT, PageRank 0.000290, кластер 270 уз.",1,0,20320.0,0.0,0.00028983425423064857,0.0,1,False,False
100000000961900100,terminal,0.75,0,0.45570455375009294,"Конечный в выборке: получил 36 000 KZT в 3 переводах; исходящих переводов 0. Triage 0.46: оборот 36 000 KZT, PageRank 0.000294, кластер 277 уз.",2,0,36000.0,0.0,0.0002943101162619195,0.0,1,False,False
100000007175718100,terminal,0.75,45,0.41269710879729327,"Конечный в выборке: получил 20 000 KZT в 1 переводах; исходящих переводов 0. Triage 0.41: оборот 20 000 KZT, PageRank 0.000303, кластер 6 уз.",1,0,20000.0,0.0,0.0003031757793651861,0.0,1,False,False
100000002306369100,peripheral,0.5,2,0.5005887206685257,"Периферийный: получил 73 166 KZT, отправил 260 900 KZT; связей вход/выход 1/6. Активен 5 дн. AML-сигналы: структурный цикл. Triage 0.50: оборот 334 066 KZT, PageRank 0.000299, кластер 148 уз.",1,6,73166.0,260900.0,0.00029927502569739825,3.5658639258672062,1,False,False
100000000667713100,transit,0.8007821530686487,5,0.6594632803830216,"Транзит: вход 119 495 KZT, выход 79 236 KZT; отношение 66% к наблюдаемому входу. AML: IN/OUT близко, структ. цикл. Triage 0.66: PR 0.000320, кластер 125 уз.",2,6,119495.0,79236.0,0.00032006902980667934,0.663090505878907,1,False,False
100000001072022100,terminal,0.75,2,0.5612506524437131,"Конечный в выборке: получил 1 684 000 KZT в 6 переводах; исходящих переводов 0. Активен 3 дн. Triage 0.56: оборот 1 684 000 KZT, PageRank 0.000502, кластер 148 уз.",3,0,1684000.0,0.0,0.0005015810552967732,0.0,1,False,False
100000008116374100,terminal,0.75,5,0.44735724202200705,"Конечный в выборке: получил 31 284 KZT в 1 переводах; исходящих переводов 0. Triage 0.45: оборот 31 284 KZT, PageRank 0.000289, кластер 125 уз.",1,0,31284.0,0.0,0.00028893806956511927,0.0,1,False,False
100000000703894100,peripheral,0.5,29,0.4612254619142861,"Периферийный: получил 120 000 KZT, отправил 35 000 KZT; связей вход/выход 1/1. Triage 0.46: оборот 155 000 KZT, PageRank 0.000477, кластер 13 уз.",1,1,120000.0,35000.0,0.00047674889313115544,0.2916666666666667,1,False,False
100000008066326100,terminal,0.75,0,0.44452879409247975,"Конечный в выборке: получил 19 320 KZT в 1 переводах; исходящих переводов 0. Triage 0.44: оборот 19 320 KZT, PageRank 0.000289, кластер 277 уз.",1,0,19320.0,0.0,0.00028919514170093,0.0,1,False,False
100000004662806100,peripheral,0.5,11,0.5244411157449901,"Периферийный: получил 106 585 KZT, отправил 59 900 KZT; связей вход/выход 2/2. Активен 4 дн. Triage 0.52: оборот 166 485 KZT, PageRank 0.000305, кластер 55 уз.",2,2,106585.0,59900.0,0.00030543335539263825,0.5619927757189098,1,False,False
100000005778283100,terminal,0.75,6,0.507035150174205,"Конечный в выборке: получил 615 760 KZT в 3 переводах; исходящих переводов 0. Triage 0.51: оборот 615 760 KZT, PageRank 0.000437, кластер 106 уз.",3,0,615760.0,0.0,0.00043733670403893596,0.0,1,False,False
100000004408683100,terminal,0.75,5,0.47550225286777736,"Конечный в выборке: получил 112 920 KZT в 3 переводах; исходящих переводов 0. Triage 0.48: оборот 112 920 KZT, PageRank 0.000385, кластер 125 уз.",2,0,112919.68,0.0,0.0003851491024516326,0.0,1,False,False
100000002704875100,terminal,0.75,3,0.4880072995523141,"Конечный в выборке: получил 244 891 KZT в 4 переводах; исходящих переводов 0. Triage 0.49: оборот 244 891 KZT, PageRank 0.000315, кластер 126 уз.",3,0,244891.0,0.0,0.0003150122796290938,0.0,1,False,False
100000008349675100,transit,0.8363545037660337,6,0.6565413563260927,"Транзит: вход 46 520 KZT, выход 36 650 KZT; отношение 79% к наблюдаемому входу. AML: IN/OUT близко. Triage 0.66: PR 0.000288, кластер 106 уз.",1,1,46520.0,36650.0,0.0002882430085777595,0.7878331900257953,1,False,False
100000006889963100,peripheral,0.5,4,0.5831313925122499,"Периферийный: получил 1 431 000 KZT, отправил 443 476 KZT; связей вход/выход 4/1. Активен 3 дн. Triage 0.58: оборот 1 874 476 KZT, PageRank 0.000427, кластер 126 уз.",4,1,1431000.0,443475.8,0.000426978899500549,0.30990621942697416,1,False,False
100000008771819100,terminal,0.75,1,0.45289655866493367,"Конечный в выборке: получил 38 900 KZT в 1 переводах; исходящих переводов 0. Triage 0.45: оборот 38 900 KZT, PageRank 0.000294, кластер 270 уз.",1,0,38900.0,0.0,0.0002937256169165648,0.0,1,False,False
100000008586731100,terminal,0.75,11,0.4206747853893798,"Конечный в выборке: получил 12 000 KZT в 1 переводах; исходящих переводов 0. Triage 0.42: оборот 12 000 KZT, PageRank 0.000288, кластер 55 уз.",1,0,12000.0,0.0,0.0002875676740478315,0.0,1,False,False
100000005844459100,terminal,0.75,0,0.4920609453096616,"Конечный в выборке: получил 243 400 KZT в 2 переводах; исходящих переводов 0. Triage 0.49: оборот 243 400 KZT, PageRank 0.000338, кластер 277 уз.",2,0,243400.0,0.0,0.00033795502889980385,0.0,1,False,False
100000008172352100,peripheral,0.5,32,0.5074401695642974,"Периферийный: получил 90 265 KZT, отправил 289 510 KZT; связей вход/выход 3/7. Активен 6 дн. Triage 0.51: оборот 379 775 KZT, PageRank 0.000375, кластер 10 уз.",3,7,90265.0,289510.0,0.0003751356381906431,3.207333961114496,1,False,False
100000001162560100,peripheral,0.5,7,0.5305047024014787,"Периферийный: получил 331 300 KZT, отправил 2 904 398 KZT; связей вход/выход 1/12. Активен 9 дн. Triage 0.53: оборот 3 235 698 KZT, PageRank 0.000321, кластер 104 уз.",1,12,331300.0,2904398.0,0.0003211175834064007,8.76667069121642,1,False,False
100000008779584100,terminal,0.75,1,0.4490675001088882,"Конечный в выборке: получил 31 400 KZT в 1 переводах; исходящих переводов 0. Triage 0.45: оборот 31 400 KZT, PageRank 0.000292, кластер 270 уз.",1,0,31400.0,0.0,0.00029215483004119494,0.0,1,False,False
100000007631637100,terminal,0.75,1,0.43637563922378775,"Конечный в выборке: получил 15 341 KZT в 1 переводах; исходящих переводов 0. Triage 0.44: оборот 15 341 KZT, PageRank 0.000289, кластер 270 уз.",1,0,15341.0,0.0,0.00028879146118365305,0.0,1,False,False
100000007347733100,terminal,0.75,53,0.4137267965571216,"Конечный в выборке: получил 23 007 KZT в 1 переводах; исходящих переводов 0. AML-сигналы: money island. Triage 0.41: оборот 23 007 KZT, PageRank 0.000346, кластер 5 уз.",1,0,23007.0,0.0,0.00034562511344425346,0.0,1,False,False
100000001463701100,terminal,0.75,9,0.5241682224046893,"Конечный в выборке: получил 621 000 KZT в 2 переводах; исходящих переводов 0. Triage 0.52: оборот 621 000 KZT, PageRank 0.000572, кластер 59 уз.",2,0,621000.0,0.0,0.0005719455039398871,0.0,1,False,False
100000008664469100,terminal,0.75,2,0.44460407508842603,"Конечный в выборке: получил 25 000 KZT в 1 переводах; исходящих переводов 0. Triage 0.44: оборот 25 000 KZT, PageRank 0.000291, кластер 148 уз.",1,0,25000.0,0.0,0.00029057081003758375,0.0,1,False,False
100000003923946100,peripheral,0.5,6,0.5645668114225665,"Периферийный: получил 282 000 KZT, отправил 675 000 KZT; связей вход/выход 1/4. Активен 3 дн. AML-сигналы: структурный цикл. Triage 0.56: оборот 957 000 KZT, PageRank 0.000389, кластер 106 уз.",1,4,282000.0,675000.0,0.0003892811562943889,2.393617021276596,1,False,False
100000006562026100,terminal,0.75,53,0.45462316683068776,"Конечный в выборке: получил 75 000 KZT в 6 переводах; исходящих переводов 0. AML-сигналы: money island. Triage 0.45: оборот 75 000 KZT, PageRank 0.000685, кластер 5 уз.",2,0,75000.0,0.0,0.0006849159283744445,0.0,1,False,False
100000008776298100,terminal,0.75,1,0.4546115684689176,"Конечный в выборке: получил 42 800 KZT в 1 переводах; исходящих переводов 0. Triage 0.45: оборот 42 800 KZT, PageRank 0.000295, кластер 270 уз.",1,0,42800.0,0.0,0.0002945424260917571,0.0,1,False,False
100000006446271100,terminal,0.75,2,0.4805391142714625,"Конечный в выборке: получил 80 000 KZT в 2 переводах; исходящих переводов 0. Triage 0.48: оборот 80 000 KZT, PageRank 0.000314, кластер 148 уз.",2,0,80000.0,0.0,0.00031385463366158064,0.0,1,False,False
100000004588479100,terminal,0.75,5,0.47860428539715133,"Конечный в выборке: получил 177 633 KZT в 2 переводах; исходящих переводов 0. Triage 0.48: оборот 177 633 KZT, PageRank 0.000305, кластер 125 уз.",1,0,177633.0,0.0,0.00030465454394882545,0.0,1,False,False
100000002324543100,terminal,0.75,7,0.4464983719093344,"Конечный в выборке: получил 30 202 KZT в 1 переводах; исходящих переводов 0. Triage 0.45: оборот 30 202 KZT, PageRank 0.000289, кластер 104 уз.",1,0,30202.0,0.0,0.00028881828889189466,0.0,1,False,False
100000007129492100,transit,0.8182671740586809,9,0.6442619123787756,"Транзит: вход 50 990 KZT, выход 37 000 KZT; отношение 73% к наблюдаемому входу. AML: IN/OUT близко. Triage 0.64: PR 0.000295, кластер 59 уз.",2,1,50990.0,37000.0,0.0002945119698562246,0.725632476956266,1,False,False
100000003877908100,terminal,0.75,2,0.45302163621100583,"Конечный в выборке: получил 40 000 KZT в 1 переводах; исходящих переводов 0. Triage 0.45: оборот 40 000 KZT, PageRank 0.000294, кластер 148 уз.",1,0,40000.0,0.0,0.00029356621466634616,0.0,1,False,False
100000002748180100,peripheral,0.5,12,0.48976287836238896,"Периферийный: получил 9 900 KZT, отправил 679 743 KZT; связей вход/выход 1/8. Активен 6 дн. Triage 0.49: оборот 689 643 KZT, PageRank 0.000287, кластер 51 уз.",1,8,9900.0,679743.0,0.0002872195631626491,68.66090909090909,1,False,False
100000000945428100,terminal,0.75,0,0.4722169688045599,"Конечный в выборке: получил 89 629 KZT в 1 переводах; исходящих переводов 0. Triage 0.47: оборот 89 629 KZT, PageRank 0.000302, кластер 277 уз.",1,0,89629.0,0.0,0.00030235687263558975,0.0,1,False,False
100000003115284100,consolidator,0.8666666666666667,9,0.764755073481555,"Сборщик: вход 2 160 500 KZT от 8 контрагентов. AML: fan-in, структ. цикл. Triage 0.76: PR 0.001524, кластер 59 уз.",8,2,2160500.0,517000.0,0.0015237788001450751,0.23929645915297384,1,False,False
100000005394708100,peripheral,0.5,20,0.4859869628740727,"Периферийный: получил 26 000 KZT, отправил 65 000 KZT; связей вход/выход 1/1. Активен 2 дн. Triage 0.49: оборот 91 000 KZT, PageRank 0.000345, кластер 26 уз.",1,1,26000.0,65000.0,0.00034511888563910366,2.5,1,False,False
100000008747113100,terminal,0.75,4,0.4998100533768383,"Конечный в выборке: получил 197 801 KZT в 2 переводах; исходящих переводов 0. Triage 0.50: оборот 197 801 KZT, PageRank 0.000307, кластер 126 уз.",2,0,197801.0,0.0,0.00030746817501671497,0.0,1,False,False
100000004491881100,terminal,0.75,1,0.4383359297659928,"Конечный в выборке: получил 17 144 KZT в 1 переводах; исходящих переводов 0. Triage 0.44: оборот 17 144 KZT, PageRank 0.000289, кластер 270 уз.",1,0,17144.0,0.0,0.00028916907834849196,0.0,1,False,False
100000006008169100,terminal,0.75,11,0.45200405756682693,"Конечный в выборке: получил 70 000 KZT в 1 переводах; исходящих переводов 0. Triage 0.45: оборот 70 000 KZT, PageRank 0.000297, кластер 55 уз.",1,0,70000.0,0.0,0.0002971821651623924,0.0,1,False,False
100000002681449100,transit,0.7788299417914301,10,0.6590638474496165,"Транзит: вход 94 638 KZT, выход 133 000 KZT; отношение 141% к наблюдаемому входу. AML: IN/OUT близко. Triage 0.66: PR 0.000295, кластер 56 уз.",2,2,94638.0,133000.0,0.0002951272124735099,1.4053551427544961,1,False,False
100000002645609100,terminal,0.75,0,0.5074235671426637,"Конечный в выборке: получил 546 821 KZT в 5 переводах; исходящих переводов 0. Triage 0.51: оборот 546 821 KZT, PageRank 0.000355, кластер 277 уз.",4,0,546820.6799999999,0.0,0.0003552341610997093,0.0,1,False,False
100000006369769100,terminal,0.75,1,0.45339661799474923,"Конечный в выборке: получил 40 000 KZT в 1 переводах; исходящих переводов 0. Triage 0.45: оборот 40 000 KZT, PageRank 0.000294, кластер 270 уз.",1,0,40000.0,0.0,0.00029395599899161907,0.0,1,False,False
100000002173161100,terminal,0.75,5,0.53292460209209,"Конечный в выборке: получил 1 427 500 KZT в 5 переводах; исходящих переводов 0. Активен 3 дн. Triage 0.53: оборот 1 427 500 KZT, PageRank 0.000435, кластер 125 уз.",3,0,1427500.0,0.0,0.00043523586703647356,0.0,1,False,False
100000008686313100,consolidator,0.8,0,0.7092641395521176,"Сборщик: вход 1 912 716 KZT от 6 контрагентов. AML: fan-in, структ. цикл. Triage 0.71: PR 0.000467, кластер 277 уз.",6,7,1912716.0,333800.0,0.00046722780901387945,0.17451623764322566,1,False,False
100000004692798100,peripheral,0.5,11,0.5750268277076076,"Периферийный: получил 240 305 KZT, отправил 15 000 KZT; связей вход/выход 2/1. Активен 4 дн. AML-сигналы: структурный цикл. Triage 0.58: оборот 255 305 KZT, PageRank 0.002018, кластер 55 уз.",2,1,240305.0,15000.0,0.0020175368361326166,0.06242067372713843,1,False,False
100000002939838100,terminal,0.75,5,0.5049044192250977,"Конечный в выборке: получил 571 233 KZT в 3 переводах; исходящих переводов 0. Triage 0.50: оборот 571 233 KZT, PageRank 0.000400, кластер 125 уз.",3,0,571233.0,0.0,0.00039984688933072693,0.0,1,False,False
100000003119550100,terminal,0.75,1,0.44192199546188904,"Конечный в выборке: получил 21 000 KZT в 1 переводах; исходящих переводов 0. Triage 0.44: оборот 21 000 KZT, PageRank 0.000290, кластер 270 уз.",1,0,21000.0,0.0,0.0002899766722406821,0.0,1,False,False
100000004315838100,peripheral,0.5,2,0.46590341358698834,"Периферийный: получил 50 000 KZT, отправил 18 000 KZT; связей вход/выход 2/1. Triage 0.47: оборот 68 000 KZT, PageRank 0.000291, кластер 148 уз.",2,1,50000.0,18000.0,0.0002913786876224821,0.36,1,False,False
100000002671806100,terminal,0.75,11,0.42130708808196493,"Конечный в выборке: получил 12 440 KZT в 1 переводах; исходящих переводов 0. Triage 0.42: оборот 12 440 KZT, PageRank 0.000288, кластер 55 уз.",1,0,12440.0,0.0,0.0002876406115666316,0.0,1,False,False
100000008716222100,terminal,0.75,1,0.4391962999499635,"Конечный в выборке: получил 18 000 KZT в 1 переводах; исходящих переводов 0. Triage 0.44: оборот 18 000 KZT, PageRank 0.000289, кластер 270 уз.",1,0,18000.0,0.0,0.00028934835749053417,0.0,1,False,False
100000005496254100,terminal,0.75,0,0.43712549394446293,"Конечный в выборке: получил 12 700 KZT в 1 переводах; исходящих переводов 0. Triage 0.44: оборот 12 700 KZT, PageRank 0.000288, кластер 277 уз.",1,0,12700.0,0.0,0.0002879558884220119,0.0,1,False,False
100000004622227100,transit,0.8286310216196703,0,0.6350289819539566,"Транзит: получил 24 931 KZT, отправил 19 000 KZT; исходящий оборот — 76% наблюдаемого входящего. Активен 3 дн. Triage 0.64: оборот 43 931 KZT, PageRank 0.000290, кластер 277 уз.",1,3,24931.0,19000.0,0.00029024551181392225,0.762103405398901,1,False,False
100000000274067100,peripheral,0.5,6,0.5467265653164008,"Периферийный: получил 517 704 KZT, отправил 2 969 000 KZT; связей вход/выход 2/3. Активен 13 дн. AML-сигналы: структурный цикл. Triage 0.55: оборот 3 486 704 KZT, PageRank 0.000413, кластер 106 уз.",2,3,517704.0,2969000.0,0.00041340442117893795,5.734937338710924,1,False,False
100000008782056100,terminal,0.75,1,0.44770112940173135,"Конечный в выборке: получил 29 082 KZT в 1 переводах; исходящих переводов 0. Triage 0.45: оборот 29 082 KZT, PageRank 0.000292, кластер 270 уз.",1,0,29082.0,0.0,0.00029166935217758065,0.0,1,False,False
100000006788200100,peripheral,0.5,6,0.47773767376723975,"Периферийный: получил 272 156 KZT, отправил 64 500 KZT; связей вход/выход 4/3. Triage 0.48: оборот 336 656 KZT, PageRank 0.000337, кластер 106 уз.",4,3,272155.8,64500.0,0.0003370877116435275,0.23699660268125833,1,False,False
100000001164648100,terminal,0.75,19,0.41356801317195124,"Конечный в выборке: получил 13 660 KZT в 2 переводах; исходящих переводов 0. Triage 0.41: оборот 13 660 KZT, PageRank 0.000290, кластер 29 уз.",2,0,13660.0,0.0,0.000290146276375523,0.0,1,False,False
100000005133757100,terminal,0.75,3,0.46047132912254835,"Конечный в выборке: получил 65 000 KZT в 2 переводах; исходящих переводов 0. Triage 0.46: оборот 65 000 KZT, PageRank 0.000299, кластер 126 уз.",2,0,65000.0,0.0,0.0002993857056824356,0.0,1,False,False
100000006445501100,terminal,0.75,9,0.45992637547504317,"Конечный в выборке: получил 91 000 KZT в 1 переводах; исходящих переводов 0. Triage 0.46: оборот 91 000 KZT, PageRank 0.000299, кластер 59 уз.",1,0,91000.0,0.0,0.000299377835803664,0.0,1,False,False
100000004390333100,peripheral,0.5,0,0.5164589093873156,"Периферийный: получил 64 558 KZT, отправил 506 500 KZT; связей вход/выход 2/9. Активен 9 дн. AML-сигналы: структурный цикл. Triage 0.52: оборот 571 058 KZT, PageRank 0.000295, кластер 277 уз.",2,9,64558.0,506500.0,0.00029520050509330097,7.845658167849066,1,False,False
100000001641789100,terminal,0.75,6,0.4483028777221784,"Конечный в выборке: получил 17 826 KZT в 1 переводах; исходящих переводов 0. Triage 0.45: оборот 17 826 KZT, PageRank 0.000488, кластер 106 уз.",1,0,17826.0,0.0,0.0004882203641662691,0.0,1,False,False
100000000968253100,terminal,0.75,1,0.43597938280844134,"Конечный в выборке: получил 15 000 KZT в 1 переводах; исходящих переводов 0. Triage 0.44: оборот 15 000 KZT, PageRank 0.000289, кластер 270 уз.",1,0,15000.0,0.0,0.0002887200427403862,0.0,1,False,False
100000001527186100,terminal,0.75,2,0.5259729381320585,"Конечный в выборке: получил 678 000 KZT в 2 переводах; исходящих переводов 0. Triage 0.53: оборот 678 000 KZT, PageRank 0.000421, кластер 148 уз.",1,0,678000.0,0.0,0.0004209707582097048,0.0,1,False,False
100000005852946100,terminal,0.75,2,0.44368815713539733,"Конечный в выборке: получил 23 746 KZT в 1 переводах; исходящих переводов 0. Triage 0.44: оборот 23 746 KZT, PageRank 0.000290, кластер 148 уз.",1,0,23746.0,0.0,0.0002903203942106192,0.0,1,False,False
100000001530983100,distributor,0.6885476554649042,5,0.6846257107454572,"Распределитель: отправил 1 829 538 KZT в 17 переводах 11 получателям. Активен 12 дн. AML-сигналы: fan-out. Triage 0.68: оборот 2 393 696 KZT, PageRank 0.000356, кластер 125 уз.",4,11,564158.0,1829538.0,0.0003559953793615378,3.24295321523403,1,False,False
100000008221543100,terminal,0.75,16,0.49283497967644824,"Конечный в выборке: получил 542 000 KZT в 2 переводах; исходящих переводов 0. Triage 0.49: оборот 542 000 KZT, PageRank 0.000371, кластер 41 уз.",2,0,542000.0,0.0,0.00037132780839031163,0.0,1,False,False
100000001937767100,peripheral,0.5,14,0.5455540950046569,"Периферийный: получил 53 000 KZT, отправил 1 933 000 KZT; связей вход/выход 1/4. Активен 4 дн. AML-сигналы: структурный цикл. Triage 0.55: оборот 1 986 000 KZT, PageRank 0.000888, кластер 44 уз.",1,4,53000.0,1933000.0,0.0008880703597313158,36.471698113207545,1,False,False
100000002462183100,terminal,0.75,45,0.44662869648006165,"Конечный в выборке: получил 107 500 KZT в 3 переводах; исходящих переводов 0. Triage 0.45: оборот 107 500 KZT, PageRank 0.000380, кластер 6 уз.",1,0,107500.0,0.0,0.00038016401225817175,0.0,1,False,False
100000001805543100,terminal,0.75,5,0.4586031924270732,"Конечный в выборке: получил 59 000 KZT в 1 переводах; исходящих переводов 0. Triage 0.46: оборот 59 000 KZT, PageRank 0.000292, кластер 125 уз.",1,0,59000.0,0.0,0.0002919145012730148,0.0,1,False,False
100000002606567100,peripheral,0.5,0,0.45656144724375275,"Периферийный: получил 14 095 KZT, отправил 53 000 KZT; связей вход/выход 1/1. Triage 0.46: оборот 67 095 KZT, PageRank 0.000288, кластер 277 уз.",1,1,14095.0,53000.0,0.0002882170301628111,3.7601986520042567,1,False,False
100000007281639100,terminal,0.75,5,0.48319956386240326,"Конечный в выборке: получил 216 770 KZT в 4 переводах; исходящих переводов 0. Triage 0.48: оборот 216 770 KZT, PageRank 0.000324, кластер 125 уз.",2,0,216770.0,0.0,0.00032350972136322266,0.0,1,False,False
100000002991079100,peripheral,0.5,5,0.4877812285701572,"Периферийный: получил 148 900 KZT, отправил 11 000 KZT; связей вход/выход 2/1. Активен 2 дн. Triage 0.49: оборот 159 900 KZT, PageRank 0.000395, кластер 125 уз.",2,1,148900.0,11000.0,0.0003949630792497974,0.07387508394895903,1,False,False
100000002847207100,terminal,0.75,2,0.4556429166349687,"Конечный в выборке: получил 46 243 KZT в 1 переводах; исходящих переводов 0. Triage 0.46: оборот 46 243 KZT, PageRank 0.000295, кластер 148 уз.",1,0,46243.0,0.0,0.00029481290207283704,0.0,1,False,False
100000000011452100,consolidator,0.6504768259357144,0,0.6221124546187102,"Сборщик: вход 110 000 KZT от 3 контрагентов. AML: fan-in, структ. цикл. Triage 0.62: PR 0.000490, кластер 277 уз.",3,1,110000.0,16685.0,0.0004898889505678566,0.1516818181818182,1,False,False
100000003148220100,peripheral,0.5,59,0.4502800404072368,"Периферийный: получил 5 650 KZT, отправил 43 400 KZT; связей вход/выход 1/2. Активен 5 дн. AML-сигналы: структурный цикл, money island. Triage 0.45: оборот 49 050 KZT, PageRank 0.000915, кластер 4 уз.",1,2,5650.0,43400.0,0.0009153879584422925,7.68141592920354,1,False,False
100000002479804100,transit,0.8302583120960148,2,0.6445091548700598,"Транзит: вход 46 000 KZT, выход 35 300 KZT; отношение 77% к наблюдаемому входу. AML: IN/OUT близко. Triage 0.64: PR 0.000297, кластер 148 уз.",1,2,46000.0,35300.0,0.0002969625931042392,0.7673913043478261,1,False,False
100000008745489100,terminal,0.75,1,0.4593147528449473,"Конечный в выборке: получил 55 539 KZT в 1 переводах; исходящих переводов 0. Triage 0.46: оборот 55 539 KZT, PageRank 0.000297, кластер 270 уз.",1,0,55539.0,0.0,0.00029721045995913535,0.0,1,False,False
100000002289937100,terminal,0.75,1,0.44105865237313036,"Конечный в выборке: получил 20 000 KZT в 1 переводах; исходящих переводов 0. Triage 0.44: оборот 20 000 KZT, PageRank 0.000290, кластер 270 уз.",1,0,20000.0,0.0,0.00028976723399063277,0.0,1,False,False
100000004679953100,peripheral,0.5,3,0.4909182370723801,"Периферийный: получил 343 538 KZT, отправил 34 100 KZT; связей вход/выход 3/3. Активен 5 дн. AML-сигналы: структурный цикл. Triage 0.49: оборот 377 638 KZT, PageRank 0.000334, кластер 126 уз.",3,3,343538.0,34100.0,0.00033416285541343983,0.09926121709970949,1,False,False
100000003066385100,terminal,0.75,0,0.4452546553119766,"Конечный в выборке: получил 20 000 KZT в 2 переводах; исходящих переводов 0. Triage 0.45: оборот 20 000 KZT, PageRank 0.000292, кластер 277 уз.",2,0,20000.0,0.0,0.00029153633168214785,0.0,1,False,False
100000008744849100,terminal,0.75,1,0.45528986326761817,"Конечный в выборке: получил 44 445 KZT в 1 переводах; исходящих переводов 0. Triage 0.46: оборот 44 445 KZT, PageRank 0.000295, кластер 270 уз.",1,0,44445.0,0.0,0.00029488695201308827,0.0,1,False,False
100000005093521100,terminal,0.75,2,0.43578251880692637,"Конечный в выборке: получил 15 200 KZT в 1 переводах; исходящих переводов 0. Triage 0.44: оборот 15 200 KZT, PageRank 0.000289, кластер 148 уз.",1,0,15200.0,0.0,0.0002886138123467924,0.0,1,False,False
100000006518161100,transit,0.9004698225019674,5,0.7652890512702084,"Транзит: вход 594 200 KZT, выход 595 899 KZT; отношение 100% к наблюдаемому входу. AML: fan-in, IN/OUT близко, структ. цикл. Triage 0.77: PR 0.000809, кластер 125 уз.",3,2,594200.0,595899.0,0.0008087188074232827,1.002859306630764,1,False,False
100000001126374100,consolidator,0.6841879957507733,0,0.621058745203587,"Сборщик: получил 182 500 KZT от 4 контрагентов в 7 переводах; отправил 29 200 KZT. Активен 9 дн. AML-сигналы: fan-in. Triage 0.62: оборот 211 700 KZT, PageRank 0.000313, кластер 277 уз.",4,2,182500.0,29200.0,0.00031345696810955307,0.16,1,False,False
100000004509286100,terminal,0.75,2,0.45302163621100583,"Конечный в выборке: получил 40 000 KZT в 1 переводах; исходящих переводов 0. Triage 0.45: оборот 40 000 KZT, PageRank 0.000294, кластер 148 уз.",1,0,40000.0,0.0,0.00029356621466634616,0.0,1,False,False
100000005056870100,terminal,0.75,45,0.41269710879729327,"Конечный в выборке: получил 20 000 KZT в 1 переводах; исходящих переводов 0. Triage 0.41: оборот 20 000 KZT, PageRank 0.000303, кластер 6 уз.",1,0,20000.0,0.0,0.0003031757793651861,0.0,1,False,False
100000008708368100,terminal,0.75,1,0.4440478107637563,"Конечный в выборке: получил 23 677 KZT в 1 переводах; исходящих переводов 0. Triage 0.44: оборот 23 677 KZT, PageRank 0.000291, кластер 270 уз.",1,0,23677.0,0.0,0.0002905373384360641,0.0,1,False,False
100000005895525100,terminal,0.75,45,0.4492046917260691,"Конечный в выборке: получил 120 000 KZT в 3 переводах; исходящих переводов 0. Triage 0.45: оборот 120 000 KZT, PageRank 0.000391, кластер 6 уз.",1,0,120000.0,0.0,0.00039116233124288394,0.0,1,False,False
100000008716773100,terminal,0.75,1,0.4367576547949422,"Конечный в выборке: получил 15 677 KZT в 1 переводах; исходящих переводов 0. Triage 0.44: оборот 15 677 KZT, PageRank 0.000289, кластер 270 уз.",1,0,15677.0,0.0,0.0002888618324356696,0.0,1,False,False
100000002778085100,terminal,0.75,5,0.4606606675902998,"Конечный в выборке: получил 66 208 KZT в 1 переводах; исходящих переводов 0. Triage 0.46: оборот 66 208 KZT, PageRank 0.000293, кластер 125 уз.",1,0,66208.0,0.0,0.00029268857111536256,0.0,1,False,False
100000007055802100,consolidator,0.8,0,0.7800366403769758,"Сборщик: вход 2 024 999 KZT от 6 контрагентов. AML: fan-in, структ. цикл. Triage 0.78: PR 0.001177, кластер 277 уз.",6,1,2024999.0,605000.0,0.0011773008986385306,0.29876557963732325,1,False,False
100000003071930100,peripheral,0.5,7,0.4777809709933716,"Периферийный: получил 477 610 KZT, отправил 5 000 KZT; связей вход/выход 3/1. Активен 5 дн. Triage 0.48: оборот 482 610 KZT, PageRank 0.000348, кластер 104 уз.",3,1,477610.0,5000.0,0.0003483747581801651,0.010468792529469651,1,False,False
100000002941114100,peripheral,0.5,9,0.5632673034015989,"Периферийный: получил 128 510 KZT, отправил 15 000 KZT; связей вход/выход 2/1. Активен 12 дн. AML-сигналы: структурный цикл. Triage 0.56: оборот 143 510 KZT, PageRank 0.001918, кластер 59 уз.",2,1,128510.0,15000.0,0.0019175178424200336,0.11672243405182477,1,False,False
100000003888271100,peripheral,0.5,43,0.46617293829300893,"Периферийный: получил 12 177 KZT, отправил 25 590 KZT; связей вход/выход 1/2. Активен 5 дн. AML-сигналы: структурный цикл. Triage 0.47: оборот 37 767 KZT, PageRank 0.000291, кластер 6 уз.",1,2,12177.0,25590.0,0.0002913756838748376,2.10150283321015,1,False,False
100000007507343100,terminal,0.75,52,0.49132671420005375,"Конечный в выборке: получил 370 000 KZT в 1 переводах; исходящих переводов 0. AML-сигналы: money island. Triage 0.49: оборот 370 000 KZT, PageRank 0.000644, кластер 5 уз.",1,0,370000.0,0.0,0.0006444910613413035,0.0,1,False,False
100000008002020100,peripheral,0.5,11,0.44208980289731903,"Периферийный: получил 73 860 KZT, отправил 17 000 KZT; связей вход/выход 1/1. Triage 0.44: оборот 90 860 KZT, PageRank 0.000298, кластер 55 уз.",1,1,73860.0,17000.0,0.0002978220261227752,0.23016517736257786,1,False,False
100000001872484100,peripheral,0.5,56,0.6692902093414859,"peripheral: вход 871 400 KZT, выход 514 580 KZT. AML: структ. цикл, island. Triage 0.67: PR 0.002371, кластер 4 уз.",1,3,871400.0,514580.0,0.0023710992925232662,0.5905210006885472,1,False,False
100000008769636100,terminal,0.75,1,0.44362416060313575,"Конечный в выборке: получил 23 118 KZT в 1 переводах; исходящих переводов 0. Triage 0.44: оборот 23 118 KZT, PageRank 0.000290, кластер 270 уз.",1,0,23118.0,0.0,0.00029042026245428655,0.0,1,False,False
100000004135268100,transit,0.842206457291473,52,0.7881142836602281,"Транзит: вход 1 239 000 KZT, выход 1 000 200 KZT; отношение 81% к наблюдаемому входу. AML: IN/OUT близко, структ. цикл, island. Triage 0.79: PR 0.001750, кластер 5 уз.",2,3,1239000.0,1000200.0,0.0017503449570412132,0.8072639225181598,1,False,False
100000005316708100,peripheral,0.5,6,0.4941888890863758,"Периферийный: получил 90 000 KZT, отправил 257 500 KZT; связей вход/выход 1/2. Triage 0.49: оборот 347 500 KZT, PageRank 0.000298, кластер 106 уз.",1,2,90000.0,257500.0,0.00029768606519882417,2.861111111111111,1,False,False
100000008671929100,terminal,0.75,2,0.4645003236571474,"Конечный в выборке: получил 75 000 KZT в 2 переводах; исходящих переводов 0. Triage 0.46: оборот 75 000 KZT, PageRank 0.000301, кластер 148 уз.",1,0,75000.0,0.0,0.00030055549213345826,0.0,1,False,False
100000005287097100,peripheral,0.5,5,0.5431372673653209,"peripheral: вход 127 173 KZT, выход 697 300 KZT. AML: fan-out, split, структ. цикл. Triage 0.54: PR 0.000303, кластер 125 уз.",2,9,127173.0,697300.0,0.00030269025285706725,5.483082100760382,1,False,False
100000007283257100,terminal,0.75,65,0.47207975140730446,"Конечный в выборке: получил 192 000 KZT в 7 переводах; исходящих переводов 0. Активен 2 дн. AML-сигналы: money island. Triage 0.47: оборот 192 000 KZT, PageRank 0.000389, кластер 3 уз.",1,0,192000.0,0.0,0.00038896079379705146,0.0,1,False,False
100000004847758100,peripheral,0.5,2,0.526582395083932,"peripheral: вход 115 171 KZT, выход 488 800 KZT. AML: fan-out, split, структ. цикл. Triage 0.53: PR 0.000305, кластер 148 уз.",4,15,115171.0,488800.0,0.0003047106551764139,4.244123954815014,1,False,False
100000008737422100,terminal,0.75,1,0.46525797704997934,"Конечный в выборке: получил 76 903 KZT в 1 переводах; исходящих переводов 0. Triage 0.47: оборот 76 903 KZT, PageRank 0.000302, кластер 270 уз.",1,0,76903.0,0.0,0.00030168489873318887,0.0,1,False,False
100000008555918100,peripheral,0.5,2,0.4775599908841077,"Периферийный: получил 139 211 KZT, отправил 43 300 KZT; связей вход/выход 1/2. Triage 0.48: оборот 182 511 KZT, PageRank 0.000313, кластер 148 уз.",1,2,139211.0,43300.0,0.00031337802057462225,0.3110386391879952,1,False,False
100000008094734100,terminal,0.75,0,0.49173382600112703,"Конечный в выборке: получил 236 249 KZT в 4 переводах; исходящих переводов 0. Triage 0.49: оборот 236 249 KZT, PageRank 0.000344, кластер 277 уз.",4,0,236249.0,0.0,0.0003440314100793976,0.0,1,False,False
100000006952718100,terminal,0.75,5,0.4620336988754448,"Конечный в выборке: получил 71 489 KZT в 1 переводах; исходящих переводов 0. Triage 0.46: оборот 71 489 KZT, PageRank 0.000293, кластер 125 уз.",1,0,71489.0,0.0,0.0002932556996999129,0.0,1,False,False
100000005339662100,transit,0.76779537559123,15,0.7560049131958041,"Транзит: вход 202 939 KZT, выход 295 160 KZT; отношение 145% к наблюдаемому входу. AML: fan-in, IN/OUT близко, структ. цикл. Triage 0.76: PR 0.001664, кластер 41 уз.",4,4,202939.0,295160.0,0.0016640010044726458,1.4544271924075707,1,False,False
100000001716579100,terminal,0.75,1,0.43465776783686694,"Конечный в выборке: получил 13 916 KZT в 1 переводах; исходящих переводов 0. Triage 0.43: оборот 13 916 KZT, PageRank 0.000288, кластер 270 уз.",1,0,13916.0,0.0,0.0002884930116773328,0.0,1,False,False
100000002774456100,terminal,0.75,9,0.4491718579290256,"Конечный в выборке: получил 50 363 KZT в 1 переводах; исходящих переводов 0. Triage 0.45: оборот 50 363 KZT, PageRank 0.000293, кластер 59 уз.",1,0,50363.0,0.0,0.00029321558449354063,0.0,1,False,False
100000004394765100,consolidator,0.6502189218255453,5,0.640075224482752,"Сборщик: получил 603 844 KZT от 3 контрагентов в 10 переводах; отправил 82 500 KZT. Активен 7 дн. AML-сигналы: fan-in. Triage 0.64: оборот 686 344 KZT, PageRank 0.000380, кластер 125 уз.",3,2,603844.0,82500.0,0.00038015853926211707,0.13662469114539516,1,False,False
100000004004621100,terminal,0.75,13,0.4628639753044308,"Конечный в выборке: получил 75 389 KZT в 3 переводах; исходящих переводов 0. Triage 0.46: оборот 75 389 KZT, PageRank 0.000301, кластер 50 уз.",3,0,75389.0,0.0,0.00030074828174635513,0.0,1,False,False
100000000907277100,terminal,0.75,1,0.43873306141279206,"Конечный в выборке: получил 17 534 KZT в 1 переводах; исходящих переводов 0. Triage 0.44: оборот 17 534 KZT, PageRank 0.000289, кластер 270 уз.",1,0,17534.0,0.0,0.0002892507592660112,0.0,1,False,False
100000003835149100,peripheral,0.5,23,0.5335605183087174,"Периферийный: получил 248 500 KZT, отправил 4 600 440 KZT; связей вход/выход 1/2. Активен 12 дн. Triage 0.53: оборот 4 848 940 KZT, PageRank 0.000489, кластер 17 уз.",1,2,248500.0,4600440.0,0.0004886805299794614,18.512837022132796,1,False,False
100000004254434100,terminal,0.75,1,0.46946948847576675,"Конечный в выборке: получил 44 445 KZT в 2 переводах; исходящих переводов 0. Triage 0.47: оборот 44 445 KZT, PageRank 0.000295, кластер 270 уз.",1,0,44445.0,0.0,0.00029488695201308827,0.0,1,False,False
100000003635170100,transit,0.8875546849354271,33,0.742200748906507,"Транзит: вход 268 500 KZT, выход 253 500 KZT; отношение 94% к наблюдаемому входу. AML: fan-in, IN/OUT близко, структ. цикл. Triage 0.74: PR 0.001145, кластер 10 уз.",3,4,268500.0,253500.0,0.0011445251457836837,0.9441340782122905,1,False,False
100000006687202100,terminal,0.75,0,0.46151569849008095,"Конечный в выборке: получил 50 000 KZT в 1 переводах; исходящих переводов 0. Triage 0.46: оборот 50 000 KZT, PageRank 0.000295, кластер 277 уз.",1,0,50000.0,0.0,0.0002949383880147072,0.0,1,False,False
100000006030946100,terminal,0.75,1,0.4643733021767828,"Конечный в выборке: получил 73 289 KZT в 1 переводах; исходящих переводов 0. Triage 0.46: оборот 73 289 KZT, PageRank 0.000301, кластер 270 уз.",1,0,73289.0,0.0,0.00030092798889751063,0.0,1,False,False
100000002615479100,terminal,0.75,7,0.48234535293538683,"Конечный в выборке: получил 220 000 KZT в 1 переводах; исходящих переводов 0. Triage 0.48: оборот 220 000 KZT, PageRank 0.000309, кластер 104 уз.",1,0,220000.0,0.0,0.0003091782431269418,0.0,1,False,False
100000002952631100,terminal,0.75,5,0.45495107018748393,"Конечный в выборке: получил 48 050 KZT в 1 переводах; исходящих переводов 0. Triage 0.45: оборот 48 050 KZT, PageRank 0.000291, кластер 125 уз.",1,0,48050.0,0.0,0.00029073857663737275,0.0,1,False,False
100000002890167100,terminal,0.75,5,0.4711020907922498,"Конечный в выборке: получил 118 150 KZT в 1 переводах; исходящих переводов 0. Triage 0.47: оборот 118 150 KZT, PageRank 0.000298, кластер 125 уз.",1,0,118150.0,0.0,0.0002982666421130357,0.0,1,False,False
100000008687671100,terminal,0.75,1,0.4522398377748424,"Конечный в выборке: получил 37 500 KZT в 1 переводах; исходящих переводов 0. Triage 0.45: оборот 37 500 KZT, PageRank 0.000293, кластер 270 уз.",1,0,37500.0,0.0,0.00029343240336649574,0.0,1,False,False
100000000810551100,peripheral,0.5,2,0.4359749462294081,"Периферийный: получил 100 000 KZT, отправил 7 100 KZT; связей вход/выход 1/1. Triage 0.44: оборот 107 100 KZT, PageRank 0.000306, кластер 148 уз.",1,1,100000.0,7100.0,0.00030554783318139555,0.071,1,False,False
100000008724279100,terminal,0.75,5,0.4301523334504232,"Конечный в выборке: получил 11 750 KZT в 1 переводах; исходящих переводов 0. Triage 0.43: оборот 11 750 KZT, PageRank 0.000287, кластер 125 уз.",1,0,11750.0,0.0,0.00028684030592743596,0.0,1,False,False
100000002592567100,peripheral,0.5,5,0.4260433834192678,"Периферийный: получил 5 297 KZT, отправил 48 600 KZT; связей вход/выход 1/2. Triage 0.43: оборот 53 897 KZT, PageRank 0.000286, кластер 125 уз.",1,2,5297.0,48600.0,0.0002861473158202398,9.175004719652634,1,False,False
100000002670860100,terminal,0.75,12,0.49007995706738355,"Конечный в выборке: получил 450 000 KZT в 2 переводах; исходящих переводов 0. Triage 0.49: оборот 450 000 KZT, PageRank 0.000309, кластер 51 уз.",2,0,450000.0,0.0,0.0003089207877105347,0.0,1,False,False
100000002844897100,terminal,0.75,7,0.4284410932338082,"Конечный в выборке: получил 10 800 KZT в 1 переводах; исходящих переводов 0. Triage 0.43: оборот 10 800 KZT, PageRank 0.000287, кластер 104 уз.",1,0,10800.0,0.0,0.0002867370033563865,0.0,1,False,False
100000007938486100,terminal,0.75,1,0.45317099778669173,"Конечный в выборке: получил 39 500 KZT в 1 переводах; исходящих переводов 0. Triage 0.45: оборот 39 500 KZT, PageRank 0.000294, кластер 270 уз.",1,0,39500.0,0.0,0.0002938512798665944,0.0,1,False,False
100000008438656100,peripheral,0.5,2,0.4650736035183744,"Периферийный: получил 80 000 KZT, отправил 5 000 KZT; связей вход/выход 2/1. Активен 2 дн. Triage 0.47: оборот 85 000 KZT, PageRank 0.000297, кластер 148 уз.",2,1,80000.0,5000.0,0.00029736949688000683,0.0625,1,False,False
100000008304139100,distributor,0.8611463323251832,2,0.6663568450258573,"Распределитель: выход 1 692 997 KZT к 24 получателям. AML: fan-out, структ. цикл. Triage 0.67: PR 0.000314, кластер 148 уз.",4,24,189329.75,1692997.0,0.00031357446737940347,8.942054801213228,1,False,False
100000002597003100,transit,0.7868817092542068,0,0.588359694293948,"Транзит: получил 17 700 KZT, отправил 11 000 KZT; исходящий оборот — 62% наблюдаемого входящего. Triage 0.59: оборот 28 700 KZT, PageRank 0.000289, кластер 277 уз.",1,1,17700.0,11000.0,0.000288891880324518,0.6214689265536724,1,False,False
100000002830055100,terminal,0.75,1,0.4347637625933179,"Конечный в выборке: получил 14 000 KZT в 1 переводах; исходящих переводов 0. Triage 0.43: оборот 14 000 KZT, PageRank 0.000289, кластер 270 уз.",1,0,14000.0,0.0,0.0002885106044903369,0.0,1,False,False
100000004299488100,consolidator,0.7955147827578547,0,0.7778712680397146,"Сборщик: вход 1 749 000 KZT от 6 контрагентов. AML: fan-in, структ. цикл. Triage 0.78: PR 0.001456, кластер 277 уз.",6,2,1749000.0,344999.0,0.0014559207442127575,0.19725500285877645,1,False,False
100000002809568100,terminal,0.75,0,0.43292197679446787,"Конечный в выборке: получил 10 000 KZT в 1 переводах; исходящих переводов 0. Triage 0.43: оборот 10 000 KZT, PageRank 0.000287, кластер 277 уз.",1,0,10000.0,0.0,0.00028745045279465867,0.0,1,False,False
100000004784224100,peripheral,0.5,23,0.4576804171303876,"Периферийный: получил 23 500 KZT, отправил 100 000 KZT; связей вход/выход 1/1. Triage 0.46: оборот 123 500 KZT, PageRank 0.000305, кластер 17 уз.",1,1,23500.0,100000.0,0.0003047853037311381,4.25531914893617,1,False,False
100000003123296100,terminal,0.75,11,0.46997462214602814,"Конечный в выборке: получил 86 200 KZT в 2 переводах; исходящих переводов 0. Triage 0.47: оборот 86 200 KZT, PageRank 0.000300, кластер 55 уз.",1,0,86200.0,0.0,0.0002998675919909421,0.0,1,False,False
100000004130144100,terminal,0.75,6,0.47903302700034095,"Конечный в выборке: получил 200 000 KZT в 1 переводах; исходящих переводов 0. Triage 0.48: оборот 200 000 KZT, PageRank 0.000297, кластер 106 уз.",1,0,200000.0,0.0,0.0002970339272360481,0.0,1,False,False
100000001253557100,terminal,0.75,10,0.47959416640923247,"Конечный в выборке: получил 210 200 KZT в 5 переводах; исходящих переводов 0. Triage 0.48: оборот 210 200 KZT, PageRank 0.000351, кластер 56 уз.",5,0,210200.0,0.0,0.00035109620868438386,0.0,1,False,False
100000008767925100,terminal,0.75,1,0.4383359297659928,"Конечный в выборке: получил 17 144 KZT в 1 переводах; исходящих переводов 0. Triage 0.44: оборот 17 144 KZT, PageRank 0.000289, кластер 270 уз.",1,0,17144.0,0.0,0.00028916907834849196,0.0,1,False,False
100000007181706100,terminal,0.75,2,0.4949532250256891,"Конечный в выборке: получил 176 272 KZT в 2 переводах; исходящих переводов 0. Triage 0.49: оборот 176 272 KZT, PageRank 0.000319, кластер 148 уз.",2,0,176272.0,0.0,0.00031898557469443476,0.0,1,False,False
100000003366154100,peripheral,0.5,2,0.5502086637605156,"Периферийный: получил 125 000 KZT, отправил 289 170 KZT; связей вход/выход 1/3. Triage 0.55: оборот 414 170 KZT, PageRank 0.000311, кластер 148 уз.",1,3,125000.0,289170.0,0.0003105401742293328,2.31336,1,False,False
100000007641183100,terminal,0.75,5,0.44540166693205024,"Конечный в выборке: получил 28 000 KZT в 1 переводах; исходящих переводов 0. Triage 0.45: оборот 28 000 KZT, PageRank 0.000289, кластер 125 уз.",1,0,28000.0,0.0,0.00028858539956480437,0.0,1,False,False
100000008663007100,terminal,0.75,1,0.4347637625933179,"Конечный в выборке: получил 14 000 KZT в 1 переводах; исходящих переводов 0. Triage 0.43: оборот 14 000 KZT, PageRank 0.000289, кластер 270 уз.",1,0,14000.0,0.0,0.0002885106044903369,0.0,1,False,False
100000007334196100,terminal,0.75,9,0.46927758462836816,"Конечный в выборке: получил 150 002 KZT в 1 переводах; исходящих переводов 0. Triage 0.47: оборот 150 002 KZT, PageRank 0.000308, кластер 59 уз.",1,0,150002.0,0.0,0.0003083249813065284,0.0,1,False,False
100000003873332100,peripheral,0.5,18,0.46555829221957973,"Периферийный: получил 23 468 KZT, отправил 286 000 KZT; связей вход/выход 1/4. Активен 9 дн. Triage 0.47: оборот 309 468 KZT, PageRank 0.000290, кластер 30 уз.",1,4,23468.0,286000.0,0.00028997164058324897,12.186807567751833,1,False,False
100000001550388100,terminal,0.75,0,0.46151569849008095,"Конечный в выборке: получил 50 000 KZT в 1 переводах; исходящих переводов 0. Triage 0.46: оборот 50 000 KZT, PageRank 0.000295, кластер 277 уз.",1,0,50000.0,0.0,0.0002949383880147072,0.0,1,False,False
100000008718089100,terminal,0.75,1,0.43659607015377044,"Конечный в выборке: получил 15 534 KZT в 1 переводах; исходящих переводов 0. Triage 0.44: оборот 15 534 KZT, PageRank 0.000289, кластер 270 уз.",1,0,15534.0,0.0,0.00028883188276591253,0.0,1,False,False
100000008728457100,terminal,0.75,9,0.4471505948555077,"Конечный в выборке: получил 45 000 KZT в 1 переводах; исходящих переводов 0. Triage 0.45: оборот 45 000 KZT, PageRank 0.000292, кластер 59 уз.",1,0,45000.0,0.0,0.00029240233169987496,0.0,1,False,False
100000004206046100,terminal,0.75,5,0.42911623218506073,"Конечный в выборке: получил 11 075 KZT в 1 переводах; исходящих переводов 0. Triage 0.43: оборот 11 075 KZT, PageRank 0.000287, кластер 125 уз.",1,0,11075.0,0.0,0.00028676781742249916,0.0,1,False,False
100000006579678100,peripheral,0.5,5,0.5557626107542272,"Периферийный: получил 192 930 KZT, отправил 1 668 800 KZT; связей вход/выход 2/6. Активен 6 дн. AML-сигналы: структурный цикл. Triage 0.56: оборот 1 861 730 KZT, PageRank 0.000625, кластер 125 уз.",2,6,192930.0,1668800.0,0.0006249830464659552,8.649769346395066,1,False,False
100000002988894100,peripheral,0.5,2,0.5174515918744633,"Периферийный: получил 306 121 KZT, отправил 77 500 KZT; связей вход/выход 1/3. Активен 3 дн. Triage 0.52: оборот 383 621 KZT, PageRank 0.000347, кластер 148 уз.",1,3,306121.0,77500.0,0.00034670888634707054,0.25316786499456095,1,False,False
100000008749406100,terminal,0.75,1,0.4383359297659928,"Конечный в выборке: получил 17 144 KZT в 1 переводах; исходящих переводов 0. Triage 0.44: оборот 17 144 KZT, PageRank 0.000289, кластер 270 уз.",1,0,17144.0,0.0,0.00028916907834849196,0.0,1,False,False
100000005584222100,peripheral,0.5,0,0.5921161934785919,"Периферийный: получил 192 717 KZT, отправил 108 587 KZT; связей вход/выход 2/2. Активен 6 дн. AML-сигналы: структурный цикл. Triage 0.59: оборот 301 304 KZT, PageRank 0.000873, кластер 277 уз.",2,2,192717.0,108587.0,0.0008734649824118156,0.5634531463233653,1,False,False
100000003239859100,terminal,0.75,11,0.4283825002239331,"Конечный в выборке: получил 18 600 KZT в 1 переводах; исходящих переводов 0. Triage 0.43: оборот 18 600 KZT, PageRank 0.000289, кластер 55 уз.",1,0,18600.0,0.0,0.00028866173682983327,0.0,1,False,False
100000003980083100,terminal,0.75,68,0.4216830882187041,"Конечный в выборке: получил 30 000 KZT в 1 переводах; исходящих переводов 0. AML-сигналы: money island. Triage 0.42: оборот 30 000 KZT, PageRank 0.000528, кластер 2 уз.",1,0,30000.0,0.0,0.0005283201676374333,0.0,1,False,False
100000004351795100,distributor,0.7259598978404506,0,0.6641943598480002,"Распределитель: отправил 1 715 161 KZT в 37 переводах 14 получателям. Активен 19 дн. AML-сигналы: fan-out, структурный цикл. Triage 0.66: оборот 1 833 494 KZT, PageRank 0.000313, кластер 277 уз.",3,14,118333.0,1715161.0,0.00031346070256772193,14.494359139039828,1,False,False
100000002666248100,terminal,0.75,2,0.4632318219997929,"Конечный в выборке: получил 70 032 KZT в 1 переводах; исходящих переводов 0. Triage 0.46: оборот 70 032 KZT, PageRank 0.000300, кластер 148 уз.",1,0,70032.0,0.0,0.0002995634141204122,0.0,1,False,False
100000005877725100,terminal,0.75,1,0.4635313964274876,"Конечный в выборке: получил 70 000 KZT в 1 переводах; исходящих переводов 0. Triage 0.46: оборот 70 000 KZT, PageRank 0.000300, кластер 270 уз.",1,0,70000.0,0.0,0.00030023914649309846,0.0,1,False,False
100000001697501100,distributor,0.95,1,0.6626786276960008,"Распределитель: выход 1 482 606 KZT к 38 получателям. AML: fan-out, split, структ. цикл. Triage 0.66: PR 0.000591, кластер 270 уз.",3,38,123700.0,1482606.0,0.0005911274131620331,11.98549717057397,1,False,False
100000006972210100,terminal,0.75,7,0.4986430225534413,"Конечный в выборке: получил 488 775 KZT в 4 переводах; исходящих переводов 0. Triage 0.50: оборот 488 775 KZT, PageRank 0.000346, кластер 104 уз.",3,0,488775.0,0.0,0.0003462497730065418,0.0,1,False,False
100000008749618100,terminal,0.75,1,0.45640369574461964,"Конечный в выборке: получил 47 280 KZT в 1 переводах; исходящих переводов 0. Triage 0.46: оборот 47 280 KZT, PageRank 0.000295, кластер 270 уз.",1,0,47280.0,0.0,0.00029548070945197805,0.0,1,False,False
100000008671026100,terminal,0.75,1,0.44394037897483013,"Конечный в выборке: получил 23 534 KZT в 1 переводах; исходящих переводов 0. Triage 0.44: оборот 23 534 KZT, PageRank 0.000291, кластер 270 уз.",1,0,23534.0,0.0,0.0002905073887663071,0.0,1,False,False
100000001696818100,terminal,0.75,2,0.45831333983269285,"Конечный в выборке: получил 53 550 KZT в 1 переводах; исходящих переводов 0. Triage 0.46: оборот 53 550 KZT, PageRank 0.000299, кластер 148 уз.",1,0,53550.0,0.0,0.00029883107434478646,0.0,1,False,False
100000008679986100,terminal,0.75,1,0.440151661116933,"Конечный в выборке: получил 19 000 KZT в 1 переводах; исходящих переводов 0. Triage 0.44: оборот 19 000 KZT, PageRank 0.000290, кластер 270 уз.",1,0,19000.0,0.0,0.00028955779574058347,0.0,1,False,False
100000003616818100,peripheral,0.5,24,0.5009260334420305,"Периферийный: получил 78 000 KZT, отправил 240 100 KZT; связей вход/выход 3/3. Активен 9 дн. AML-сигналы: структурный цикл. Triage 0.50: оборот 318 100 KZT, PageRank 0.000513, кластер 17 уз.",3,3,78000.0,240100.0,0.0005125372929725143,3.0782051282051284,1,False,False
100000004156082100,distributor,0.8751242386033414,15,0.7026500429573904,"Распределитель: отправил 2 319 556 KZT в 29 переводах 26 получателям. Активен 7 дн. AML-сигналы: fan-in, fan-out, структурный цикл. Triage 0.70: оборот 2 696 922 KZT, PageRank 0.000866, кластер 41 уз.",5,26,377366.11,2319556.0,0.000866144369799323,6.146699288921308,1,False,False
100000008667058100,terminal,0.75,1,0.43873306141279206,"Конечный в выборке: получил 17 534 KZT в 1 переводах; исходящих переводов 0. Triage 0.44: оборот 17 534 KZT, PageRank 0.000289, кластер 270 уз.",1,0,17534.0,0.0,0.0002892507592660112,0.0,1,False,False
100000008628231100,peripheral,0.5,66,0.4784082433933446,"Периферийный: получил 50 000 KZT, отправил 627 870 KZT; связей вход/выход 1/2. Активен 7 дн. Triage 0.48: оборот 677 870 KZT, PageRank 0.000296, кластер 3 уз.",1,2,50000.0,627870.0,0.00029556315108552104,12.5574,1,False,False
100000008749063100,terminal,0.75,1,0.440151661116933,"Конечный в выборке: получил 19 000 KZT в 1 переводах; исходящих переводов 0. Triage 0.44: оборот 19 000 KZT, PageRank 0.000290, кластер 270 уз.",1,0,19000.0,0.0,0.00028955779574058347,0.0,1,False,False
100000004494983100,terminal,0.75,1,0.45100538149050534,"Конечный в выборке: получил 35 000 KZT в 1 переводах; исходящих переводов 0. Triage 0.45: оборот 35 000 KZT, PageRank 0.000293, кластер 270 уз.",1,0,35000.0,0.0,0.00029290880774137247,0.0,1,False,False
100000007648946100,transit,0.8163682864450128,13,0.6176553866262969,"Транзит: получил 19 550 KZT, отправил 25 000 KZT; исходящий оборот — 128% наблюдаемого входящего. Активен 2 дн. Triage 0.62: оборот 44 550 KZT, PageRank 0.000289, кластер 50 уз.",1,1,19550.0,25000.0,0.00028923819732844523,1.278772378516624,1,False,False
100000003037660100,terminal,0.75,2,0.45812096400908475,"Конечный в выборке: получил 53 000 KZT в 1 переводах; исходящих переводов 0. Triage 0.46: оборот 53 000 KZT, PageRank 0.000296, кластер 148 уз.",1,0,53000.0,0.0,0.0002961622320112735,0.0,1,False,False
100000002679516100,terminal,0.75,11,0.4604059950711268,"Конечный в выборке: получил 102 335 KZT в 3 переводах; исходящих переводов 0. Triage 0.46: оборот 102 335 KZT, PageRank 0.000327, кластер 55 уз.",3,0,102335.0,0.0,0.0003267614084896249,0.0,1,False,False
100000005588444100,terminal,0.75,6,0.42975684263751796,"Конечный в выборке: получил 12 300 KZT в 1 переводах; исходящих переводов 0. Triage 0.43: оборот 12 300 KZT, PageRank 0.000286, кластер 106 уз.",1,0,12300.0,0.0,0.00028628297967180023,0.0,1,False,False
100000001307612100,terminal,0.75,1,0.4527033873034338,"Конечный в выборке: получил 38 483 KZT в 1 переводах; исходящих переводов 0. Triage 0.45: оборот 38 483 KZT, PageRank 0.000294, кластер 270 уз.",1,0,38483.0,0.0,0.0002936382811662942,0.0,1,False,False
100000003001564100,peripheral,0.5,5,0.45996253145546545,"Периферийный: получил 23 520 KZT, отправил 180 000 KZT; связей вход/выход 1/1. Triage 0.46: оборот 203 520 KZT, PageRank 0.000288, кластер 125 уз.",1,1,23520.0,180000.0,0.0002881042906727791,7.653061224489796,1,False,False
100000002762076100,peripheral,0.5,6,0.4596665718110557,"Периферийный: получил 140 350 KZT, отправил 30 000 KZT; связей вход/выход 2/1. Triage 0.46: оборот 170 350 KZT, PageRank 0.000299, кластер 106 уз.",2,1,140350.0,30000.0,0.00029913946747881767,0.21375133594584966,1,False,False
100000005514161100,consolidator,0.6833341438244652,6,0.6309080782804852,"Сборщик: получил 401 500 KZT от 4 контрагентов в 7 переводах; отправил 50 000 KZT. Активен 5 дн. AML-сигналы: fan-in. Triage 0.63: оборот 451 500 KZT, PageRank 0.000806, кластер 106 уз.",4,1,401500.0,50000.0,0.0008055292911898184,0.12453300124533001,1,False,False
100000008746673100,terminal,0.75,1,0.45848331536136383,"Конечный в выборке: получил 53 048 KZT в 1 переводах; исходящих переводов 0. Triage 0.46: оборот 53 048 KZT, PageRank 0.000297, кластер 270 уз.",1,0,53048.0,0.0,0.0002966887492782625,0.0,1,False,False
100000003265158100,transit,0.8874192217101785,11,0.7063851682431697,"Транзит: вход 146 100 KZT, выход 154 200 KZT; отношение 106% к наблюдаемому входу. AML: IN/OUT близко. Triage 0.71: PR 0.000385, кластер 55 уз.",3,2,146100.4,154200.0,0.00038454453100145717,1.055438588806054,1,False,False
100000001567366100,terminal,0.75,5,0.509616260640455,"Конечный в выборке: получил 824 070 KZT в 4 переводах; исходящих переводов 0. Triage 0.51: оборот 824 070 KZT, PageRank 0.000374, кластер 125 уз.",1,0,824070.0,0.0,0.0003740756575278719,0.0,1,False,False
100000008777088100,terminal,0.75,1,0.4391962999499635,"Конечный в выборке: получил 18 000 KZT в 1 переводах; исходящих переводов 0. Triage 0.44: оборот 18 000 KZT, PageRank 0.000289, кластер 270 уз.",1,0,18000.0,0.0,0.00028934835749053417,0.0,1,False,False
100000002589019100,terminal,0.75,11,0.4394214746636015,"Конечный в выборке: получил 34 710 KZT в 1 переводах; исходящих переводов 0. Triage 0.44: оборот 34 710 KZT, PageRank 0.000291, кластер 55 уз.",1,0,34710.0,0.0,0.00029133224462044667,0.0,1,False,False
100000008666075100,terminal,0.75,1,0.4458566719585708,"Конечный в выборке: получил 26 217 KZT в 1 переводах; исходящих переводов 0. Triage 0.45: оборот 26 217 KZT, PageRank 0.000291, кластер 270 уз.",1,0,26217.0,0.0,0.00029106931159118935,0.0,1,False,False
100000008137435100,peripheral,0.5,22,0.515446432310174,"Периферийный: получил 93 906 KZT, отправил 1 419 700 KZT; связей вход/выход 2/6. Активен 5 дн. AML-сигналы: структурный цикл. Triage 0.52: оборот 1 513 606 KZT, PageRank 0.000314, кластер 18 уз.",2,6,93906.0,1419700.0,0.0003142269955213787,15.118309799160864,1,False,False
100000004403675100,transit,0.8160197835829053,20,0.7069181891537282,"Транзит: вход 182 980 KZT, выход 264 699 KZT; отношение 145% к наблюдаемому входу. AML: fan-in, IN/OUT близко, структ. цикл. Triage 0.71: PR 0.000739, кластер 26 уз.",4,5,182980.0,264699.0,0.000738855668802224,1.4466007213903158,1,False,False
100000004677680100,peripheral,0.5,9,0.5555907929045271,"Периферийный: получил 63 000 KZT, отправил 168 000 KZT; связей вход/выход 2/1. Активен 4 дн. AML-сигналы: структурный цикл. Triage 0.56: оборот 231 000 KZT, PageRank 0.001094, кластер 59 уз.",2,1,63000.0,168000.0,0.0010939759365472368,2.6666666666666665,1,False,False
100000005958064100,peripheral,0.5,14,0.44382868814991877,"Периферийный: получил 5 746 KZT, отправил 163 987 KZT; связей вход/выход 1/2. Активен 2 дн. Triage 0.44: оборот 169 733 KZT, PageRank 0.000286, кластер 44 уз.",1,2,5746.0,163986.84,0.00028619553409982,28.539303863557258,1,False,False
100000002881669100,terminal,0.75,11,0.4283825002239331,"Конечный в выборке: получил 18 600 KZT в 1 переводах; исходящих переводов 0. Triage 0.43: оборот 18 600 KZT, PageRank 0.000289, кластер 55 уз.",1,0,18600.0,0.0,0.00028866173682983327,0.0,1,False,False
100000002938501100,peripheral,0.5,5,0.4665039317003399,"Периферийный: получил 8 395 KZT, отправил 5 000 KZT; связей вход/выход 1/1. Triage 0.47: оборот 13 395 KZT, PageRank 0.000286, кластер 125 уз.",1,1,8395.0,5000.0,0.00028648001121030545,0.5955926146515783,1,False,False
100000006734554100,peripheral,0.5,29,0.4773740412313482,"Периферийный: получил 16 500 KZT, отправил 25 000 KZT; связей вход/выход 1/1. Triage 0.48: оборот 41 500 KZT, PageRank 0.000312, кластер 13 уз.",1,1,16500.0,25000.0,0.000311864402309104,1.5151515151515151,1,False,False
100000008003034100,peripheral,0.5,13,0.479078875498806,"Периферийный: получил 12 201 KZT, отправил 135 000 KZT; связей вход/выход 1/4. Активен 4 дн. Triage 0.48: оборот 147 201 KZT, PageRank 0.000287, кластер 50 уз.",1,4,12201.0,135000.0,0.00028688873898777154,11.064666830587656,1,False,False
100000003970394100,terminal,0.75,11,0.45553862604327666,"Конечный в выборке: получил 85 000 KZT в 1 переводах; исходящих переводов 0. Triage 0.46: оборот 85 000 KZT, PageRank 0.000300, кластер 55 уз.",1,0,85000.0,0.0,0.00029966867148512364,0.0,1,False,False
100000003205210100,terminal,0.75,2,0.47600191779632683,"Конечный в выборке: получил 137 563 KZT в 1 переводах; исходящих переводов 0. Triage 0.48: оборот 137 563 KZT, PageRank 0.000313, кластер 148 уз.",1,0,137563.0,0.0,0.00031304892545274223,0.0,1,False,False
100000004559194100,terminal,0.75,5,0.4906937773308704,"Конечный в выборке: получил 282 145 KZT в 6 переводах; исходящих переводов 0. Triage 0.49: оборот 282 145 KZT, PageRank 0.000316, кластер 125 уз.",1,0,282145.0,0.0,0.00031587812710135745,0.0,1,False,False
100000008173359100,terminal,0.75,5,0.41871267312999194,"Конечный в выборке: получил 6 110 KZT в 1 переводах; исходящих переводов 0. Triage 0.42: оборот 6 110 KZT, PageRank 0.000286, кластер 125 уз.",1,0,6110.0,0.0,0.00028623462419729705,0.0,1,False,False
100000007953156100,peripheral,0.5,14,0.457500370038333,"Периферийный: получил 18 000 KZT, отправил 10 000 KZT; связей вход/выход 1/1. Triage 0.46: оборот 28 000 KZT, PageRank 0.000477, кластер 44 уз.",1,1,18000.0,10000.0,0.000477159152006991,0.5555555555555556,2,False,False
100000002224132100,peripheral,0.5,23,0.6929516669959965,"peripheral: вход 3 951 020 KZT, выход 12 115 000 KZT. AML: fan-in, структ. цикл. Triage 0.69: PR 0.006373, кластер 17 уз.",5,4,3951020.0,12115000.0,0.006372839261009825,3.0662968043695047,2,False,False
100000008547844100,distributor,0.7875039290371381,10,0.6360796693168445,"Распределитель: отправил 2 042 199 KZT в 21 переводах 19 получателям. Активен 11 дн. AML-сигналы: fan-out, структурный цикл. Triage 0.64: оборот 2 219 799 KZT, PageRank 0.000344, кластер 56 уз.",3,19,177600.0,2042199.0,0.00034431776963997416,11.498868243243244,2,False,False
100000002635780100,terminal,0.75,6,0.4695172362760401,"Конечный в выборке: получил 163 000 KZT в 1 переводах; исходящих переводов 0. Triage 0.47: оборот 163 000 KZT, PageRank 0.000555, кластер 106 уз.",1,0,163000.02,0.0,0.000555039657544242,0.0,2,False,False
100000001279875100,terminal,0.75,12,0.4297782777969475,"Конечный в выборке: получил 49 235 KZT в 1 переводах; исходящих переводов 0. Triage 0.43: оборот 49 235 KZT, PageRank 0.000303, кластер 51 уз.",1,0,49235.0,0.0,0.0003032617212096659,0.0,2,False,False
100000001961048100,terminal,0.75,30,0.4407621073388216,"Конечный в выборке: получил 150 000 KZT в 1 переводах; исходящих переводов 0. Triage 0.44: оборот 150 000 KZT, PageRank 0.000304, кластер 13 уз.",1,0,150000.0,0.0,0.0003042477462619702,0.0,2,False,False
100000000993112100,terminal,0.75,32,0.4362104861587549,"Конечный в выборке: получил 141 000 KZT в 1 переводах; исходящих переводов 0. Triage 0.44: оборот 141 000 KZT, PageRank 0.000441, кластер 10 уз.",1,0,141000.0,0.0,0.00044087537147468995,0.0,2,False,False
100000005547096100,peripheral,0.5,48,0.43547864007247483,"Периферийный: получил 8 000 KZT, отправил 226 300 KZT; связей вход/выход 1/2. AML-сигналы: структурный цикл. Triage 0.44: оборот 234 300 KZT, PageRank 0.000891, кластер 6 уз.",1,2,8000.0,226300.0,0.0008906798641170114,28.2875,2,False,False
100000000331309100,distributor,1.0,4,0.7014910380257968,"Распределитель: выход 23 001 375 KZT к 99 получателям. AML: fan-in, fan-out, структ. цикл. Triage 0.70: PR 0.000874, кластер 126 уз.",5,99,984635.0,23001375.0,0.0008744609545277542,23.360306103276848,2,False,False
100000006684930100,terminal,0.75,13,0.3973979137601786,"Конечный в выборке: получил 10 000 KZT в 1 переводах; исходящих переводов 0. Triage 0.40: оборот 10 000 KZT, PageRank 0.000299, кластер 50 уз.",1,0,10000.0,0.0,0.00029870220751149494,0.0,2,False,False
100000004479404100,peripheral,0.5,44,0.49743197679116247,"Периферийный: получил 1 492 000 KZT, отправил 300 000 KZT; связей вход/выход 2/1. AML-сигналы: структурный цикл. Triage 0.50: оборот 1 792 000 KZT, PageRank 0.000864, кластер 6 уз.",2,1,1492000.0,300000.0,0.0008644030095972895,0.20107238605898123,2,False,False
100000004134060100,terminal,0.75,17,0.43714401607967757,"Конечный в выборке: получил 88 179 KZT в 1 переводах; исходящих переводов 0. Triage 0.44: оборот 88 179 KZT, PageRank 0.000328, кластер 30 уз.",1,0,88179.0,0.0,0.00032796549624701315,0.0,2,False,False
100000001083990100,terminal,0.75,11,0.4511452576795599,"Конечный в выборке: получил 49 900 KZT в 2 переводах; исходящих переводов 0. Triage 0.45: оборот 49 900 KZT, PageRank 0.000502, кластер 55 уз.",1,0,49900.0,0.0,0.0005018548591288008,0.0,2,False,False
100000004573782100,terminal,0.75,6,0.41325149617519186,"Конечный в выборке: получил 15 000 KZT в 1 переводах; исходящих переводов 0. Triage 0.41: оборот 15 000 KZT, PageRank 0.000310, кластер 106 уз.",1,0,15000.0,0.0,0.00030984858914034636,0.0,2,False,False
100000005660203100,peripheral,0.5,5,0.5133591477597141,"Периферийный: получил 572 899 KZT, отправил 41 000 KZT; связей вход/выход 1/2. Активен 13 дн. AML-сигналы: структурный цикл. Triage 0.51: оборот 613 899 KZT, PageRank 0.000946, кластер 125 уз.",1,2,572899.0,41000.0,0.0009464573539396631,0.07156584319400104,2,False,False
100000008771627100,terminal,0.75,1,0.41641293424984416,"Конечный в выборке: получил 16 500 KZT в 1 переводах; исходящих переводов 0. Triage 0.42: оборот 16 500 KZT, PageRank 0.000291, кластер 270 уз.",1,0,16500.0,0.0,0.00029117035379913305,0.0,2,False,False
100000000031787100,transit,0.9000090935156737,6,0.6737950335343628,"Транзит: вход 90 000 KZT, выход 90 000 KZT; отношение 100% к наблюдаемому входу. AML: IN/OUT близко, структ. цикл. Triage 0.67: PR 0.000431, кластер 106 уз.",1,2,90000.0,90000.0,0.0004311991898938455,1.0,2,False,False
100000001346560100,peripheral,0.5,2,0.47922694548323813,"Периферийный: получил 10 000 KZT, отправил 22 200 KZT; связей вход/выход 2/1. Активен 3 дн. Triage 0.48: оборот 32 200 KZT, PageRank 0.000586, кластер 148 уз.",2,1,10000.0,22200.0,0.0005861407737835521,2.22,2,False,False
100000001703168100,peripheral,0.5,2,0.4932167570260068,"Периферийный: получил 45 000 KZT, отправил 90 000 KZT; связей вход/выход 1/1. Активен 2 дн. Triage 0.49: оборот 135 000 KZT, PageRank 0.000293, кластер 148 уз.",1,1,45000.0,90000.0,0.0002926630789314224,2.0,2,False,False
100000004904960100,terminal,0.75,0,0.46109962233502394,"Конечный в выборке: получил 32 000 KZT в 2 переводах; исходящих переводов 0. Triage 0.46: оборот 32 000 KZT, PageRank 0.000777, кластер 277 уз.",2,0,32000.0,0.0,0.0007772503207744211,0.0,2,False,False
100000004467157100,peripheral,0.5,34,0.41136575082021365,"Периферийный: получил 20 000 KZT, отправил 7 000 KZT; связей вход/выход 1/1. AML-сигналы: структурный цикл. Triage 0.41: оборот 27 000 KZT, PageRank 0.000386, кластер 10 уз.",1,1,20000.0,7000.0,0.0003862666622023085,0.35,2,False,False
100000008346837100,peripheral,0.5,13,0.5413773773984768,"peripheral: вход 254 359 KZT, выход 1 258 643 KZT. AML: fan-in, fan-out, структ. цикл. Triage 0.54: PR 0.000547, кластер 50 уз.",9,25,254359.0,1258643.0,0.0005470110525187589,4.948293553599441,2,False,False
100000006385877100,transit,0.8044604370932298,7,0.7444903308693561,"Транзит: вход 53 707 KZT, выход 36 603 KZT; отношение 68% к наблюдаемому входу. AML: IN/OUT близко, структ. цикл. Triage 0.74: PR 0.002207, кластер 104 уз.",1,1,53706.62,36602.93,0.002206780767134902,0.6815347903107661,2,False,False
100000002459093100,peripheral,0.5,27,0.44055487202964433,"Периферийный: получил 500 000 KZT, отправил 55 000 KZT; связей вход/выход 1/1. Triage 0.44: оборот 555 000 KZT, PageRank 0.000389, кластер 15 уз.",1,1,500000.0,55000.0,0.00038913472842959677,0.11,2,False,False
100000005053653100,peripheral,0.5,13,0.4439637474619657,"Периферийный: получил 63 073 KZT, отправил 25 000 KZT; связей вход/выход 2/1. Triage 0.44: оборот 88 073 KZT, PageRank 0.000314, кластер 50 уз.",2,1,63073.0,25000.0,0.0003135640229417033,0.3963661154535221,2,False,False
100000001557930100,terminal,0.75,6,0.42677201964501493,"Конечный в выборке: получил 34 610 KZT в 1 переводах; исходящих переводов 0. Triage 0.43: оборот 34 610 KZT, PageRank 0.000292, кластер 106 уз.",1,0,34610.0,0.0,0.00029212933665716094,0.0,2,False,False
100000002820010100,terminal,0.75,6,0.42422706944175737,"Конечный в выборке: получил 30 000 KZT в 1 переводах; исходящих переводов 0. Triage 0.42: оборот 30 000 KZT, PageRank 0.000291, кластер 106 уз.",1,0,30000.0,0.0,0.00029125677092623804,0.0,2,False,False
100000000769919100,terminal,0.75,61,0.46031387771690807,"Конечный в выборке: получил 250 000 KZT в 1 переводах; исходящих переводов 0. AML-сигналы: money island. Triage 0.46: оборот 250 000 KZT, PageRank 0.000735, кластер 3 уз.",1,0,250000.0,0.0,0.0007346506114947496,0.0,2,False,False
100000003188607100,peripheral,0.5,6,0.41281957558090604,"Периферийный: получил 18 000 KZT, отправил 5 000 KZT; связей вход/выход 1/1. Triage 0.41: оборот 23 000 KZT, PageRank 0.000315, кластер 106 уз.",1,1,18000.0,5000.0,0.0003147026131704863,0.2777777777777778,2,False,False
100000002836052100,terminal,0.75,2,0.4151514215245573,"Конечный в выборке: получил 15 000 KZT в 1 переводах; исходящих переводов 0. Triage 0.42: оборот 15 000 KZT, PageRank 0.000306, кластер 148 уз.",1,0,15000.0,0.0,0.00030563185840380485,0.0,2,False,False
100000001102676100,transit,0.9005501511010368,2,0.6770643611102283,"Транзит: вход 50 000 KZT, выход 50 000 KZT; отношение 100% к наблюдаемому входу. AML: IN/OUT близко. Triage 0.68: PR 0.000313, кластер 148 уз.",1,1,50000.0,50000.0,0.0003130037168188014,1.0,2,False,False
100000003390036100,peripheral,0.5,9,0.5408234690125836,"Периферийный: получил 231 300 KZT, отправил 62 000 KZT; связей вход/выход 2/2. Активен 5 дн. AML-сигналы: структурный цикл. Triage 0.54: оборот 293 300 KZT, PageRank 0.001319, кластер 59 уз.",2,2,231300.0,62000.0,0.0013188723069510353,0.2680501513186338,2,False,False
100000008335401100,terminal,0.75,8,0.4764263928865199,"Конечный в выборке: получил 150 000 KZT в 3 переводах; исходящих переводов 0. Triage 0.48: оборот 150 000 KZT, PageRank 0.000551, кластер 61 уз.",1,0,150000.0,0.0,0.0005508534875065414,0.0,2,False,False
100000006994985100,peripheral,0.5,6,0.4542713978520441,"Периферийный: получил 48 500 KZT, отправил 10 200 KZT; связей вход/выход 1/1. Активен 4 дн. Triage 0.45: оборот 58 700 KZT, PageRank 0.000501, кластер 106 уз.",1,1,48500.0,10200.0,0.0005010271653136379,0.21030927835051547,2,False,False
100000008356606100,terminal,0.75,13,0.46624557337594247,"Конечный в выборке: получил 168 500 KZT в 2 переводах; исходящих переводов 0. Triage 0.47: оборот 168 500 KZT, PageRank 0.000626, кластер 50 уз.",2,0,168500.0,0.0,0.0006263831406486711,0.0,2,False,False
100000007930878100,terminal,0.75,43,0.3838282240087383,"Конечный в выборке: получил 5 000 KZT в 1 переводах; исходящих переводов 0. Triage 0.38: оборот 5 000 KZT, PageRank 0.000483, кластер 6 уз.",1,0,5000.0,0.0,0.00048293935464607915,0.0,2,False,False
100000008389800100,peripheral,0.5,5,0.5443388768281409,"Периферийный: получил 189 000 KZT, отправил 401 620 KZT; связей вход/выход 3/7. Активен 7 дн. AML-сигналы: структурный цикл. Triage 0.54: оборот 590 620 KZT, PageRank 0.000505, кластер 125 уз.",3,7,189000.0,401620.0,0.0005047351705060186,2.124973544973545,2,False,False
100000005474472100,terminal,0.75,23,0.45323643624030446,"Конечный в выборке: получил 100 000 KZT в 1 переводах; исходящих переводов 0. Triage 0.45: оборот 100 000 KZT, PageRank 0.000545, кластер 17 уз.",1,0,100000.0,0.0,0.0005446459771682311,0.0,2,False,False
100000004486525100,transit,0.8255835730554313,0,0.711197295513553,"Транзит: вход 360 924 KZT, выход 271 045 KZT; отношение 75% к наблюдаемому входу. AML: fan-in, IN/OUT близко. Triage 0.71: PR 0.000805, кластер 277 уз.",8,2,360924.0,271045.0,0.0008051540155603938,0.7509752745730403,2,False,False
100000003031890100,terminal,0.75,24,0.4505895464039091,"Конечный в выборке: получил 215 000 KZT в 10 переводах; исходящих переводов 0. Triage 0.45: оборот 215 000 KZT, PageRank 0.000392, кластер 17 уз.",1,0,215000.0,0.0,0.0003919036968762211,0.0,2,False,False
100000008624978100,terminal,0.75,17,0.4414392161905279,"Конечный в выборке: получил 109 000 KZT в 1 переводах; исходящих переводов 0. Triage 0.44: оборот 109 000 KZT, PageRank 0.000338, кластер 30 уз.",1,0,109000.0,0.0,0.00033797400501356335,0.0,2,False,False
100000000790311100,terminal,0.75,15,0.42391195824657985,"Конечный в выборке: получил 46 300 KZT в 1 переводах; исходящих переводов 0. Triage 0.42: оборот 46 300 KZT, PageRank 0.000300, кластер 41 уз.",1,0,46300.0,0.0,0.00030027400195997884,0.0,2,False,False
100000008546855100,consolidator,0.750000475994673,18,0.6429656950990352,"Сборщик: получил 71 790 KZT от 6 контрагентов в 8 переводах; отправил 10 000 KZT. Активен 3 дн. AML-сигналы: fan-in, структурный цикл. Triage 0.64: оборот 81 790 KZT, PageRank 0.001422, кластер 30 уз.",6,2,71790.0,10000.0,0.0014217714118082661,0.1392951664577239,2,False,False
100000002863356100,peripheral,0.5,1,0.45489592383999233,"Периферийный: получил 45 000 KZT, отправил 20 000 KZT; связей вход/выход 1/1. Triage 0.45: оборот 65 000 KZT, PageRank 0.000301, кластер 270 уз.",1,1,45000.0,20000.0,0.00030082906392460976,0.4444444444444444,2,False,False
100000000332284100,peripheral,0.5,4,0.5532115856444041,"Периферийный: получил 107 426 KZT, отправил 289 500 KZT; связей вход/выход 10/3. Активен 10 дн. AML-сигналы: fan-in. Triage 0.55: оборот 396 926 KZT, PageRank 0.000717, кластер 126 уз.",10,3,107426.0,289500.0,0.0007165868294762701,2.69487833485376,2,False,False
100000002605308100,consolidator,0.6500012552792647,14,0.6285457297849516,"Сборщик: получил 2 569 522 KZT от 3 контрагентов в 7 переводах; отправил 0 KZT. Активен 3 дн. AML-сигналы: fan-in. Triage 0.63: оборот 2 569 522 KZT, PageRank 0.000883, кластер 44 уз.",3,0,2569521.84,0.0,0.0008828918971293257,0.0,2,False,False
100000005931985100,terminal,0.75,12,0.4379238412673684,"Конечный в выборке: получил 76 000 KZT в 1 переводах; исходящих переводов 0. Triage 0.44: оборот 76 000 KZT, PageRank 0.000313, кластер 51 уз.",1,0,76000.0,0.0,0.0003128746438392753,0.0,2,False,False
100000001166289100,peripheral,0.5,1,0.5749898589145389,"Периферийный: получил 721 039 KZT, отправил 25 000 KZT; связей вход/выход 2/1. Активен 11 дн. AML-сигналы: структурный цикл. Triage 0.57: оборот 746 039 KZT, PageRank 0.002128, кластер 270 уз.",2,1,721039.0,25000.0,0.0021277202815812835,0.0346721883282319,2,False,False
100000008477350100,distributor,1.0,0,0.7327183758076785,"Распределитель: выход 3 374 866 KZT к 39 получателям. AML: fan-in, fan-out, структ. цикл. Triage 0.73: PR 0.001033, кластер 277 уз.",11,39,610100.0,3374866.0,0.001032856200954056,5.531660383543682,2,False,False
100000003824464100,terminal,0.75,22,0.44596604357149244,"Конечный в выборке: получил 200 000 KZT в 1 переводах; исходящих переводов 0. Triage 0.45: оборот 200 000 KZT, PageRank 0.000323, кластер 18 уз.",1,0,200000.0,0.0,0.00032320514310398745,0.0,2,False,False
100000002738256100,transit,0.8504660452729693,52,0.6507007849626999,"Транзит: вход 150 200 KZT, выход 175 000 KZT; отношение 117% к наблюдаемому входу. AML: IN/OUT близко, структ. цикл, island. Triage 0.65: PR 0.000509, кластер 5 уз.",1,1,150200.0,175000.0,0.0005090003253022706,1.1651131824234353,2,False,False
100000001857829100,distributor,0.8,3,0.7241246674161218,"Распределитель: выход 2 390 993 KZT к 16 получателям. AML: fan-in, fan-out, структ. цикл. Triage 0.72: PR 0.000620, кластер 126 уз.",6,16,888535.0,2390993.0,0.0006198927582914062,2.690938454872346,2,False,False
100000008672762100,terminal,0.75,1,0.4121845952513204,"Конечный в выборке: получил 13 000 KZT в 1 переводах; исходящих переводов 0. Triage 0.41: оборот 13 000 KZT, PageRank 0.000290, кластер 270 уз.",1,0,13000.0,0.0,0.00028998419641530255,0.0,2,False,False
100000001737722100,terminal,0.75,2,0.4402434906313957,"Конечный в выборке: получил 60 460 KZT в 1 переводах; исходящих переводов 0. Triage 0.44: оборот 60 460 KZT, PageRank 0.000319, кластер 148 уз.",1,0,60460.0,0.0,0.00031874107866466055,0.0,2,False,False
100000005572303100,peripheral,0.5,5,0.4374346307043444,"Периферийный: получил 75 000 KZT, отправил 20 000 KZT; связей вход/выход 1/1. Triage 0.44: оборот 95 000 KZT, PageRank 0.000313, кластер 125 уз.",1,1,75000.0,20000.0,0.00031325164211481755,0.26666666666666666,2,False,False
100000008733049100,terminal,0.75,15,0.3964977833000657,"Конечный в выборке: получил 10 000 KZT в 1 переводах; исходящих переводов 0. Triage 0.40: оборот 10 000 KZT, PageRank 0.000289, кластер 41 уз.",1,0,10000.0,0.0,0.00028875245019274206,0.0,2,False,False
100000000850297100,transit,0.8999999999999999,9,0.6493562641405798,"Транзит: вход 17 520 KZT, выход 17 520 KZT; отношение 100% к наблюдаемому входу. AML: IN/OUT близко, структ. цикл. Triage 0.65: PR 0.000294, кластер 59 уз.",1,1,17520.0,17520.0,0.0002939106324372434,1.0,2,False,False
100000005140601100,peripheral,0.5,3,0.6027697701345583,"Периферийный: получил 52 685 KZT, отправил 195 300 KZT; связей вход/выход 3/2. Активен 6 дн. AML-сигналы: структурный цикл. Triage 0.60: оборот 247 985 KZT, PageRank 0.002852, кластер 126 уз.",3,2,52685.0,195300.0,0.0028523232701586614,3.706937458479643,2,False,False
100000004410489100,terminal,0.75,2,0.43800147378486415,"Конечный в выборке: получил 54 000 KZT в 1 переводах; исходящих переводов 0. Triage 0.44: оборот 54 000 KZT, PageRank 0.000314, кластер 148 уз.",1,0,54000.0,0.0,0.00031419184679853625,0.0,2,False,False
100000006852430100,terminal,0.75,9,0.4368472182712937,"Конечный в выборке: получил 37 000 KZT в 1 переводах; исходящих переводов 0. Triage 0.44: оборот 37 000 KZT, PageRank 0.000536, кластер 59 уз.",1,0,37000.0,0.0,0.0005359136433743608,0.0,2,False,False
100000003166755100,terminal,0.75,2,0.42238349526054614,"Конечный в выборке: получил 24 010 KZT в 1 переводах; исходящих переводов 0. Triage 0.42: оборот 24 010 KZT, PageRank 0.000289, кластер 148 уз.",1,0,24010.0,0.0,0.00028935850198302516,0.0,2,False,False
100000008258083100,transit,0.7966369978765966,30,0.7200614569151843,"Транзит: вход 3 149 500 KZT, выход 2 045 650 KZT; отношение 65% к наблюдаемому входу. AML: IN/OUT близко, структ. цикл. Triage 0.72: PR 0.001047, кластер 13 уз.",2,2,3149500.0,2045650.0,0.0010467579483211691,0.6495157961581204,2,False,False
100000003054328100,transit,0.7849039013133965,12,0.6497784061268372,"Транзит: вход 140 000 KZT, выход 193 720 KZT; отношение 138% к наблюдаемому входу. AML: IN/OUT близко. Triage 0.65: PR 0.000336, кластер 51 уз.",1,2,140000.0,193720.0,0.00033586089634422584,1.3837142857142857,2,False,False
100000008473207100,terminal,0.75,2,0.47544565206205053,"Конечный в выборке: получил 202 000 KZT в 4 переводах; исходящих переводов 0. Triage 0.48: оборот 202 000 KZT, PageRank 0.000556, кластер 148 уз.",1,0,202000.0,0.0,0.0005556307797669788,0.0,2,False,False
100000008104567100,transit,0.8603708615712427,8,0.6501965942039084,"Транзит: вход 53 550 KZT, выход 40 000 KZT; отношение 75% к наблюдаемому входу. AML: IN/OUT близко, структ. цикл. Triage 0.65: PR 0.000538, кластер 61 уз.",3,3,53550.0,40000.0,0.000537782838963045,0.7469654528478058,2,False,False
100000002721825100,terminal,0.75,0,0.4277610800736079,"Конечный в выборке: получил 11 000 KZT в 1 переводах; исходящих переводов 0. Triage 0.43: оборот 11 000 KZT, PageRank 0.000531, кластер 277 уз.",1,0,11000.0,0.0,0.0005311365672721808,0.0,2,False,False
100000003509750100,transit,0.8858639144976025,6,0.7489159546404689,"Транзит: вход 82 290 KZT, выход 78 400 KZT; отношение 95% к наблюдаемому входу. AML: IN/OUT близко, структ. цикл. Triage 0.75: PR 0.001684, кластер 106 уз.",3,3,82290.0,78400.0,0.0016838242712627596,0.9527281565196257,2,False,False
100000007322059100,transit,0.8336770472627321,32,0.6224887523245224,"Транзит: вход 29 000 KZT, выход 22 500 KZT; отношение 78% к наблюдаемому входу. AML: IN/OUT близко, структ. цикл. Triage 0.62: PR 0.000678, кластер 10 уз.",2,1,29000.0,22500.0,0.0006784858452456688,0.7758620689655172,2,False,False
100000004441291100,terminal,0.75,2,0.43469093129830083,"Конечный в выборке: получил 20 000 KZT в 1 переводах; исходящих переводов 0. Triage 0.43: оборот 20 000 KZT, PageRank 0.000548, кластер 148 уз.",1,0,20000.0,0.0,0.0005484937619328666,0.0,2,False,False
100000006122699100,terminal,0.75,11,0.4438554398309709,"Конечный в выборке: получил 45 865 KZT в 2 переводах; исходящих переводов 0. Triage 0.44: оборот 45 865 KZT, PageRank 0.000405, кластер 55 уз.",2,0,45865.0,0.0,0.0004045385963287768,0.0,2,False,False
100000008254069100,peripheral,0.5,20,0.44707078868881023,"Периферийный: получил 10 200 KZT, отправил 107 500 KZT; связей вход/выход 1/5. Активен 4 дн. AML-сигналы: структурный цикл. Triage 0.45: оборот 117 700 KZT, PageRank 0.000342, кластер 26 уз.",1,5,10200.0,107500.0,0.00034241648831184827,10.53921568627451,2,False,False
100000003336565100,terminal,0.75,1,0.41646671044560357,"Конечный в выборке: получил 16 550 KZT в 1 переводах; исходящих переводов 0. Triage 0.42: оборот 16 550 KZT, PageRank 0.000291, кластер 270 уз.",1,0,16550.0,0.0,0.0002911872989046163,0.0,2,False,False
100000002492277100,terminal,0.75,2,0.454030213136866,"Конечный в выборке: получил 138 500 KZT в 1 переводах; исходящих переводов 0. Triage 0.45: оборот 138 500 KZT, PageRank 0.000307, кластер 148 уз.",1,0,138500.0,0.0,0.0003073833240326679,0.0,2,False,False
100000001339466100,terminal,0.75,2,0.42714217830140805,"Конечный в выборке: получил 30 000 KZT в 1 переводах; исходящих переводов 0. Triage 0.43: оборот 30 000 KZT, PageRank 0.000304, кластер 148 уз.",1,0,30000.0,0.0,0.00030386995156570613,0.0,2,False,False
100000005022964100,terminal,0.75,2,0.4214649973409098,"Конечный в выборке: получил 20 000 KZT в 1 переводах; исходящих переводов 0. Triage 0.42: оборот 20 000 KZT, PageRank 0.000327, кластер 148 уз.",1,0,20000.0,0.0,0.0003273200215047848,0.0,2,False,False
100000003112436100,terminal,0.75,5,0.44703134991923354,"Конечный в выборке: получил 100 000 KZT в 1 переводах; исходящих переводов 0. Triage 0.45: оборот 100 000 KZT, PageRank 0.000302, кластер 125 уз.",1,0,100000.0,0.0,0.0003021179490368727,0.0,2,False,False
100000000489417100,transit,0.8735417182005766,13,0.6776651761878189,"Транзит: вход 73 504 KZT, выход 80 000 KZT; отношение 109% к наблюдаемому входу. AML: IN/OUT близко. Triage 0.68: PR 0.000551, кластер 50 уз.",3,1,73504.0,80000.0,0.0005514513352840955,1.0883761427949499,2,False,False
100000002217161100,peripheral,0.5,35,0.553882035214978,"Периферийный: получил 404 750 KZT, отправил 995 132 KZT; связей вход/выход 2/7. Активен 21 дн. AML-сигналы: структурный цикл. Triage 0.55: оборот 1 399 882 KZT, PageRank 0.000889, кластер 9 уз.",2,7,404750.0,995132.0,0.0008889181979958882,2.4586337245213095,2,False,False
100000002469065100,terminal,0.75,5,0.460108964728086,"Конечный в выборке: получил 200 000 KZT в 1 переводах; исходящих переводов 0. Triage 0.46: оборот 200 000 KZT, PageRank 0.000319, кластер 125 уз.",1,0,200000.0,0.0,0.00031865742908409895,0.0,2,False,False
100000007337374100,terminal,0.75,1,0.41983848815551966,"Конечный в выборке: получил 20 000 KZT в 2 переводах; исходящих переводов 0. Triage 0.42: оборот 20 000 KZT, PageRank 0.000292, кластер 270 уз.",1,0,20000.0,0.0,0.00029235651118296354,0.0,2,False,False
100000003249054100,consolidator,0.7833352780121559,2,0.5764657725741639,"Сборщик: получил 99 700 KZT от 7 контрагентов в 11 переводах; отправил 15 000 KZT. Активен 9 дн. AML-сигналы: fan-in. Triage 0.58: оборот 114 700 KZT, PageRank 0.000431, кластер 148 уз.",7,1,99700.0,15000.0,0.00043126588088451736,0.15045135406218657,2,False,False
100000003024542100,terminal,0.75,2,0.4059807963840379,"Конечный в выборке: получил 8 500 KZT в 1 переводах; исходящих переводов 0. Triage 0.41: оборот 8 500 KZT, PageRank 0.000318, кластер 148 уз.",1,0,8500.0,0.0,0.0003179006845242388,0.0,2,False,False
100000002718366100,consolidator,0.7500118686909995,7,0.6211802215400258,"Сборщик: получил 2 525 000 KZT от 6 контрагентов в 10 переводах; отправил 0 KZT. Активен 5 дн. AML-сигналы: fan-in. Triage 0.62: оборот 2 525 000 KZT, PageRank 0.000681, кластер 104 уз.",6,0,2525000.0,0.0,0.0006811609183392142,0.0,2,False,False
100000005059998100,terminal,0.75,0,0.42228295363887475,"Конечный в выборке: получил 18 000 KZT в 1 переводах; исходящих переводов 0. Triage 0.42: оборот 18 000 KZT, PageRank 0.000296, кластер 277 уз.",1,0,18000.0,0.0,0.00029591452522437727,0.0,2,False,False
100000004071070100,peripheral,0.5,0,0.4895590629918284,"Периферийный: получил 41 000 KZT, отправил 6 000 KZT; связей вход/выход 2/1. Активен 6 дн. AML-сигналы: структурный цикл. Triage 0.49: оборот 47 000 KZT, PageRank 0.001189, кластер 277 уз.",2,1,41000.0,6000.0,0.0011888262195703747,0.14634146341463414,2,False,False
100000001584286100,terminal,0.75,12,0.48631749542517655,"Конечный в выборке: получил 738 699 KZT в 3 переводах; исходящих переводов 0. Triage 0.49: оборот 738 699 KZT, PageRank 0.000328, кластер 51 уз.",2,0,738699.0,0.0,0.0003283930805162322,0.0,2,False,False
100000008701256100,terminal,0.75,0,0.4432296893200758,"Конечный в выборке: получил 58 250 KZT в 1 переводах; исходящих переводов 0. Triage 0.44: оборот 58 250 KZT, PageRank 0.000304, кластер 277 уз.",1,0,58250.0,0.0,0.0003037282217462906,0.0,2,False,False
100000001490461100,peripheral,0.5,8,0.40406387987775516,"Периферийный: получил 20 000 KZT, отправил 5 000 KZT; связей вход/выход 1/1. Triage 0.40: оборот 25 000 KZT, PageRank 0.000321, кластер 61 уз.",1,1,20000.0,5000.0,0.00032094847145856586,0.25,2,False,False
100000008531186100,terminal,0.75,2,0.4555210078821223,"Конечный в выборке: получил 125 000 KZT в 1 переводах; исходящих переводов 0. Triage 0.46: оборот 125 000 KZT, PageRank 0.000362, кластер 148 уз.",1,0,125000.0,0.0,0.00036179297972322816,0.0,2,False,False
100000004765639100,peripheral,0.5,0,0.4738903124477069,"Периферийный: получил 5 000 KZT, отправил 11 000 KZT; связей вход/выход 1/2. Активен 2 дн. AML-сигналы: структурный цикл. Triage 0.47: оборот 16 000 KZT, PageRank 0.000362, кластер 277 уз.",1,2,5000.0,11000.0,0.00036154659024836556,2.2,2,False,False
100000002983879100,terminal,0.75,2,0.4664653423451289,"Конечный в выборке: получил 200 050 KZT в 2 переводах; исходящих переводов 0. Triage 0.47: оборот 200 050 KZT, PageRank 0.000358, кластер 148 уз.",2,0,200050.0,0.0,0.00035792455752414027,0.0,2,False,False
100000008734364100,terminal,0.75,1,0.42467298252544006,"Конечный в выборке: получил 26 200 KZT в 1 переводах; исходящих переводов 0. Triage 0.42: оборот 26 200 KZT, PageRank 0.000294, кластер 270 уз.",1,0,26200.0,0.0,0.0002944577042628918,0.0,2,False,False
100000003192220100,terminal,0.75,54,0.42264238435560864,"Конечный в выборке: получил 60 000 KZT в 2 переводах; исходящих переводов 0. Triage 0.42: оборот 60 000 KZT, PageRank 0.000503, кластер 4 уз.",1,0,60000.0,0.0,0.00050258633728433,0.0,2,False,False
100000008060273100,terminal,0.75,2,0.4076813007089917,"Конечный в выборке: получил 10 000 KZT в 2 переводах; исходящих переводов 0. Triage 0.41: оборот 10 000 KZT, PageRank 0.000299, кластер 148 уз.",1,0,10000.0,0.0,0.0002989473952657521,0.0,2,False,False
100000008205937100,terminal,0.75,13,0.42120578776644124,"Конечный в выборке: получил 35 000 KZT в 3 переводах; исходящих переводов 0. Triage 0.42: оборот 35 000 KZT, PageRank 0.000332, кластер 50 уз.",1,0,35000.0,0.0,0.0003315115538161159,0.0,2,False,False
100000005507142100,peripheral,0.5,37,0.4783216570228333,"Периферийный: получил 51 000 KZT, отправил 100 000 KZT; связей вход/выход 3/3. Активен 7 дн. AML-сигналы: структурный цикл. Triage 0.48: оборот 151 000 KZT, PageRank 0.000559, кластер 8 уз.",3,3,51000.0,100000.0,0.0005585473834206089,1.9607843137254901,2,False,False
100000005539910100,peripheral,0.5,2,0.4666448857772915,"Периферийный: получил 102 000 KZT, отправил 22 000 KZT; связей вход/выход 1/2. Активен 2 дн. Triage 0.47: оборот 124 000 KZT, PageRank 0.000498, кластер 148 уз.",1,2,102000.0,22000.0,0.0004984603868168518,0.21568627450980393,2,False,False
100000002459163100,terminal,0.75,56,0.3992578302420719,"Конечный в выборке: получил 20 180 KZT в 1 переводах; исходящих переводов 0. AML-сигналы: money island. Triage 0.40: оборот 20 180 KZT, PageRank 0.000365, кластер 4 уз.",1,0,20180.0,0.0,0.00036461664803640975,0.0,2,False,False
100000004666651100,terminal,0.75,66,0.4543117312566469,"Конечный в выборке: получил 429 250 KZT в 1 переводах; исходящих переводов 0. Triage 0.45: оборот 429 250 KZT, PageRank 0.000457, кластер 3 уз.",1,0,429250.0,0.0,0.0004573336256556942,0.0,2,False,False
100000003927792100,terminal,0.75,15,0.4012206540998905,"Конечный в выборке: получил 13 067 KZT в 1 переводах; исходящих переводов 0. Triage 0.40: оборот 13 067 KZT, PageRank 0.000290, кластер 41 уз.",1,0,13067.0,0.0,0.00028972591022773147,0.0,2,False,False
100000000607941100,transit,0.781323067999547,5,0.6492396342883248,"Транзит: вход 50 000 KZT, выход 70 000 KZT; отношение 140% к наблюдаемому входу. AML: IN/OUT близко, структ. цикл. Triage 0.65: PR 0.000577, кластер 125 уз.",2,1,50000.0,70000.0,0.0005774893293661632,1.4,2,False,False
100000004158362100,terminal,0.75,0,0.4149414647591651,"Конечный в выборке: получил 12 000 KZT в 1 переводах; исходящих переводов 0. Triage 0.41: оборот 12 000 KZT, PageRank 0.000291, кластер 277 уз.",1,0,12000.0,0.0,0.00029138343269677634,0.0,2,False,False
100000005664922100,peripheral,0.5,23,0.4795228215442958,"Периферийный: получил 22 000 KZT, отправил 537 000 KZT; связей вход/выход 2/3. AML-сигналы: структурный цикл. Triage 0.48: оборот 559 000 KZT, PageRank 0.000805, кластер 17 уз.",2,3,22000.0,537000.0,0.0008053056367711506,24.40909090909091,2,False,False
100000007594394100,peripheral,0.5,18,0.5370767067884249,"Периферийный: получил 395 385 KZT, отправил 3 376 312 KZT; связей вход/выход 6/1. Активен 19 дн. AML-сигналы: структурный цикл. Triage 0.54: оборот 3 771 697 KZT, PageRank 0.000405, кластер 30 уз.",6,1,395385.0,3376312.0,0.0004053402605997848,8.539302199122375,2,False,False
100000000979567100,terminal,0.75,1,0.42198954208916084,"Конечный в выборке: получил 10 000 KZT в 1 переводах; исходящих переводов 0. Triage 0.42: оборот 10 000 KZT, PageRank 0.000530, кластер 270 уз.",1,0,10000.0,0.0,0.0005304564377880148,0.0,2,False,False
100000002831727100,peripheral,0.5,18,0.41751535947519336,"Периферийный: получил 6 000 KZT, отправил 77 000 KZT; связей вход/выход 1/1. Активен 4 дн. Triage 0.42: оборот 83 000 KZT, PageRank 0.000291, кластер 30 уз.",1,1,6000.0,77000.0,0.00029074929195123725,12.833333333333334,2,False,False
100000003062895100,terminal,0.75,10,0.46939733462755534,"Конечный в выборке: получил 328 444 KZT в 2 переводах; исходящих переводов 0. Triage 0.47: оборот 328 444 KZT, PageRank 0.000408, кластер 56 уз.",2,0,328444.0,0.0,0.0004075080850041961,0.0,2,False,False
100000008376089100,terminal,0.75,30,0.4388127083924984,"Конечный в выборке: получил 135 000 KZT в 1 переводах; исходящих переводов 0. Triage 0.44: оборот 135 000 KZT, PageRank 0.000302, кластер 13 уз.",1,0,135000.0,0.0,0.0003023808185347378,0.0,2,False,False
100000003219438100,terminal,0.75,34,0.41651370802347004,"Конечный в выборке: получил 32 000 KZT в 1 переводах; исходящих переводов 0. Triage 0.42: оборот 32 000 KZT, PageRank 0.000447, кластер 10 уз.",1,0,32000.0,0.0,0.0004466795781299057,0.0,2,False,False
100000000967918100,terminal,0.75,0,0.4360857595777125,"Конечный в выборке: получил 21 200 KZT в 3 переводах; исходящих переводов 0. Triage 0.44: оборот 21 200 KZT, PageRank 0.000479, кластер 277 уз.",1,0,21200.0,0.0,0.0004790200636982663,0.0,2,False,False
100000003254723100,terminal,0.75,2,0.4789452998904034,"Конечный в выборке: получил 269 850 KZT в 6 переводах; исходящих переводов 0. Triage 0.48: оборот 269 850 KZT, PageRank 0.000530, кластер 148 уз.",1,0,269850.0,0.0,0.0005296989796487343,0.0,2,False,False
100000003823811100,peripheral,0.5,20,0.4515287289047894,"Периферийный: получил 30 000 KZT, отправил 66 130 KZT; связей вход/выход 1/3. Triage 0.45: оборот 96 130 KZT, PageRank 0.000357, кластер 26 уз.",1,3,30000.0,66130.0,0.00035675674905540793,2.2043333333333335,2,False,False
100000008587459100,peripheral,0.5,0,0.4837766067512008,"Периферийный: получил 181 507 KZT, отправил 686 500 KZT; связей вход/выход 2/2. AML-сигналы: структурный цикл. Triage 0.48: оборот 868 007 KZT, PageRank 0.000301, кластер 277 уз.",2,2,181507.0,686500.0,0.00030074372860454005,3.782223275135394,2,False,False
100000008603331100,peripheral,0.5,10,0.47855790976255064,"Периферийный: получил 39 500 KZT, отправил 741 774 KZT; связей вход/выход 2/6. Активен 6 дн. AML-сигналы: структурный цикл. Triage 0.48: оборот 781 274 KZT, PageRank 0.000344, кластер 56 уз.",2,6,39500.0,741774.0,0.00034417645171746597,18.779088607594936,2,False,False
100000008758168100,peripheral,0.5,17,0.48206581212442967,"Периферийный: получил 75 410 KZT, отправил 1 533 600 KZT; связей вход/выход 2/5. Активен 5 дн. Triage 0.48: оборот 1 609 010 KZT, PageRank 0.000318, кластер 30 уз.",2,5,75410.0,1533600.0,0.00031833416612539635,20.33682535472749,2,False,False
100000003724440100,terminal,0.75,2,0.4362929836849139,"Конечный в выборке: получил 50 000 KZT в 2 переводах; исходящих переводов 0. Triage 0.44: оборот 50 000 KZT, PageRank 0.000308, кластер 148 уз.",2,0,50000.0,0.0,0.00030806073428003963,0.0,2,False,False
100000000291906100,transit,0.8493269188367737,49,0.6875964541180485,"Транзит: вход 388 000 KZT, выход 455 854 KZT; отношение 117% к наблюдаемому входу. AML: IN/OUT близко, структ. цикл. Triage 0.69: PR 0.000762, кластер 5 уз.",2,2,388000.0,455854.0,0.0007620647915915965,1.1748814432989692,2,False,False
100000005077484100,peripheral,0.5,29,0.4521235780111798,"Периферийный: получил 150 000 KZT, отправил 13 550 KZT; связей вход/выход 1/2. Активен 2 дн. AML-сигналы: структурный цикл. Triage 0.45: оборот 163 550 KZT, PageRank 0.000539, кластер 13 уз.",1,2,150000.0,13550.0,0.0005388232017015655,0.09033333333333333,2,False,False
100000004192107100,terminal,0.75,2,0.4236801659368553,"Конечный в выборке: получил 25 000 KZT в 1 переводах; исходящих переводов 0. Triage 0.42: оборот 25 000 KZT, PageRank 0.000299, кластер 148 уз.",1,0,25000.0,0.0,0.00029929109290422395,0.0,2,False,False
100000002193259100,transit,0.8389776482016243,11,0.6686362204191407,"Транзит: вход 48 000 KZT, выход 58 000 KZT; отношение 121% к наблюдаемому входу. AML: IN/OUT близко, структ. цикл. Triage 0.67: PR 0.000888, кластер 55 уз.",2,3,48000.0,58000.0,0.0008882314141761387,1.2083333333333333,2,False,False
100000005481280100,peripheral,0.5,15,0.4987793229934368,"Периферийный: получил 32 700 KZT, отправил 50 000 KZT; связей вход/выход 1/3. Активен 4 дн. Triage 0.50: оборот 82 700 KZT, PageRank 0.000296, кластер 41 уз.",1,3,32700.0,50000.0,0.00029595738752376895,1.529051987767584,2,False,False
100000004527381100,peripheral,0.5,15,0.5225752138926104,"Периферийный: получил 119 333 KZT, отправил 273 866 KZT; связей вход/выход 1/1. Triage 0.52: оборот 393 199 KZT, PageRank 0.000375, кластер 41 уз.",1,1,119333.17,273866.11,0.0003754011705547276,2.2949705433954364,2,False,False
100000001578517100,terminal,0.75,5,0.42534261005952473,"Конечный в выборке: получил 30 000 KZT в 1 переводах; исходящих переводов 0. Triage 0.43: оборот 30 000 KZT, PageRank 0.000291, кластер 125 уз.",1,0,30000.0,0.0,0.0002905403130038144,0.0,2,False,False
100000003741418100,consolidator,0.8500024689781673,4,0.6034991799380056,"Сборщик: получил 151 900 KZT от 9 контрагентов в 13 переводах; отправил 39 920 KZT. AML-сигналы: fan-in, структурный цикл. Triage 0.60: оборот 191 820 KZT, PageRank 0.000632, кластер 126 уз.",9,3,151900.0,39920.0,0.0006320193484225903,0.2628044766293614,2,False,False
100000008737514100,terminal,0.75,15,0.4352408121891405,"Конечный в выборке: получил 85 000 KZT в 1 переводах; исходящих переводов 0. Triage 0.44: оборот 85 000 KZT, PageRank 0.000313, кластер 41 уз.",1,0,85000.0,0.0,0.0003125573092159586,0.0,2,False,False
100000002870463100,peripheral,0.5,6,0.5554343343135447,"Периферийный: получил 207 000 KZT, отправил 10 000 KZT; связей вход/выход 3/1. Активен 4 дн. AML-сигналы: структурный цикл. Triage 0.56: оборот 217 000 KZT, PageRank 0.002039, кластер 106 уз.",3,1,207000.0,10000.0,0.0020393618956609503,0.04830917874396135,2,False,False
100000008545727100,peripheral,0.5,8,0.4862108097168104,"Периферийный: получил 30 000 KZT, отправил 1 866 500 KZT; связей вход/выход 1/6. Активен 5 дн. AML-сигналы: структурный цикл. Triage 0.49: оборот 1 896 500 KZT, PageRank 0.000339, кластер 61 уз.",1,6,30000.0,1866500.0,0.00033863347269302553,62.21666666666667,2,False,False
100000000425407100,terminal,0.75,2,0.4201350533724085,"Конечный в выборке: получил 20 000 KZT в 1 переводах; исходящих переводов 0. Triage 0.42: оборот 20 000 KZT, PageRank 0.000305, кластер 148 уз.",1,0,20000.0,0.0,0.00030507894977537415,0.0,2,False,False
100000001418900100,terminal,0.75,1,0.43239505583532506,"Конечный в выборке: получил 40 140 KZT в 2 переводах; исходящих переводов 0. Triage 0.43: оборот 40 140 KZT, PageRank 0.000299, кластер 270 уз.",1,0,40140.0,0.0,0.00029918199967163376,0.0,2,False,False
100000001677929100,peripheral,0.5,6,0.628753060424549,"Периферийный: получил 126 777 KZT, отправил 286 098 KZT; связей вход/выход 3/2. Активен 6 дн. AML-сигналы: структурный цикл. Triage 0.63: оборот 412 875 KZT, PageRank 0.003509, кластер 106 уз.",3,2,126777.0,286098.0,0.003508656154140406,2.2567027142147236,2,False,False
100000002539625100,terminal,0.75,10,0.4439469087867525,"Конечный в выборке: получил 94 700 KZT в 1 переводах; исходящих переводов 0. Triage 0.44: оборот 94 700 KZT, PageRank 0.000345, кластер 56 уз.",1,0,94700.0,0.0,0.00034495600617630745,0.0,2,False,False
100000001965374100,peripheral,0.5,23,0.6432175245263362,"Периферийный: получил 1 759 720 KZT, отправил 3 082 100 KZT; связей вход/выход 2/3. Активен 9 дн. AML-сигналы: структурный цикл. Triage 0.64: оборот 4 841 820 KZT, PageRank 0.001277, кластер 17 уз.",2,3,1759720.0,3082100.0,0.0012773757737307744,1.7514718250630783,2,False,False
100000001287955100,peripheral,0.5,12,0.46027391239602783,"Периферийный: получил 17 520 KZT, отправил 310 000 KZT; связей вход/выход 1/4. Активен 4 дн. Triage 0.46: оборот 327 520 KZT, PageRank 0.000294, кластер 51 уз.",1,4,17520.0,310000.0,0.0002939106324372434,17.69406392694064,2,False,False
100000005402643100,transit,0.8112766991494765,7,0.6079162792126053,"Транзит: получил 127 800 KZT, отправил 90 000 KZT; исходящий оборот — 70% наблюдаемого входящего. Triage 0.61: оборот 217 800 KZT, PageRank 0.000298, кластер 104 уз.",1,1,127800.0,90000.0,0.00029758887633960494,0.704225352112676,2,False,False
100000008752616100,peripheral,0.5,7,0.49721709632787786,"Периферийный: получил 64 510 KZT, отправил 1 265 000 KZT; связей вход/выход 2/7. Активен 4 дн. Triage 0.50: оборот 1 329 510 KZT, PageRank 0.000313, кластер 104 уз.",2,7,64510.0,1265000.0,0.0003130348516750491,19.6093628894745,2,False,False
100000000733373100,terminal,0.75,5,0.4082912540209064,"Конечный в выборке: получил 10 710 KZT в 1 переводах; исходящих переводов 0. Triage 0.41: оборот 10 710 KZT, PageRank 0.000306, кластер 125 уз.",1,0,10710.0,0.0,0.0003057666068321927,0.0,2,False,False
100000008531133100,peripheral,0.5,5,0.479434597012515,"Периферийный: получил 25 000 KZT, отправил 158 272 KZT; связей вход/выход 1/3. Активен 3 дн. Triage 0.48: оборот 183 272 KZT, PageRank 0.000532, кластер 125 уз.",1,3,25000.0,158271.68,0.0005324738556218574,6.3308672,2,False,False
100000005933757100,distributor,0.9500567571168318,14,0.7334718328786466,"Распределитель: отправил 3 002 628 KZT в 46 переводах 34 получателям. Активен 15 дн. AML-сигналы: fan-out, структурный цикл. Triage 0.73: оборот 4 248 628 KZT, PageRank 0.001000, кластер 44 уз.",4,34,1246000.0,3002628.0,0.0010004499992549583,2.409813804173355,2,False,False
100000006490557100,terminal,0.75,6,0.39267899543241575,"Конечный в выборке: получил 5 000 KZT в 1 переводах; исходящих переводов 0. Triage 0.39: оборот 5 000 KZT, PageRank 0.000286, кластер 106 уз.",1,0,5000.0,0.0,0.00028617024022240634,0.0,2,False,False
100000008497298100,terminal,0.75,7,0.4804270198850523,"Конечный в выборке: получил 600 000 KZT в 1 переводах; исходящих переводов 0. Triage 0.48: оборот 600 000 KZT, PageRank 0.000342, кластер 104 уз.",1,0,600000.0,0.0,0.0003419653579565874,0.0,2,False,False
100000005168487100,peripheral,0.5,9,0.540727545550811,"Периферийный: получил 15 000 KZT, отправил 103 510 KZT; связей вход/выход 1/1. Активен 12 дн. AML-сигналы: структурный цикл. Triage 0.54: оборот 118 510 KZT, PageRank 0.001915, кластер 59 уз.",1,1,15000.0,103510.0,0.0019154686344041644,6.900666666666667,2,False,False
100000005799271100,terminal,0.75,9,0.4402859222963473,"Конечный в выборке: получил 45 000 KZT в 2 переводах; исходящих переводов 0. Triage 0.44: оборот 45 000 KZT, PageRank 0.000536, кластер 59 уз.",1,0,45000.0,0.0,0.0005363344365875954,0.0,2,False,False
100000000912487100,terminal,0.75,2,0.4072493841328994,"Конечный в выборке: получил 10 000 KZT в 1 переводах; исходящих переводов 0. Triage 0.41: оборот 10 000 KZT, PageRank 0.000292, кластер 148 уз.",1,0,10000.0,0.0,0.0002916756298483331,0.0,2,False,False
100000007982908100,terminal,0.75,1,0.4277504769742768,"Конечный в выборке: получил 31 080 KZT в 1 переводах; исходящих переводов 0. Triage 0.43: оборот 31 080 KZT, PageRank 0.000296, кластер 270 уз.",1,0,31080.0,0.0,0.0002961115465580611,0.0,2,False,False
100000005413948100,peripheral,0.5,10,0.5006421584309442,"Периферийный: получил 28 215 KZT, отправил 5 000 KZT; связей вход/выход 2/1. AML-сигналы: структурный цикл. Triage 0.50: оборот 33 215 KZT, PageRank 0.001956, кластер 56 уз.",2,1,28215.0,5000.0,0.001956310369691716,0.177210703526493,2,False,False
100000000724540100,peripheral,0.5,17,0.4668363763269312,"Периферийный: получил 50 000 KZT, отправил 100 000 KZT; связей вход/выход 1/1. Triage 0.47: оборот 150 000 KZT, PageRank 0.000310, кластер 30 уз.",1,1,50000.0,100000.0,0.0003096131185419019,2.0,2,False,False
100000005730108100,terminal,0.75,0,0.41188913822849405,"Конечный в выборке: получил 8 000 KZT в 1 переводах; исходящих переводов 0. Triage 0.41: оборот 8 000 KZT, PageRank 0.000359, кластер 277 уз.",1,0,8000.0,0.0,0.00035857529718157853,0.0,2,False,False
100000002566204100,terminal,0.75,9,0.4377976322748265,"Конечный в выборке: получил 80 805 KZT в 1 переводах; исходящих переводов 0. Triage 0.44: оборот 80 805 KZT, PageRank 0.000324, кластер 59 уз.",1,0,80805.0,0.0,0.00032400771941105445,0.0,2,False,False
100000000625169100,terminal,0.75,1,0.40754878222516955,"Конечный в выборке: получил 10 000 KZT в 1 переводах; исходящих переводов 0. Triage 0.41: оборот 10 000 KZT, PageRank 0.000289, кластер 270 уз.",1,0,10000.0,0.0,0.00028896749008630503,0.0,2,False,False
100000001114385100,terminal,0.75,2,0.42602655227991937,"Конечный в выборке: получил 29 500 KZT в 1 переводах; исходящих переводов 0. Triage 0.43: оборот 29 500 KZT, PageRank 0.000290, кластер 148 уз.",1,0,29500.0,0.0,0.00029022282439592184,0.0,2,False,False
100000002964966100,terminal,0.75,2,0.4656833038107829,"Конечный в выборке: получил 200 000 KZT в 1 переводах; исходящих переводов 0. Triage 0.47: оборот 200 000 KZT, PageRank 0.000395, кластер 148 уз.",1,0,200000.0,0.0,0.0003952794603062659,0.0,2,False,False
100000008771814100,terminal,0.75,1,0.4228735108228586,"Конечный в выборке: получил 23 700 KZT в 1 переводах; исходящих переводов 0. Triage 0.42: оборот 23 700 KZT, PageRank 0.000294, кластер 270 уз.",1,0,23700.0,0.0,0.0002936104489887272,0.0,2,False,False
100000001241318100,terminal,0.75,0,0.4551468295026519,"Конечный в выборке: получил 53 000 KZT в 1 переводах; исходящих переводов 0. Triage 0.46: оборот 53 000 KZT, PageRank 0.000531, кластер 277 уз.",1,0,53000.0,0.0,0.0005305629446347082,0.0,2,False,False
100000001250022100,terminal,0.75,6,0.433361591061391,"Конечный в выборке: получил 50 000 KZT в 1 переводах; исходящих переводов 0. Triage 0.43: оборот 50 000 KZT, PageRank 0.000295, кластер 106 уз.",1,0,50000.0,0.0,0.0002950423055506324,0.0,2,False,False
100000006534886100,peripheral,0.5,5,0.5596754700033258,"Периферийный: получил 71 700 KZT, отправил 167 500 KZT; связей вход/выход 1/1. Активен 8 дн. AML-сигналы: структурный цикл. Triage 0.56: оборот 239 200 KZT, PageRank 0.001130, кластер 125 уз.",1,1,71700.0,167500.0,0.0011300505716275737,2.336122733612273,2,False,False
100000008655035100,terminal,0.75,6,0.439092473203079,"Конечный в выборке: получил 30 000 KZT в 1 переводах; исходящих переводов 0. Triage 0.44: оборот 30 000 KZT, PageRank 0.000540, кластер 106 уз.",1,0,30000.0,0.0,0.0005398470163536029,0.0,2,False,False
100000005932987100,terminal,0.75,34,0.41010146019807425,"Конечный в выборке: получил 25 000 KZT в 3 переводах; исходящих переводов 0. Triage 0.41: оборот 25 000 KZT, PageRank 0.000411, кластер 10 уз.",1,0,25000.0,0.0,0.000411438710505474,0.0,2,False,False
100000008636603100,peripheral,0.5,11,0.48633359915081376,"Периферийный: получил 35 460 KZT, отправил 159 375 KZT; связей вход/выход 2/6. Активен 6 дн. AML-сигналы: структурный цикл. Triage 0.49: оборот 194 835 KZT, PageRank 0.000339, кластер 55 уз.",2,6,35460.0,159375.0,0.00033863492574237196,4.494500846023689,2,False,False
100000008710843100,peripheral,0.5,17,0.4813691711586552,"Периферийный: получил 33 944 KZT, отправил 1 985 500 KZT; связей вход/выход 2/13. Активен 12 дн. AML-сигналы: структурный цикл. Triage 0.48: оборот 2 019 444 KZT, PageRank 0.000293, кластер 30 уз.",2,13,33944.0,1985500.0,0.0002928747382021331,58.49340089559274,2,False,False
100000000917179100,terminal,0.75,14,0.46089565507516134,"Конечный в выборке: получил 94 465 KZT в 2 переводах; исходящих переводов 0. Triage 0.46: оборот 94 465 KZT, PageRank 0.000426, кластер 44 уз.",1,0,94465.0,0.0,0.0004257125307232177,0.0,2,False,False
100000004209339100,peripheral,0.5,33,0.5453777338374114,"Периферийный: получил 138 500 KZT, отправил 238 500 KZT; связей вход/выход 1/2. Активен 11 дн. AML-сигналы: структурный цикл. Triage 0.55: оборот 377 000 KZT, PageRank 0.000817, кластер 10 уз.",1,2,138500.0,238500.0,0.0008170941407570147,1.7220216606498195,2,False,False
100000008765627100,terminal,0.75,6,0.43665425846351547,"Конечный в выборке: получил 60 000 KZT в 1 переводах; исходящих переводов 0. Triage 0.44: оборот 60 000 KZT, PageRank 0.000297, кластер 106 уз.",1,0,60000.0,0.0,0.00029693507286282956,0.0,2,False,False
100000002443664100,terminal,0.75,12,0.48986097980752596,"Конечный в выборке: получил 556 880 KZT в 3 переводах; исходящих переводов 0. Triage 0.49: оборот 556 880 KZT, PageRank 0.000339, кластер 51 уз.",3,0,556880.0,0.0,0.00033871683597883946,0.0,2,False,False
100000008144528100,consolidator,0.716666666760736,5,0.6302484824744929,"Сборщик: получил 1 068 203 KZT от 5 контрагентов в 13 переводах; отправил 0 KZT. Активен 4 дн. AML-сигналы: fan-in. Triage 0.63: оборот 1 068 203 KZT, PageRank 0.001055, кластер 125 уз.",5,0,1068202.6,0.0,0.0010551003075775878,0.0,2,False,False
100000003988112100,transit,0.808695652173913,20,0.6415821223263614,"Транзит: вход 92 000 KZT, выход 64 000 KZT; отношение 70% к наблюдаемому входу. AML: IN/OUT близко, структ. цикл. Triage 0.64: PR 0.000504, кластер 26 уз.",1,1,92000.0,64000.0,0.0005038585278579814,0.6956521739130435,2,False,False
100000008008463100,terminal,0.75,6,0.4348090477334397,"Конечный в выборке: получил 54 180 KZT в 1 переводах; исходящих переводов 0. Triage 0.43: оборот 54 180 KZT, PageRank 0.000296, кластер 106 уз.",1,0,54180.0,0.0,0.0002958334822871308,0.0,2,False,False
100000006679055100,terminal,0.75,2,0.4237789912765426,"Конечный в выборке: получил 25 000 KZT в 1 переводах; исходящих переводов 0. Triage 0.42: оборот 25 000 KZT, PageRank 0.000301, кластер 148 уз.",1,0,25000.0,0.0,0.00030082137113636285,0.0,2,False,False
100000007382543100,peripheral,0.5,28,0.5689594925801342,"Периферийный: получил 218 000 KZT, отправил 427 000 KZT; связей вход/выход 3/5. Активен 9 дн. AML-сигналы: структурный цикл. Triage 0.57: оборот 645 000 KZT, PageRank 0.001187, кластер 14 уз.",3,5,218000.0,427000.0,0.001186542232001598,1.9587155963302751,2,False,False
100000007749092100,peripheral,0.5,5,0.5113046734205695,"Периферийный: получил 7 650 KZT, отправил 70 375 KZT; связей вход/выход 1/1. AML-сигналы: структурный цикл. Triage 0.51: оборот 78 025 KZT, PageRank 0.001906, кластер 125 уз.",1,1,7650.0,70375.0,0.0019064199123433768,9.199346405228757,2,False,False
100000004221668100,transit,0.794584766647396,27,0.7708950824804366,"Транзит: вход 1 128 300 KZT, выход 731 440 KZT; отношение 65% к наблюдаемому входу. AML: fan-in, IN/OUT близко, структ. цикл. Triage 0.77: PR 0.003238, кластер 15 уз.",4,3,1128300.0,731440.0,0.0032383725206598848,0.6482673047948241,2,False,False
100000008174521100,terminal,0.75,5,0.45185957031057267,"Конечный в выборке: получил 82 110 KZT в 1 переводах; исходящих переводов 0. Triage 0.45: оборот 82 110 KZT, PageRank 0.000440, кластер 125 уз.",1,0,82110.0,0.0,0.000440354192449167,0.0,2,False,False
100000002692750100,transit,0.8051874551276723,6,0.73956239123447,"Транзит: вход 112 830 KZT, выход 77 000 KZT; отношение 68% к наблюдаемому входу. AML: IN/OUT близко, структ. цикл. Triage 0.74: PR 0.002127, кластер 106 уз.",3,1,112830.0,77000.0,0.0021272545469324207,0.682442612780289,2,False,False
100000002173070100,terminal,0.75,5,0.42534261005952473,"Конечный в выборке: получил 30 000 KZT в 1 переводах; исходящих переводов 0. Triage 0.43: оборот 30 000 KZT, PageRank 0.000291, кластер 125 уз.",1,0,30000.0,0.0,0.0002905403130038144,0.0,2,False,False
100000005911352100,peripheral,0.5,38,0.46248342490338623,"Периферийный: получил 15 000 KZT, отправил 24 000 KZT; связей вход/выход 2/3. AML-сигналы: структурный цикл. Triage 0.46: оборот 39 000 KZT, PageRank 0.000551, кластер 7 уз.",2,3,15000.0,24000.0,0.0005514246684348714,1.6,2,False,False
100000003068941100,peripheral,0.5,0,0.4778610909577596,"Периферийный: получил 94 000 KZT, отправил 25 000 KZT; связей вход/выход 3/1. Активен 4 дн. Triage 0.48: оборот 119 000 KZT, PageRank 0.000320, кластер 277 уз.",3,1,94000.0,25000.0,0.00032013003522068456,0.26595744680851063,2,False,False
100000001420847100,terminal,0.75,18,0.40903549077206497,"Конечный в выборке: получил 20 000 KZT в 2 переводах; исходящих переводов 0. Triage 0.41: оборот 20 000 KZT, PageRank 0.000303, кластер 30 уз.",1,0,20000.0,0.0,0.0003028145455282822,0.0,2,False,False
100000005602999100,peripheral,0.5,33,0.41819029978909167,"Периферийный: получил 5 000 KZT, отправил 16 000 KZT; связей вход/выход 1/2. Активен 3 дн. AML-сигналы: структурный цикл. Triage 0.42: оборот 21 000 KZT, PageRank 0.000305, кластер 10 уз.",1,2,5000.0,16000.0,0.0003047667603891905,3.2,2,False,False
100000000723383100,peripheral,0.5,21,0.40535847131012187,"Периферийный: получил 6 800 KZT, отправил 75 000 KZT; связей вход/выход 1/2. Triage 0.41: оборот 81 800 KZT, PageRank 0.000389, кластер 20 уз.",1,2,6800.0,75000.0,0.00038889511390150444,11.029411764705882,2,False,False
100000006977207100,distributor,0.7871084803197926,3,0.6248489154034678,"Распределитель: отправил 4 157 018 KZT в 15 переводах 15 получателям. Hub 0.99. AML-сигналы: fan-out. Triage 0.62: оборот 4 571 018 KZT, PageRank 0.000348, кластер 126 уз.",1,15,414000.0,4157018.0,0.0003477621316221979,10.041106280193237,2,False,False
100000001273783100,terminal,0.75,9,0.41439760627143013,"Конечный в выборке: получил 23 200 KZT в 1 переводах; исходящих переводов 0. Triage 0.41: оборот 23 200 KZT, PageRank 0.000297, кластер 59 уз.",1,0,23200.0,0.0,0.000296611927436236,0.0,2,False,False
100000000201868100,transit,0.8999999999999999,54,0.6929015396499827,"Транзит: вход 190 000 KZT, выход 190 000 KZT; отношение 100% к наблюдаемому входу. AML: IN/OUT близко, структ. цикл. Triage 0.69: PR 0.000973, кластер 4 уз.",1,1,190000.0,190000.0,0.0009727700519228111,1.0,2,False,False
100000007777377100,peripheral,0.5,5,0.467496527669187,"Периферийный: получил 456 290 KZT, отправил 10 000 KZT; связей вход/выход 1/2. Активен 7 дн. Triage 0.47: оборот 466 290 KZT, PageRank 0.000361, кластер 125 уз.",1,2,456290.0,10000.0,0.000361046462497135,0.021915886826360427,2,False,False
100000004192865100,terminal,0.75,29,0.43616888660277703,"Конечный в выборке: получил 66 666 KZT в 1 переводах; исходящих переводов 0. Triage 0.44: оборот 66 666 KZT, PageRank 0.000555, кластер 13 уз.",1,0,66666.0,0.0,0.0005554026443919299,0.0,2,False,False
100000006901046100,peripheral,0.5,5,0.5510726027163549,"Периферийный: получил 75 800 KZT, отправил 5 500 KZT; связей вход/выход 1/1. Активен 3 дн. AML-сигналы: структурный цикл. Triage 0.55: оборот 81 300 KZT, PageRank 0.003203, кластер 125 уз.",1,1,75800.0,5500.0,0.003202846310861813,0.07255936675461741,2,False,False
100000000437046100,distributor,1.0,0,0.7134654939252868,"Распределитель: выход 7 606 224 KZT к 42 получателям. AML: fan-in, fan-out, структ. цикл. Triage 0.71: PR 0.000792, кластер 277 уз.",9,42,1107200.0,7606224.0,0.000791809089246575,6.86978323699422,2,False,False
100000008765494100,terminal,0.75,1,0.42309894505570667,"Конечный в выборке: получил 24 000 KZT в 1 переводах; исходящих переводов 0. Triage 0.42: оборот 24 000 KZT, PageRank 0.000294, кластер 270 уз.",1,0,24000.0,0.0,0.0002937121196216269,0.0,2,False,False
100000008713270100,peripheral,0.5,6,0.4592477610991581,"Периферийный: получил 30 000 KZT, отправил 190 000 KZT; связей вход/выход 1/3. Активен 3 дн. Triage 0.46: оборот 220 000 KZT, PageRank 0.000291, кластер 106 уз.",1,3,30000.0,190000.0,0.00029125677092623804,6.333333333333333,2,False,False
100000003603979100,terminal,0.75,24,0.4575185543595204,"Конечный в выборке: получил 165 000 KZT в 3 переводах; исходящих переводов 0. Triage 0.46: оборот 165 000 KZT, PageRank 0.000585, кластер 17 уз.",1,0,165000.0,0.0,0.0005849677040652098,0.0,2,False,False
100000000943371100,terminal,0.75,13,0.4054717329374869,"Конечный в выборке: получил 15 500 KZT в 1 переводах; исходящих переводов 0. Triage 0.41: оборот 15 500 KZT, PageRank 0.000306, кластер 50 уз.",1,0,15500.0,0.0,0.00030592026369851154,0.0,2,False,False
100000008672480100,terminal,0.75,1,0.4121845952513204,"Конечный в выборке: получил 13 000 KZT в 1 переводах; исходящих переводов 0. Triage 0.41: оборот 13 000 KZT, PageRank 0.000290, кластер 270 уз.",1,0,13000.0,0.0,0.00028998419641530255,0.0,2,False,False
100000008691168100,terminal,0.75,1,0.42309894505570667,"Конечный в выборке: получил 24 000 KZT в 1 переводах; исходящих переводов 0. Triage 0.42: оборот 24 000 KZT, PageRank 0.000294, кластер 270 уз.",1,0,24000.0,0.0,0.0002937121196216269,0.0,2,False,False
100000003237045100,peripheral,0.5,5,0.5015639180479275,"Периферийный: получил 340 200 KZT, отправил 150 000 KZT; связей вход/выход 1/1. AML-сигналы: структурный цикл. Triage 0.50: оборот 490 200 KZT, PageRank 0.000394, кластер 125 уз.",1,1,340200.0,150000.0,0.00039387565712025493,0.4409171075837742,2,False,False
100000008736394100,terminal,0.75,1,0.4158662018124501,"Конечный в выборке: получил 16 000 KZT в 1 переводах; исходящих переводов 0. Triage 0.42: оборот 16 000 KZT, PageRank 0.000291, кластер 270 уз.",1,0,16000.0,0.0,0.00029100090274430013,0.0,2,False,False
100000004160650100,distributor,0.675,24,0.6050673781506866,"Распределитель: отправил 1 489 827 KZT в 40 переводах 10 получателям. Активен 16 дн. AML-сигналы: fan-out, структурный цикл. Triage 0.61: оборот 1 564 927 KZT, PageRank 0.000369, кластер 17 уз.",2,10,75100.0,1489827.0,0.00036904816219751493,19.83790945406125,2,False,False
100000000629812100,terminal,0.75,55,0.39332173435814743,"Конечный в выборке: получил 22 000 KZT в 2 переводах; исходящих переводов 0. Triage 0.39: оборот 22 000 KZT, PageRank 0.000298, кластер 4 уз.",2,0,22000.0,0.0,0.0002979698689202738,0.0,2,False,False
100000000955444100,terminal,0.75,43,0.3816666320760853,"Конечный в выборке: получил 6 910 KZT в 1 переводах; исходящих переводов 0. Triage 0.38: оборот 6 910 KZT, PageRank 0.000352, кластер 6 уз.",1,0,6910.0,0.0,0.0003524559632954613,0.0,2,False,False
100000008731444100,peripheral,0.5,0,0.5661485952584805,"Периферийный: получил 439 000 KZT, отправил 879 768 KZT; связей вход/выход 3/9. Активен 8 дн. Triage 0.57: оборот 1 318 768 KZT, PageRank 0.000353, кластер 277 уз.",3,9,439000.0,879767.8,0.0003532786728531667,2.0040268792710707,2,False,False
100000008413748100,peripheral,0.5,16,0.4959579399580333,"peripheral: вход 26 480 KZT, выход 1 377 320 KZT. AML: fan-out, структ. цикл. Triage 0.50: PR 0.000391, кластер 41 уз.",2,18,26480.0,1377320.22,0.0003907723343133178,52.01360347432024,2,False,False
100000006787636100,terminal,0.75,54,0.39483285537521906,"Конечный в выборке: получил 20 000 KZT в 1 переводах; исходящих переводов 0. Triage 0.39: оборот 20 000 KZT, PageRank 0.000358, кластер 4 уз.",1,0,20000.0,0.0,0.0003579144250878744,0.0,2,False,False
100000005942793100,terminal,0.75,0,0.45811065018719394,"Конечный в выборке: получил 55 000 KZT в 4 переводах; исходящих переводов 0. Активен 2 дн. Triage 0.46: оборот 55 000 KZT, PageRank 0.000332, кластер 277 уз.",4,0,55000.0,0.0,0.000332179607653098,0.0,2,False,False
100000008730846100,peripheral,0.5,9,0.5547555049990263,"Периферийный: получил 155 042 KZT, отправил 363 370 KZT; связей вход/выход 7/3. Активен 4 дн. AML-сигналы: fan-in. Triage 0.55: оборот 518 412 KZT, PageRank 0.000536, кластер 59 уз.",7,3,155042.0,363370.0,0.0005357364661586439,2.343687516930896,2,False,False
100000002570206100,terminal,0.75,16,0.44762975379511305,"Конечный в выборке: получил 166 960 KZT в 2 переводах; исходящих переводов 0. Triage 0.45: оборот 166 960 KZT, PageRank 0.000318, кластер 41 уз.",2,0,166959.6,0.0,0.000318461604952751,0.0,2,False,False
100000000785800100,transit,0.8999999999999999,56,0.6379478351855492,"Транзит: вход 19 000 KZT, выход 19 000 KZT; отношение 100% к наблюдаемому входу. AML: IN/OUT близко, структ. цикл, island. Triage 0.64: PR 0.000360, кластер 4 уз.",1,1,19000.0,19000.0,0.00035999499039145535,1.0,2,False,False
100000007382152100,terminal,0.75,0,0.4021506081916289,"Конечный в выборке: получил 5 860 KZT в 1 переводах; исходящих переводов 0. Triage 0.40: оборот 5 860 KZT, PageRank 0.000286, кластер 277 уз.",1,0,5860.0,0.0,0.00028648879038777395,0.0,2,False,False
100000000910216100,transit,0.8218519754618091,2,0.6089648958119348,"Транзит: получил 71 000 KZT, отправил 52 010 KZT; исходящий оборот — 73% наблюдаемого входящего. Triage 0.61: оборот 123 010 KZT, PageRank 0.000323, кластер 148 уз.",1,1,71000.0,52010.0,0.00032319976203466826,0.7325352112676057,2,False,False
100000003131016100,peripheral,0.5,0,0.5936479376937197,"Периферийный: получил 405 700 KZT, отправил 126 000 KZT; связей вход/выход 1/1. Активен 9 дн. AML-сигналы: структурный цикл. Triage 0.59: оборот 531 700 KZT, PageRank 0.001729, кластер 277 уз.",1,1,405700.0,126000.0,0.0017290686193236569,0.31057431599704216,2,False,False
100000003221384100,terminal,0.75,15,0.47461811006982296,"Конечный в выборке: получил 511 200 KZT в 1 переводах; исходящих переводов 0. Triage 0.47: оборот 511 200 KZT, PageRank 0.000448, кластер 41 уз.",1,0,511200.0,0.0,0.0004478323880918902,0.0,2,False,False
100000002156381100,peripheral,0.5,33,0.4969856060549647,"Периферийный: получил 61 000 KZT, отправил 21 800 KZT; связей вход/выход 2/1. Активен 8 дн. AML-сигналы: структурный цикл. Triage 0.50: оборот 82 800 KZT, PageRank 0.001080, кластер 10 уз.",2,1,61000.0,21800.0,0.0010802495983101956,0.35737704918032787,2,False,False
100000002779485100,terminal,0.75,3,0.45964801592477966,"Конечный в выборке: получил 91 000 KZT в 2 переводах; исходящих переводов 0. Triage 0.46: оборот 91 000 KZT, PageRank 0.000547, кластер 126 уз.",1,0,91000.0,0.0,0.00054658082580757,0.0,2,False,False
100000008774237100,peripheral,0.5,24,0.42772775295365184,"Периферийный: получил 50 000 KZT, отправил 10 000 KZT; связей вход/выход 1/1. Активен 2 дн. Triage 0.43: оборот 60 000 KZT, PageRank 0.000310, кластер 17 уз.",1,1,50000.0,10000.0,0.00031030526617257083,0.2,2,False,False
100000002628146100,terminal,0.75,32,0.4164128191133947,"Конечный в выборке: получил 30 500 KZT в 2 переводах; исходящих переводов 0. Triage 0.42: оборот 30 500 KZT, PageRank 0.000319, кластер 10 уз.",1,0,30500.0,0.0,0.000319171061371163,0.0,2,False,False
100000002852402100,terminal,0.75,15,0.42851155540816277,"Конечный в выборке: получил 55 000 KZT в 1 переводах; исходящих переводов 0. Triage 0.43: оборот 55 000 KZT, PageRank 0.000327, кластер 41 уз.",1,0,55000.0,0.0,0.0003269772568210555,0.0,2,False,False
100000006989106100,terminal,0.75,6,0.4496479603235332,"Конечный в выборке: получил 64 000 KZT в 2 переводах; исходящих переводов 0. Triage 0.45: оборот 64 000 KZT, PageRank 0.000495, кластер 106 уз.",1,0,64000.0,0.0,0.0004954043306521531,0.0,2,False,False
100000002958343100,peripheral,0.5,6,0.578442048356459,"Периферийный: получил 2 900 000 KZT, отправил 1 390 000 KZT; связей вход/выход 1/2. Активен 15 дн. AML-сигналы: структурный цикл. Triage 0.58: оборот 4 290 000 KZT, PageRank 0.000629, кластер 106 уз.",1,2,2900000.0,1390000.0,0.00062880578399035,0.4793103448275862,2,False,False
100000008461532100,peripheral,0.5,26,0.5471941421718319,"Периферийный: получил 565 300 KZT, отправил 2 530 090 KZT; связей вход/выход 2/8. Активен 3 дн. AML-сигналы: структурный цикл. Triage 0.55: оборот 3 095 390 KZT, PageRank 0.000744, кластер 15 уз.",2,8,565300.0,2530090.0,0.0007438108317741533,4.475658942154608,2,False,False
100000004400305100,distributor,1.0,0,0.6735897542303194,"Распределитель: выход 5 830 181 KZT к 82 получателям. AML: fan-in, fan-out, структ. цикл. Triage 0.67: PR 0.000386, кластер 277 уз.",7,82,222800.0,5830181.0,0.00038568558552962205,26.167778276481148,2,False,False
100000000297649100,peripheral,0.5,11,0.49931632021362116,"Периферийный: получил 40 000 KZT, отправил 70 600 KZT; связей вход/выход 1/1. AML-сигналы: структурный цикл. Triage 0.50: оборот 110 600 KZT, PageRank 0.000807, кластер 55 уз.",1,1,40000.0,70600.0,0.0008067487501717636,1.765,2,False,False
100000003191430100,terminal,0.75,5,0.47093606395377563,"Конечный в выборке: получил 180 000 KZT в 1 переводах; исходящих переводов 0. Triage 0.47: оборот 180 000 KZT, PageRank 0.000530, кластер 125 уз.",1,0,180000.0,0.0,0.000530467116068201,0.0,2,False,False
100000003275398100,peripheral,0.5,24,0.42378012881586524,"Периферийный: получил 300 000 KZT, отправил 20 000 KZT; связей вход/выход 1/1. Triage 0.42: оборот 320 000 KZT, PageRank 0.000434, кластер 17 уз.",1,1,300000.0,20000.0,0.0004339392520871925,0.06666666666666667,2,False,False
100000005203590100,terminal,0.75,6,0.4440647018732922,"Конечный в выборке: получил 90 000 KZT в 1 переводах; исходящих переводов 0. Triage 0.44: оборот 90 000 KZT, PageRank 0.000303, кластер 106 уз.",1,0,90000.0,0.0,0.00030261337479942107,0.0,2,False,False
100000008672603100,terminal,0.75,2,0.4206803725704028,"Конечный в выборке: получил 21 200 KZT в 1 переводах; исходящих переводов 0. Triage 0.42: оборот 21 200 KZT, PageRank 0.000297, кластер 148 уз.",1,0,21200.0,0.0,0.0002972067740692082,0.0,2,False,False
100000000718427100,terminal,0.75,1,0.3985605009868794,"Конечный в выборке: получил 6 000 KZT в 1 переводах; исходящих переводов 0. Triage 0.40: оборот 6 000 KZT, PageRank 0.000288, кластер 270 уз.",1,0,6000.0,0.0,0.0002876118816476416,0.0,2,False,False
100000003104347100,peripheral,0.5,22,0.42778137065309046,"Периферийный: получил 418 000 KZT, отправил 32 000 KZT; связей вход/выход 1/1. Triage 0.43: оборот 450 000 KZT, PageRank 0.000364, кластер 18 уз.",1,1,418000.0,32000.0,0.00036421821788861907,0.07655502392344497,2,False,False
100000002974256100,terminal,0.75,11,0.40498710031392327,"Конечный в выборке: получил 7 200 KZT в 1 переводах; исходящих переводов 0. Triage 0.40: оборот 7 200 KZT, PageRank 0.000532, кластер 55 уз.",1,0,7200.0,0.0,0.0005316313652239779,0.0,2,False,False
100000007173936100,terminal,0.75,30,0.39249212566380065,"Конечный в выборке: получил 10 000 KZT в 1 переводах; исходящих переводов 0. Triage 0.39: оборот 10 000 KZT, PageRank 0.000287, кластер 13 уз.",1,0,10000.0,0.0,0.0002868230874744681,0.0,2,False,False
100000002744581100,terminal,0.75,6,0.41026164816554545,"Конечный в выборке: получил 12 000 KZT в 1 переводах; исходящих переводов 0. Triage 0.41: оборот 12 000 KZT, PageRank 0.000325, кластер 106 уз.",1,0,12000.0,0.0,0.00032492081805136653,0.0,2,False,False
100000000596954100,peripheral,0.5,2,0.5051849644197389,"Периферийный: получил 120 000 KZT, отправил 48 100 KZT; связей вход/выход 1/2. Активен 2 дн. Triage 0.51: оборот 168 100 KZT, PageRank 0.000515, кластер 148 уз.",1,2,120000.0,48100.0,0.0005152869064765645,0.4008333333333333,2,False,False
100000004950490100,terminal,0.75,6,0.40742192026900315,"Конечный в выборке: получил 10 000 KZT в 1 переводах; исходящих переводов 0. Triage 0.41: оборот 10 000 KZT, PageRank 0.000331, кластер 106 уз.",1,0,10000.0,0.0,0.0003305985177901312,0.0,2,False,False
100000008772058100,terminal,0.75,1,0.4364253024120706,"Конечный в выборке: получил 50 000 KZT в 1 переводах; исходящих переводов 0. Triage 0.44: оборот 50 000 KZT, PageRank 0.000303, кластер 270 уз.",1,0,50000.0,0.0,0.000302523574472939,0.0,2,False,False
100000000971908100,terminal,0.75,6,0.4438585321399281,"Конечный в выборке: получил 89 000 KZT в 1 переводах; исходящих переводов 0. Triage 0.44: оборот 89 000 KZT, PageRank 0.000302, кластер 106 уз.",1,0,89000.0,0.0,0.0003024240980682014,0.0,2,False,False
100000008687492100,terminal,0.75,1,0.41472050964523327,"Конечный в выборке: получил 15 000 KZT в 1 переводах; исходящих переводов 0. Triage 0.41: оборот 15 000 KZT, PageRank 0.000291, кластер 270 уз.",1,0,15000.0,0.0,0.0002906620006346343,0.0,2,False,False
100000003159641100,consolidator,0.6837043285388493,58,0.591587660321726,"Сборщик: получил 64 000 KZT от 4 контрагентов в 7 переводах; отправил 197 800 KZT. Активен 5 дн. AML-сигналы: fan-in. Triage 0.59: оборот 261 800 KZT, PageRank 0.000305, кластер 4 уз.",4,1,64000.0,197800.0,0.00030518488092833783,3.090625,2,False,False
100000005326681100,terminal,0.75,15,0.41675804266786887,"Конечный в выборке: получил 31 228 KZT в 1 переводах; исходящих переводов 0. Triage 0.42: оборот 31 228 KZT, PageRank 0.000295, кластер 41 уз.",1,0,31228.0,0.0,0.00029549017749067323,0.0,2,False,False
100000006888238100,peripheral,0.5,59,0.4536487226069106,"Периферийный: получил 18 000 KZT, отправил 30 000 KZT; связей вход/выход 1/1. AML-сигналы: money island. Triage 0.45: оборот 48 000 KZT, PageRank 0.000608, кластер 4 уз.",1,1,18000.0,30000.0,0.0006082843621870388,1.6666666666666667,2,False,False
100000001290243100,terminal,0.75,5,0.40794114853291585,"Конечный в выборке: получил 10 000 KZT в 1 переводах; исходящих переводов 0. Triage 0.41: оборот 10 000 KZT, PageRank 0.000320, кластер 125 уз.",1,0,10000.0,0.0,0.00031991370491061714,0.0,2,False,False
100000008289539100,terminal,0.75,15,0.40355881094783047,"Конечный в выборке: получил 14 912 KZT в 1 переводах; исходящих переводов 0. Triage 0.40: оборот 14 912 KZT, PageRank 0.000290, кластер 41 уз.",1,0,14912.0,0.0,0.00029031150975970257,0.0,2,False,False
100000000821507100,terminal,0.75,30,0.4597337405340353,"Конечный в выборке: получил 400 000 KZT в 1 переводах; исходящих переводов 0. Triage 0.46: оборот 400 000 KZT, PageRank 0.000335, кластер 13 уз.",1,0,400000.0,0.0,0.0003353632083825096,0.0,2,False,False
100000003086040100,terminal,0.75,0,0.42798400430783146,"Конечный в выборке: получил 10 500 KZT в 1 переводах; исходящих переводов 0. Triage 0.43: оборот 10 500 KZT, PageRank 0.000548, кластер 277 уз.",1,0,10500.0,0.0,0.0005484298722379334,0.0,2,False,False
100000002969048100,terminal,0.75,6,0.44752899197635176,"Конечный в выборке: получил 108 470 KZT в 1 переводах; исходящих переводов 0. Triage 0.45: оборот 108 470 KZT, PageRank 0.000306, кластер 106 уз.",1,0,108470.0,0.0,0.0003061093160250493,0.0,2,False,False
100000002826669100,terminal,0.75,0,0.47113067578051615,"Конечный в выборке: получил 159 900 KZT в 4 переводах; исходящих переводов 0. Triage 0.47: оборот 159 900 KZT, PageRank 0.000476, кластер 277 уз.",1,0,159900.0,0.0,0.0004758219311349313,0.0,2,False,False
100000002293421100,transit,0.8565476856016182,0,0.6933432743437954,"Транзит: вход 41 000 KZT, выход 47 000 KZT; отношение 115% к наблюдаемому входу. AML: IN/OUT близко, структ. цикл. Triage 0.69: PR 0.000972, кластер 277 уз.",2,2,41000.0,47000.0,0.0009722373973799742,1.146341463414634,2,False,False
100000004732589100,terminal,0.75,9,0.46002349559301636,"Конечный в выборке: получил 227 520 KZT в 1 переводах; исходящих переводов 0. Triage 0.46: оборот 227 520 KZT, PageRank 0.000394, кластер 59 уз.",1,0,227520.0,0.0,0.0003937824545830966,0.0,2,False,False
100000003003821100,terminal,0.75,2,0.44015205892963555,"Конечный в выборке: получил 40 000 KZT в 1 переводах; исходящих переводов 0. Triage 0.44: оборот 40 000 KZT, PageRank 0.000438, кластер 148 уз.",1,0,40000.0,0.0,0.0004376830126818456,0.0,2,False,False
100000005237935150,terminal,0.75,12,0.4232640106092287,"Конечный в выборке: получил 34 508 KZT в 1 переводах; исходящих переводов 0. Triage 0.42: оборот 34 508 KZT, PageRank 0.000298, кластер 51 уз.",1,0,34508.0,0.0,0.00029797236901215956,0.0,2,False,False
100000004463277100,terminal,0.75,29,0.4330297438112348,"Конечный в выборке: получил 35 000 KZT в 1 переводах; исходящих переводов 0. Triage 0.43: оборот 35 000 KZT, PageRank 0.000691, кластер 13 уз.",1,0,35000.0,0.0,0.0006908150281644126,0.0,2,False,False
100000006523053100,terminal,0.75,2,0.409910679032473,"Конечный в выборке: получил 5 000 KZT в 1 переводах; исходящих переводов 0. Triage 0.41: оборот 5 000 KZT, PageRank 0.000538, кластер 148 уз.",1,0,5000.0,0.0,0.0005383425413446333,0.0,2,False,False
100000001954903100,terminal,0.75,9,0.41723024070320025,"Конечный в выборке: получил 27 118 KZT в 1 переводах; исходящих переводов 0. Triage 0.42: оборот 27 118 KZT, PageRank 0.000298, кластер 59 уз.",1,0,27118.0,0.0,0.0002984752502894144,0.0,2,False,False
100000005328215100,terminal,0.75,9,0.4171508376581634,"Конечный в выборке: получил 27 000 KZT в 1 переводах; исходящих переводов 0. Triage 0.42: оборот 27 000 KZT, PageRank 0.000298, кластер 59 уз.",1,0,27000.0,0.0,0.0002984191318369705,0.0,2,False,False
100000004424023100,peripheral,0.5,6,0.5144281250353471,"Периферийный: получил 50 000 KZT, отправил 100 000 KZT; связей вход/выход 1/1. Triage 0.51: оборот 150 000 KZT, PageRank 0.000970, кластер 106 уз.",1,1,50000.0,100000.0,0.0009702783665220568,2.0,2,False,False
100000002299948100,terminal,0.75,32,0.37436948243288054,"Конечный в выборке: получил 6 750 KZT в 1 переводах; исходящих переводов 0. Triage 0.37: оборот 6 750 KZT, PageRank 0.000293, кластер 10 уз.",1,0,6750.0,0.0,0.00029301289517244116,0.0,2,False,False
100000005105153100,terminal,0.75,0,0.43753950616305726,"Конечный в выборке: получил 30 000 KZT в 1 переводах; исходящих переводов 0. Triage 0.44: оборот 30 000 KZT, PageRank 0.000402, кластер 277 уз.",1,0,30000.0,0.0,0.00040208163516366314,0.0,2,False,False
100000001985793100,terminal,0.75,27,0.4610705172294601,"Конечный в выборке: получил 420 000 KZT в 1 переводах; исходящих переводов 0. Triage 0.46: оборот 420 000 KZT, PageRank 0.000373, кластер 15 уз.",1,0,420000.0,0.0,0.0003725657269192048,0.0,2,False,False
100000003134934100,terminal,0.75,0,0.48858348393076456,"Конечный в выборке: получил 379 354 KZT в 4 переводах; исходящих переводов 0. Triage 0.49: оборот 379 354 KZT, PageRank 0.000424, кластер 277 уз.",4,0,379354.0,0.0,0.0004242079956390081,0.0,2,False,False
100000006240939100,peripheral,0.5,27,0.48852477982225223,"Периферийный: получил 160 000 KZT, отправил 778 015 KZT; связей вход/выход 1/5. Активен 4 дн. Triage 0.49: оборот 938 015 KZT, PageRank 0.000319, кластер 15 уз.",1,5,160000.0,778015.0,0.0003187164720104306,4.86259375,2,False,False
100000008656043100,terminal,0.75,1,0.42467298252544006,"Конечный в выборке: получил 26 200 KZT в 1 переводах; исходящих переводов 0. Triage 0.42: оборот 26 200 KZT, PageRank 0.000294, кластер 270 уз.",1,0,26200.0,0.0,0.0002944577042628918,0.0,2,False,False
100000002605184100,terminal,0.75,15,0.44863087636811777,"Конечный в выборке: получил 140 000 KZT в 1 переводах; исходящих переводов 0. Triage 0.45: оборот 140 000 KZT, PageRank 0.000391, кластер 41 уз.",1,0,140000.0,0.0,0.0003909572016514148,0.0,2,False,False
100000003157333100,terminal,0.75,6,0.42422706944175737,"Конечный в выборке: получил 30 000 KZT в 1 переводах; исходящих переводов 0. Triage 0.42: оборот 30 000 KZT, PageRank 0.000291, кластер 106 уз.",1,0,30000.0,0.0,0.00029125677092623804,0.0,2,False,False
100000007898453100,peripheral,0.5,2,0.4596198502169381,"Периферийный: получил 24 750 KZT, отправил 320 000 KZT; связей вход/выход 1/2. Активен 3 дн. AML-сигналы: структурный цикл. Triage 0.46: оборот 344 750 KZT, PageRank 0.000333, кластер 148 уз.",1,2,24750.0,320000.0,0.0003329558342213234,12.929292929292929,2,False,False
100000002710570100,terminal,0.75,31,0.45914144622533437,"Конечный в выборке: получил 225 015 KZT в 1 переводах; исходящих переводов 0. Triage 0.46: оборот 225 015 KZT, PageRank 0.000539, кластер 11 уз.",1,0,225015.0,0.0,0.0005386527215505024,0.0,2,False,False
100000004979498100,peripheral,0.5,52,0.5535406508541788,"peripheral: вход 700 000 KZT, выход 200 000 KZT. AML: структ. цикл, island. Triage 0.55: PR 0.001327, кластер 5 уз.",1,1,700000.0,200000.0,0.0013268254691150584,0.2857142857142857,2,False,False
100000001541418100,terminal,0.75,7,0.4463345323825156,"Конечный в выборке: получил 96 900 KZT в 2 переводах; исходящих переводов 0. Triage 0.45: оборот 96 900 KZT, PageRank 0.000304, кластер 104 уз.",2,0,96900.0,0.0,0.00030356005385225954,0.0,2,False,False
100000007797290100,peripheral,0.5,0,0.43729831704882344,"Периферийный: получил 100 000 KZT, отправил 20 000 KZT; связей вход/выход 1/1. Triage 0.44: оборот 120 000 KZT, PageRank 0.000301, кластер 277 уз.",1,1,100000.0,20000.0,0.00030111296383823733,0.2,2,False,False
100000008683818100,terminal,0.75,1,0.4173573107342665,"Конечный в выборке: получил 17 400 KZT в 1 переводах; исходящих переводов 0. Triage 0.42: оборот 17 400 KZT, PageRank 0.000291, кластер 270 уз.",1,0,17400.0,0.0,0.00029147536569783234,0.0,2,False,False
100000006567935100,terminal,0.75,30,0.4461523872889497,"Конечный в выборке: получил 200 000 KZT в 1 переводах; исходящих переводов 0. Triage 0.45: оборот 200 000 KZT, PageRank 0.000310, кластер 13 уз.",1,0,200000.0,0.0,0.000310470838686078,0.0,2,False,False
100000002132479100,transit,0.7999999999999999,14,0.5891520016054845,"Транзит: получил 30 000 KZT, отправил 20 000 KZT; исходящий оборот — 67% наблюдаемого входящего. AML-сигналы: структурный цикл. Triage 0.59: оборот 50 000 KZT, PageRank 0.000605, кластер 44 уз.",1,1,30000.0,20000.0,0.0006048796073518873,0.6666666666666666,2,False,False
100000002170580100,terminal,0.75,9,0.45055344240215583,"Конечный в выборке: получил 150 000 KZT в 1 переводах; исходящих переводов 0. Triage 0.45: оборот 150 000 KZT, PageRank 0.000357, кластер 59 уз.",1,0,150000.0,0.0,0.0003569154848081131,0.0,2,False,False
100000001232297100,peripheral,0.5,13,0.4099872889115231,"Периферийный: получил 5 000 KZT, отправил 45 000 KZT; связей вход/выход 1/2. Активен 3 дн. AML-сигналы: структурный цикл. Triage 0.41: оборот 50 000 KZT, PageRank 0.000292, кластер 50 уз.",1,2,5000.0,45000.0,0.0002921403382505707,9.0,2,False,False
100000002028158100,terminal,0.75,15,0.41871448775104547,"Конечный в выборке: получил 34 800 KZT в 1 переводах; исходящих переводов 0. Triage 0.42: оборот 34 800 KZT, PageRank 0.000297, кластер 41 уз.",1,0,34800.0,0.0,0.000296623923576419,0.0,2,False,False
100000005519998100,transit,0.892155838772944,34,0.6846748028762412,"Транзит: вход 182 000 KZT, выход 188 000 KZT; отношение 103% к наблюдаемому входу. AML: IN/OUT близко, структ. цикл. Triage 0.68: PR 0.000651, кластер 10 уз.",3,3,182000.0,188000.0,0.0006513166268671561,1.032967032967033,2,False,False
100000002335358100,terminal,0.75,5,0.4714180315765766,"Конечный в выборке: получил 140 000 KZT в 2 переводах; исходящих переводов 0. Triage 0.47: оборот 140 000 KZT, PageRank 0.000612, кластер 125 уз.",1,0,140000.0,0.0,0.0006118174754218414,0.0,2,False,False
100000007289427100,terminal,0.75,2,0.41575117842802156,"Конечный в выборке: получил 12 300 KZT в 1 переводах; исходящих переводов 0. Triage 0.42: оборот 12 300 KZT, PageRank 0.000374, кластер 148 уз.",1,0,12300.0,0.0,0.00037353155428680534,0.0,2,False,False
100000004592467100,terminal,0.75,2,0.40073129201216084,"Конечный в выборке: получил 7 000 KZT в 1 переводах; исходящих переводов 0. Triage 0.40: оборот 7 000 KZT, PageRank 0.000287, кластер 148 уз.",1,0,7000.0,0.0,0.00028662988357522107,0.0,2,False,False
100000004993576100,terminal,0.75,15,0.44857456715827126,"Конечный в выборке: получил 167 000 KZT в 1 переводах; исходящих переводов 0. Triage 0.45: оборот 167 000 KZT, PageRank 0.000339, кластер 41 уз.",1,0,167000.0,0.0,0.00033858395508134197,0.0,2,False,False
100000001648936100,terminal,0.75,6,0.4446187140611302,"Конечный в выборке: получил 92 740 KZT в 1 переводах; исходящих переводов 0. Triage 0.44: оборот 92 740 KZT, PageRank 0.000303, кластер 106 уз.",1,0,92740.0,0.0,0.0003031319930429631,0.0,2,False,False
100000008512552100,peripheral,0.5,16,0.5373790971923175,"peripheral: вход 394 360 KZT, выход 1 302 275 KZT. AML: fan-in, структ. цикл. Triage 0.54: PR 0.000426, кластер 41 уз.",4,6,394360.0,1302275.0,0.0004256474677948282,3.3022492139162187,2,False,False
100000007629096100,transit,0.8165988547087535,0,0.8015182227751824,"Транзит: вход 1 075 170 KZT, выход 765 205 KZT; отношение 71% к наблюдаемому входу. AML: IN/OUT близко, структ. цикл. Triage 0.80: PR 0.002546, кластер 277 уз.",4,1,1075170.0,765205.0,0.002545885958959666,0.7117060557865268,2,False,False
100000001601320100,transit,0.8814020441271394,6,0.6537745296071868,"Транзит: получил 43 500 KZT, отправил 46 200 KZT; исходящий оборот — 106% наблюдаемого входящего. Triage 0.65: оборот 89 700 KZT, PageRank 0.000811, кластер 106 уз.",2,1,43500.0,46200.0,0.0008107050780087272,1.0620689655172413,2,False,False
100000005782781100,peripheral,0.5,6,0.5235940821581752,"peripheral: вход 171 888 KZT, выход 1 263 597 KZT. AML: fan-in, структ. цикл. Triage 0.52: PR 0.000487, кластер 106 уз.",6,10,171888.0,1263597.0,0.0004872102761823176,7.351281066741134,2,False,False
100000002723538100,peripheral,0.5,3,0.49806474039122345,"Периферийный: получил 105 647 KZT, отправил 560 499 KZT; связей вход/выход 3/12. Активен 11 дн. AML-сигналы: структурный цикл. Triage 0.50: оборот 666 146 KZT, PageRank 0.000320, кластер 126 уз.",3,12,105647.0,560499.0,0.0003202602913560967,5.305394379395534,2,False,False
100000002340562100,terminal,0.75,6,0.4420301150616632,"Конечный в выборке: получил 36 650 KZT в 2 переводах; исходящих переводов 0. Triage 0.44: оборот 36 650 KZT, PageRank 0.000531, кластер 106 уз.",1,0,36650.0,0.0,0.0005305850262874029,0.0,2,False,False
100000005939154100,terminal,0.75,5,0.42012245376352925,"Конечный в выборке: получил 22 000 KZT в 2 переводах; исходящих переводов 0. Triage 0.42: оборот 22 000 KZT, PageRank 0.000294, кластер 125 уз.",1,0,22000.0,0.0,0.00029369593310636335,0.0,2,False,False
100000004386258100,transit,0.7972537251169994,11,0.6333205715724518,"Транзит: вход 61 700 KZT, выход 40 000 KZT; отношение 65% к наблюдаемому входу. AML: IN/OUT близко, структ. цикл. Triage 0.63: PR 0.000533, кластер 55 уз.",3,3,61700.0,40000.0,0.0005331734807663101,0.6482982171799028,2,False,False
100000008406609100,terminal,0.75,20,0.4216567463323405,"Конечный в выборке: получил 34 000 KZT в 1 переводах; исходящих переводов 0. Triage 0.42: оборот 34 000 KZT, PageRank 0.000430, кластер 26 уз.",1,0,34000.0,0.0,0.00043023453354681376,0.0,2,False,False
100000007242833100,peripheral,0.5,11,0.5063000590205881,"Периферийный: получил 107 500 KZT, отправил 45 000 KZT; связей вход/выход 1/1. Активен 2 дн. Triage 0.51: оборот 152 500 KZT, PageRank 0.000513, кластер 55 уз.",1,1,107500.0,45000.0,0.0005134497823571558,0.4186046511627907,2,False,False
100000004698193100,peripheral,0.5,6,0.5047227580205189,"Периферийный: получил 222 700 KZT, отправил 38 000 KZT; связей вход/выход 2/3. Активен 14 дн. AML-сигналы: структурный цикл. Triage 0.50: оборот 260 700 KZT, PageRank 0.000823, кластер 106 уз.",2,3,222700.0,38000.0,0.0008233503691202004,0.17063313875168387,2,False,False
100000002733905100,peripheral,0.5,1,0.6092622316161297,"Периферийный: получил 100 000 KZT, отправил 717 839 KZT; связей вход/выход 3/2. Активен 5 дн. AML-сигналы: структурный цикл. Triage 0.61: оборот 817 839 KZT, PageRank 0.003081, кластер 270 уз.",3,2,100000.0,717839.0,0.0030808287165789558,7.17839,2,False,False
100000006912294100,peripheral,0.5,7,0.4246701981182613,"Периферийный: получил 6 335 KZT, отправил 30 000 KZT; связей вход/выход 1/2. AML-сигналы: структурный цикл. Triage 0.42: оборот 36 335 KZT, PageRank 0.000512, кластер 104 уз.",1,2,6335.09,30000.0,0.0005121983804075877,4.7355286191672095,2,False,False
100000003036198100,terminal,0.75,2,0.41409465325616956,"Конечный в выборке: получил 15 000 KZT в 1 переводах; исходящих переводов 0. Triage 0.41: оборот 15 000 KZT, PageRank 0.000288, кластер 148 уз.",1,0,15000.0,0.0,0.00028794000563690515,0.0,2,False,False
100000004687099100,terminal,0.75,6,0.4267901583029971,"Конечный в выборке: получил 30 000 KZT в 1 переводах; исходящих переводов 0. Triage 0.43: оборот 30 000 KZT, PageRank 0.000334, кластер 106 уз.",1,0,30000.0,0.0,0.00033411870929104615,0.0,2,False,False
100000005242320100,distributor,0.8125666398150047,12,0.6370486319158954,"Распределитель: отправил 8 936 295 KZT в 29 переводах 21 получателям. Активен 16 дн. AML-сигналы: fan-out. Triage 0.64: оборот 9 301 995 KZT, PageRank 0.000500, кластер 51 уз.",2,21,365700.0,8936295.0,0.0004998799615092605,24.43613617719442,2,False,False
100000008762832100,peripheral,0.5,2,0.5093115940893141,"Периферийный: получил 150 000 KZT, отправил 85 000 KZT; связей вход/выход 1/1. Активен 2 дн. AML-сигналы: структурный цикл. Triage 0.51: оборот 235 000 KZT, PageRank 0.000308, кластер 148 уз.",1,1,150000.0,85000.0,0.0003081087815376724,0.5666666666666667,2,False,False
100000002489253100,terminal,0.75,5,0.43526999295886537,"Конечный в выборке: получил 51 000 KZT в 1 переводах; исходящих переводов 0. Triage 0.44: оборот 51 000 KZT, PageRank 0.000302, кластер 125 уз.",1,0,51000.0,0.0,0.0003018134971926478,0.0,2,False,False
100000004756901100,terminal,0.75,5,0.4550028943889847,"Конечный в выборке: получил 153 248 KZT в 1 переводах; исходящих переводов 0. Triage 0.46: оборот 153 248 KZT, PageRank 0.000311, кластер 125 уз.",1,0,153248.0,0.0,0.00031092489137241974,0.0,2,False,False
100000008749989100,terminal,0.75,1,0.4158662018124501,"Конечный в выборке: получил 16 000 KZT в 1 переводах; исходящих переводов 0. Triage 0.42: оборот 16 000 KZT, PageRank 0.000291, кластер 270 уз.",1,0,16000.0,0.0,0.00029100090274430013,0.0,2,False,False
100000001380986100,terminal,0.75,7,0.440025001119218,"Конечный в выборке: получил 70 170 KZT в 1 переводах; исходящих переводов 0. Triage 0.44: оборот 70 170 KZT, PageRank 0.000292, кластер 104 уз.",1,0,70170.0,0.0,0.00029217291565433024,0.0,2,False,False
100000003089018100,terminal,0.75,7,0.46162613057470175,"Конечный в выборке: получил 230 000 KZT в 1 переводах; исходящих переводов 0. Triage 0.46: оборот 230 000 KZT, PageRank 0.000307, кластер 104 уз.",1,0,230000.0,0.0,0.00030719344309364054,0.0,2,False,False
100000008742266100,terminal,0.75,1,0.42070957303339773,"Конечный в выборке: получил 21 000 KZT в 1 переводах; исходящих переводов 0. Triage 0.42: оборот 21 000 KZT, PageRank 0.000293, кластер 270 уз.",1,0,21000.0,0.0,0.0002926954132926294,0.0,2,False,False
100000003044431100,terminal,0.75,2,0.4401755569564454,"Конечный в выборке: получил 60 000 KZT в 2 переводах; исходящих переводов 0. Triage 0.44: оборот 60 000 KZT, PageRank 0.000302, кластер 148 уз.",2,0,60000.0,0.0,0.0003024442430964633,0.0,2,False,False
100000003321423100,terminal,0.75,33,0.44605916199959333,"Конечный в выборке: получил 100 000 KZT в 2 переводах; исходящих переводов 0. Triage 0.45: оборот 100 000 KZT, PageRank 0.000669, кластер 10 уз.",1,0,100000.0,0.0,0.0006693442969805262,0.0,2,False,False
100000002540623100,terminal,0.75,9,0.4420603849067306,"Конечный в выборке: получил 100 000 KZT в 1 переводах; исходящих переводов 0. Triage 0.44: оборот 100 000 KZT, PageRank 0.000333, кластер 59 уз.",1,0,100000.0,0.0,0.0003331364795352909,0.0,2,False,False
100000004225615100,terminal,0.75,7,0.45865643123783634,"Конечный в выборке: получил 90 000 KZT в 2 переводах; исходящих переводов 0. Triage 0.46: оборот 90 000 KZT, PageRank 0.000294, кластер 104 уз.",1,0,90000.0,0.0,0.00029403650233468764,0.0,2,False,False
100000004820260100,transit,0.8767496646583309,15,0.7487878139651855,"Транзит: вход 234 200 KZT, выход 215 350 KZT; отношение 92% к наблюдаемому входу. AML: IN/OUT близко, структ. цикл. Triage 0.75: PR 0.001408, кластер 41 уз.",1,3,234200.0,215350.0,0.00140786021443669,0.9195132365499573,2,False,False
100000000795129100,terminal,0.75,15,0.4636895452831173,"Конечный в выборке: получил 332 000 KZT в 1 переводах; исходящих переводов 0. Triage 0.46: оборот 332 000 KZT, PageRank 0.000391, кластер 41 уз.",1,0,332000.0,0.0,0.00039095464493241823,0.0,2,False,False
100000008213966100,consolidator,0.65,28,0.7397741942389334,"Сборщик: вход 187 004 KZT от 3 контрагентов. AML: fan-in, структ. цикл. Triage 0.74: PR 0.001944, кластер 14 уз.",3,1,187004.0,436900.0,0.0019443995489436686,2.336313661739856,2,False,False
100000008478414100,terminal,0.75,1,0.40754878222516955,"Конечный в выборке: получил 10 000 KZT в 1 переводах; исходящих переводов 0. Triage 0.41: оборот 10 000 KZT, PageRank 0.000289, кластер 270 уз.",1,0,10000.0,0.0,0.00028896749008630503,0.0,2,False,False
100000001330595100,peripheral,0.5,24,0.513715708013282,"Периферийный: получил 87 000 KZT, отправил 154 000 KZT; связей вход/выход 3/1. Активен 6 дн. Triage 0.51: оборот 241 000 KZT, PageRank 0.000675, кластер 17 уз.",3,1,87000.0,154000.0,0.0006747816115370073,1.7701149425287357,2,False,False
100000000076451100,transit,0.8006292546839731,15,0.6763701376387371,"Транзит: вход 87 707 KZT, выход 58 000 KZT; отношение 66% к наблюдаемому входу. AML: IN/OUT близко, структ. цикл. Triage 0.68: PR 0.001391, кластер 41 уз.",3,4,87707.0,58000.0,0.001391143608603466,0.661292713238396,2,False,False
100000005664632100,terminal,0.75,66,0.4510137789927804,"Конечный в выборке: получил 198 620 KZT в 18 переводах; исходящих переводов 0. Активен 5 дн. Triage 0.45: оборот 198 620 KZT, PageRank 0.000365, кластер 3 уз.",1,0,198620.0,0.0,0.0003650519907532118,0.0,2,False,False
100000002457464100,terminal,0.75,2,0.44214546241176333,"Конечный в выборке: получил 66 647 KZT в 1 переводах; исходящих переводов 0. Triage 0.44: оборот 66 647 KZT, PageRank 0.000322, кластер 148 уз.",1,0,66647.0,0.0,0.00032213467883104017,0.0,2,False,False
100000002757240100,terminal,0.75,2,0.4372366613452722,"Конечный в выборке: получил 51 183 KZT в 1 переводах; исходящих переводов 0. Triage 0.44: оборот 51 183 KZT, PageRank 0.000317, кластер 148 уз.",1,0,51183.0,0.0,0.0003167855674126618,0.0,2,False,False
100000003718221100,transit,0.8379002402711229,22,0.7085831869708259,"Транзит: вход 350 000 KZT, выход 423 500 KZT; отношение 121% к наблюдаемому входу. AML: IN/OUT близко, структ. цикл. Triage 0.71: PR 0.001052, кластер 18 уз.",2,4,350000.0,423500.0,0.0010519788854086276,1.21,2,False,False
100000008629581100,terminal,0.75,2,0.43812640142232356,"Конечный в выборке: получил 54 184 KZT в 1 переводах; исходящих переводов 0. Triage 0.44: оборот 54 184 KZT, PageRank 0.000315, кластер 148 уз.",1,0,54184.0,0.0,0.00031529866155714505,0.0,2,False,False
100000004806903100,terminal,0.75,2,0.43194208900415704,"Конечный в выборке: получил 18 000 KZT в 1 переводах; исходящих переводов 0. Triage 0.43: оборот 18 000 KZT, PageRank 0.000533, кластер 148 уз.",1,0,18000.0,0.0,0.0005332503534755376,0.0,2,False,False
100000000913911100,transit,0.8150066057947739,2,0.6798781262402976,"Транзит: получил 467 000 KZT, отправил 600 000 KZT; исходящий оборот — 128% наблюдаемого входящего. Активен 2 дн. Triage 0.68: оборот 1 067 000 KZT, PageRank 0.000459, кластер 148 уз.",2,1,467000.0,600000.0,0.00045910047133325703,1.284796573875803,2,False,False
100000004905207100,terminal,0.75,14,0.4714842063205166,"Конечный в выборке: получил 380 000 KZT в 1 переводах; исходящих переводов 0. Triage 0.47: оборот 380 000 KZT, PageRank 0.000434, кластер 44 уз.",1,0,380000.0,0.0,0.0004339730505768004,0.0,2,False,False
100000003831201100,terminal,0.75,0,0.45066416404124765,"Конечный в выборке: получил 40 500 KZT в 3 переводах; исходящих переводов 0. Triage 0.45: оборот 40 500 KZT, PageRank 0.000534, кластер 277 уз.",1,0,40500.0,0.0,0.0005340445653270198,0.0,2,False,False
100000003073398100,terminal,0.75,6,0.4446625243720592,"Конечный в выборке: получил 92 960 KZT в 1 переводах; исходящих переводов 0. Triage 0.44: оборот 92 960 KZT, PageRank 0.000303, кластер 106 уз.",1,0,92960.0,0.0,0.00030317363392383146,0.0,2,False,False
100000008418934100,terminal,0.75,7,0.470169877210607,"Конечный в выборке: получил 360 000 KZT в 1 переводах; исходящих переводов 0. Triage 0.47: оборот 360 000 KZT, PageRank 0.000319, кластер 104 уз.",1,0,360000.0,0.0,0.00031941060236981105,0.0,2,False,False
100000002741024100,peripheral,0.5,0,0.6700900950606209,"peripheral: вход 817 981 KZT, выход 434 989 KZT. AML: fan-in, структ. цикл. Triage 0.67: PR 0.002936, кластер 277 уз.",5,6,817980.85,434989.0,0.002936357516009108,0.5317838431058625,2,False,False
100000008106997100,peripheral,0.5,0,0.509087157746933,"Периферийный: получил 35 600 KZT, отправил 20 600 KZT; связей вход/выход 2/1. Активен 2 дн. Triage 0.51: оборот 56 200 KZT, PageRank 0.000305, кластер 277 уз.",2,1,35600.0,20600.0,0.0003053556716274189,0.5786516853932584,2,False,False
100000007998965100,consolidator,0.7166678803642904,9,0.590466098001792,"Сборщик: получил 278 000 KZT от 5 контрагентов в 7 переводах; отправил 26 000 KZT. Активен 8 дн. AML-сигналы: fan-in. Triage 0.59: оборот 304 000 KZT, PageRank 0.000472, кластер 59 уз.",5,1,278000.0,26000.0,0.00047165077057308364,0.09352517985611511,2,False,False
100000001822623100,terminal,0.75,22,0.44609376653696436,"Конечный в выборке: получил 201 300 KZT в 1 переводах; исходящих переводов 0. Triage 0.45: оборот 201 300 KZT, PageRank 0.000323, кластер 18 уз.",1,0,201300.0,0.0,0.0003234497164857307,0.0,2,False,False
100000006424479100,peripheral,0.5,13,0.5344414209887977,"Периферийный: получил 500 000 KZT, отправил 220 000 KZT; связей вход/выход 1/2. Активен 3 дн. Triage 0.53: оборот 720 000 KZT, PageRank 0.000942, кластер 50 уз.",1,2,500000.0,220000.0,0.000941765395082066,0.44,2,False,False
100000008696692100,terminal,0.75,1,0.4189237551102028,"Конечный в выборке: получил 19 000 KZT в 1 переводах; исходящих переводов 0. Triage 0.42: оборот 19 000 KZT, PageRank 0.000292, кластер 270 уз.",1,0,19000.0,0.0,0.00029201760907329765,0.0,2,False,False
100000002748532100,peripheral,0.5,17,0.530368715969146,"Периферийный: получил 355 575 KZT, отправил 646 685 KZT; связей вход/выход 3/2. Активен 7 дн. Triage 0.53: оборот 1 002 260 KZT, PageRank 0.000339, кластер 30 уз.",3,2,355575.0,646685.0,0.0003390925794533341,1.8187021022287844,2,False,False
100000004456564100,terminal,0.75,14,0.4055401521646106,"Конечный в выборке: получил 10 000 KZT в 2 переводах; исходящих переводов 0. Triage 0.41: оборот 10 000 KZT, PageRank 0.000392, кластер 44 уз.",1,0,10000.0,0.0,0.00039201218177706016,0.0,2,False,False
100000001530740100,terminal,0.75,5,0.4275476193719737,"Конечный в выборке: получил 15 000 KZT в 1 переводах; исходящих переводов 0. Triage 0.43: оборот 15 000 KZT, PageRank 0.000530, кластер 125 уз.",1,0,15000.0,0.0,0.0005295511029941043,0.0,2,False,False
100000001386612100,terminal,0.75,20,0.43239139792674325,"Конечный в выборке: получил 62 264 KZT в 1 переводах; исходящих переводов 0. Triage 0.43: оборот 62 264 KZT, PageRank 0.000433, кластер 26 уз.",1,0,62264.0,0.0,0.0004333066166567988,0.0,2,False,False
100000003360542100,peripheral,0.5,9,0.5339079017177772,"Периферийный: получил 317 000 KZT, отправил 51 800 KZT; связей вход/выход 2/2. Активен 8 дн. AML-сигналы: структурный цикл. Triage 0.53: оборот 368 800 KZT, PageRank 0.001451, кластер 59 уз.",2,2,317000.0,51800.0,0.0014511217378392852,0.16340694006309148,2,False,False
100000008352542100,terminal,0.75,2,0.43776560852147883,"Конечный в выборке: получил 50 220 KZT в 1 переводах; исходящих переводов 0. Triage 0.44: оборот 50 220 KZT, PageRank 0.000331, кластер 148 уз.",1,0,50220.0,0.0,0.0003314201137581223,0.0,2,False,False
100000001138376100,terminal,0.75,15,0.4040140986092523,"Конечный в выборке: получил 15 300 KZT в 1 переводах; исходящих переводов 0. Triage 0.40: оборот 15 300 KZT, PageRank 0.000290, кластер 41 уз.",1,0,15300.0,0.0,0.0002904346602303827,0.0,2,False,False
100000003246024100,peripheral,0.5,0,0.46306480536974026,"Периферийный: получил 25 000 KZT, отправил 5 000 KZT; связей вход/выход 1/1. Triage 0.46: оборот 30 000 KZT, PageRank 0.000375, кластер 277 уз.",1,1,25000.0,5000.0,0.0003745290574992602,0.2,2,False,False
100000002680477100,terminal,0.75,12,0.41743908055866524,"Конечный в выборке: получил 25 000 KZT в 1 переводах; исходящих переводов 0. Triage 0.42: оборот 25 000 KZT, PageRank 0.000295, кластер 51 уз.",1,0,25000.0,0.0,0.00029455747387439283,0.0,2,False,False
100000005882013100,peripheral,0.5,13,0.4451615199827861,"Периферийный: получил 135 000 KZT, отправил 10 000 KZT; связей вход/выход 2/1. Активен 4 дн. AML-сигналы: структурный цикл. Triage 0.45: оборот 145 000 KZT, PageRank 0.000526, кластер 50 уз.",2,1,135000.0,10000.0,0.0005258364270917607,0.07407407407407407,2,False,False
100000005665181100,peripheral,0.5,4,0.5014592079141289,"Периферийный: получил 45 498 KZT, отправил 181 915 KZT; связей вход/выход 4/11. Активен 7 дн. AML-сигналы: структурный цикл. Triage 0.50: оборот 227 413 KZT, PageRank 0.000398, кластер 126 уз.",4,11,45498.0,181915.0,0.0003984053147875782,3.998307617917271,2,False,False
100000008141170100,terminal,0.75,5,0.427625498288106,"Конечный в выборке: получил 11 000 KZT в 1 переводах; исходящих переводов 0. Triage 0.43: оборот 11 000 KZT, PageRank 0.000621, кластер 125 уз.",1,0,11000.0,0.0,0.0006212970863620058,0.0,2,False,False
100000001382002100,transit,0.8918181818181818,0,0.6710321167242151,"Транзит: вход 55 000 KZT, выход 56 500 KZT; отношение 103% к наблюдаемому входу. AML: структ. цикл. Triage 0.67: PR 0.000662, кластер 277 уз.",1,1,55000.0,56500.0,0.0006616316607102936,1.0272727272727273,2,False,False
100000002481735100,terminal,0.75,5,0.4245858340919571,"Конечный в выборке: получил 22 436 KZT в 2 переводах; исходящих переводов 0. Triage 0.42: оборот 22 436 KZT, PageRank 0.000363, кластер 125 уз.",1,0,22436.0,0.0,0.00036261300430193616,0.0,2,False,False
100000000806727100,peripheral,0.5,2,0.40819802267058036,"Периферийный: получил 45 000 KZT, отправил 5 000 KZT; связей вход/выход 1/1. Triage 0.41: оборот 50 000 KZT, PageRank 0.000346, кластер 148 уз.",1,1,45000.0,5000.0,0.00034573863723212156,0.1111111111111111,2,False,False
100000003039473100,terminal,0.75,5,0.4219987955721434,"Конечный в выборке: получил 23 000 KZT в 1 переводах; исходящих переводов 0. Triage 0.42: оборот 23 000 KZT, PageRank 0.000312, кластер 125 уз.",1,0,23000.0,0.0,0.0003121105703789846,0.0,2,False,False
100000005205745100,terminal,0.75,6,0.3974164012938819,"Конечный в выборке: получил 6 000 KZT в 1 переводах; исходящих переводов 0. Triage 0.40: оборот 6 000 KZT, PageRank 0.000312, кластер 106 уз.",1,0,6000.0,0.0,0.000312231915957563,0.0,2,False,False
100000004356593100,peripheral,0.5,2,0.4202224277635648,"Периферийный: получил 50 000 KZT, отправил 10 000 KZT; связей вход/выход 1/1. Triage 0.42: оборот 60 000 KZT, PageRank 0.000293, кластер 148 уз.",1,1,50000.0,10000.0,0.00029345025781384195,0.2,2,False,False
100000008688881100,terminal,0.75,1,0.4341621482400387,"Конечный в выборке: получил 44 211 KZT в 1 переводах; исходящих переводов 0. Triage 0.43: оборот 44 211 KZT, PageRank 0.000301, кластер 270 уз.",1,0,44211.0,0.0,0.00030056167016008343,0.0,2,False,False
100000008111003100,consolidator,0.7500046906037643,0,0.6256296773462493,"Сборщик: вход 222 716 KZT от 6 контрагентов. AML: fan-in, структ. цикл. Triage 0.63: PR 0.000469, кластер 277 уз.",6,1,222716.0,35000.0,0.00046937461544778415,0.15715081089818422,2,False,False
100000003016773100,terminal,0.75,10,0.42975870264784116,"Конечный в выборке: получил 46 555 KZT в 1 переводах; исходящих переводов 0. Triage 0.43: оборот 46 555 KZT, PageRank 0.000315, кластер 56 уз.",1,0,46555.0,0.0,0.0003147687672338387,0.0,2,False,False
100000004674799100,terminal,0.75,0,0.4975777002756388,"Конечный в выборке: получил 140 000 KZT в 5 переводах; исходящих переводов 0. Активен 3 дн. Triage 0.50: оборот 140 000 KZT, PageRank 0.000788, кластер 277 уз.",1,0,140000.0,0.0,0.0007877670798838484,0.0,2,False,False
100000005834479100,peripheral,0.5,3,0.443140175343132,"Периферийный: получил 7 500 KZT, отправил 14 470 KZT; связей вход/выход 1/2. Triage 0.44: оборот 21 970 KZT, PageRank 0.000287, кластер 126 уз.",1,2,7500.0,14470.0,0.00028675923731327584,1.9293333333333333,2,False,False
100000003278020100,terminal,0.75,0,0.46510017787590474,"Конечный в выборке: получил 190 000 KZT в 1 переводах; исходящих переводов 0. Triage 0.47: оборот 190 000 KZT, PageRank 0.000325, кластер 277 уз.",1,0,190000.0,0.0,0.0003245159718383907,0.0,2,False,False
100000000831684100,peripheral,0.5,11,0.5626278243029618,"Периферийный: получил 15 000 KZT, отправил 50 000 KZT; связей вход/выход 1/1. Активен 3 дн. AML-сигналы: структурный цикл. Triage 0.56: оборот 65 000 KZT, PageRank 0.002000, кластер 55 уз.",1,1,15000.0,50000.0,0.0020004847794182234,3.3333333333333335,2,False,False
100000000307908100,terminal,0.75,42,0.3729082266316414,"Конечный в выборке: получил 5 000 KZT в 1 переводах; исходящих переводов 0. Triage 0.37: оборот 5 000 KZT, PageRank 0.000297, кластер 6 уз.",1,0,5000.0,0.0,0.00029711691452153185,0.0,2,False,False
100000001782980100,peripheral,0.5,29,0.4307264654453662,"Периферийный: получил 50 000 KZT, отправил 596 200 KZT; связей вход/выход 1/1. Triage 0.43: оборот 646 200 KZT, PageRank 0.000370, кластер 13 уз.",1,1,50000.0,596200.0,0.0003699933798936195,11.924,2,False,False
100000002454724100,terminal,0.75,30,0.4373959073678826,"Конечный в выборке: получил 125 000 KZT в 3 переводах; исходящих переводов 0. Triage 0.44: оборот 125 000 KZT, PageRank 0.000301, кластер 13 уз.",1,0,125000.0,0.0,0.0003011362000499162,0.0,2,False,False
100000005904580100,terminal,0.75,11,0.45874824832842326,"Конечный в выборке: получил 72 000 KZT в 2 переводах; исходящих переводов 0. Triage 0.46: оборот 72 000 KZT, PageRank 0.000522, кластер 55 уз.",2,0,72000.0,0.0,0.000522073851132537,0.0,2,False,False
100000008474308100,transit,0.8142857142857143,11,0.5699277180030755,"Транзит: получил 14 000 KZT, отправил 10 000 KZT; исходящий оборот — 71% наблюдаемого входящего. AML-сигналы: структурный цикл. Triage 0.57: оборот 24 000 KZT, PageRank 0.000445, кластер 55 уз.",1,1,14000.0,10000.0,0.0004445752768885619,0.7142857142857143,2,False,False
100000000795033100,terminal,0.75,0,0.43663718811598623,"Конечный в выборке: получил 18 200 KZT в 1 переводах; исходящих переводов 0. Triage 0.44: оборот 18 200 KZT, PageRank 0.000533, кластер 277 уз.",1,0,18200.0,0.0,0.0005327360823118761,0.0,2,False,False
100000000861294100,terminal,0.75,6,0.45365212701801105,"Конечный в выборке: получил 150 000 KZT в 1 переводах; исходящих переводов 0. Triage 0.45: оборот 150 000 KZT, PageRank 0.000314, кластер 106 уз.",1,0,150000.0,0.0,0.0003139699786726041,0.0,2,False,False
100000006557763100,terminal,0.75,2,0.4105605372405515,"Конечный в выборке: получил 10 000 KZT в 1 переводах; исходящих переводов 0. Triage 0.41: оборот 10 000 KZT, PageRank 0.000347, кластер 148 уз.",1,0,10000.0,0.0,0.0003470960942773932,0.0,2,False,False
100000005608515100,terminal,0.75,6,0.4429445368771219,"Конечный в выборке: получил 64 000 KZT в 4 переводах; исходящих переводов 0. Triage 0.44: оборот 64 000 KZT, PageRank 0.000293, кластер 106 уз.",1,0,64000.0,0.0,0.00029315314076897237,0.0,2,False,False
100000003922499100,terminal,0.75,11,0.4389800024848011,"Конечный в выборке: получил 50 000 KZT в 1 переводах; исходящих переводов 0. Triage 0.44: оборот 50 000 KZT, PageRank 0.000535, кластер 55 уз.",1,0,50000.0,0.0,0.0005349567939150434,0.0,2,False,False
100000008603629100,distributor,1.0,3,0.7616101924853562,"Распределитель: выход 4 986 156 KZT к 61 получателям. AML: fan-in, fan-out, структ. цикл. Triage 0.76: PR 0.001191, кластер 126 уз.",19,61,1817300.0,4986156.0,0.0011905246000320636,2.7437165025037142,2,False,False
100000004825069100,terminal,0.75,1,0.43250267927397473,"Конечный в выборке: получил 30 000 KZT в 4 переводах; исходящих переводов 0. Triage 0.43: оборот 30 000 KZT, PageRank 0.000296, кластер 270 уз.",1,0,30000.0,0.0,0.000295745532279622,0.0,2,False,False
100000004331458100,terminal,0.75,48,0.49735842306295996,"Конечный в выборке: получил 250 000 KZT в 2 переводах; исходящих переводов 0. Triage 0.50: оборот 250 000 KZT, PageRank 0.001321, кластер 6 уз.",2,0,250000.0,0.0,0.001320776388948631,0.0,2,False,False
100000002911170100,terminal,0.75,30,0.4539700764108514,"Конечный в выборке: получил 300 000 KZT в 2 переводах; исходящих переводов 0. Triage 0.45: оборот 300 000 KZT, PageRank 0.000323, кластер 13 уз.",1,0,300000.0,0.0,0.0003229170235342938,0.0,2,False,False
100000008011159100,peripheral,0.5,41,0.5121449064744553,"Периферийный: получил 363 000 KZT, отправил 153 037 KZT; связей вход/выход 3/5. Активен 7 дн. AML-сигналы: структурный цикл. Triage 0.51: оборот 516 037 KZT, PageRank 0.000486, кластер 7 уз.",3,5,363000.0,153037.0,0.00048580312295586243,0.4215895316804408,2,False,False
100000003854444100,peripheral,0.5,18,0.5182045175985891,"Периферийный: получил 210 000 KZT, отправил 2 322 909 KZT; связей вход/выход 1/14. Активен 10 дн. Triage 0.52: оборот 2 532 909 KZT, PageRank 0.000467, кластер 30 уз.",1,14,210000.0,2322909.0,0.0004665572726453213,11.061471428571428,2,False,False
100000008547948100,distributor,0.8750680217786269,7,0.6561051751867326,"Распределитель: выход 5 185 600 KZT к 26 получателям. AML: fan-in, fan-out, структ. цикл. Triage 0.66: PR 0.000430, кластер 104 уз.",6,26,212665.0,5185600.0,0.00042998835046281737,24.383890155878966,2,False,False
100000005175148100,peripheral,0.5,15,0.4684527318568599,"Периферийный: получил 79 000 KZT, отправил 15 000 KZT; связей вход/выход 2/1. Активен 4 дн. AML-сигналы: структурный цикл. Triage 0.47: оборот 94 000 KZT, PageRank 0.000721, кластер 41 уз.",2,1,79000.0,15000.0,0.000720749920559153,0.189873417721519,2,False,False
100000002087788100,terminal,0.75,4,0.4694852714612707,"Конечный в выборке: получил 100 500 KZT в 1 переводах; исходящих переводов 0. Triage 0.47: оборот 100 500 KZT, PageRank 0.000658, кластер 126 уз.",1,0,100500.0,0.0,0.0006577078528728849,0.0,2,False,False
100000004150593100,peripheral,0.5,5,0.49458593486785923,"peripheral: вход 57 000 KZT, выход 871 165 KZT. AML: fan-out, структ. цикл. Triage 0.49: PR 0.000307, кластер 125 уз.",1,11,57000.0,871165.0,0.0003066100805647765,15.28359649122807,2,False,False
100000001597505100,peripheral,0.5,32,0.42628216203981883,"Периферийный: получил 26 460 KZT, отправил 12 920 KZT; связей вход/выход 1/1. Triage 0.43: оборот 39 380 KZT, PageRank 0.000315, кластер 10 уз.",1,1,26460.0,12920.0,0.0003147214196262015,0.48828420256991684,2,False,False
100000007629121100,terminal,0.75,2,0.4320427588089847,"Конечный в выборке: получил 29 000 KZT в 1 переводах; исходящих переводов 0. Triage 0.43: оборот 29 000 KZT, PageRank 0.000396, кластер 148 уз.",1,0,29000.0,0.0,0.00039585426316649083,0.0,2,False,False
100000005614315100,terminal,0.75,5,0.48975457751864676,"Конечный в выборке: получил 455 000 KZT в 1 переводах; исходящих переводов 0. Triage 0.49: оборот 455 000 KZT, PageRank 0.000575, кластер 125 уз.",1,0,455000.0,0.0,0.0005747240462894098,0.0,2,False,False
100000008324800100,consolidator,0.66167739152032,71,0.8156804146028298,"Сборщик: вход 526 500 KZT от 3 контрагентов. AML: fan-in, IN/OUT близко, структ. цикл. Triage 0.82: PR 0.001956, кластер 2 уз.",3,1,526500.0,511000.0,0.001956379575201643,0.9705603038936372,2,False,False
100000005030592100,terminal,0.75,15,0.3964977833000657,"Конечный в выборке: получил 10 000 KZT в 1 переводах; исходящих переводов 0. Triage 0.40: оборот 10 000 KZT, PageRank 0.000289, кластер 41 уз.",1,0,10000.0,0.0,0.00028875245019274206,0.0,2,False,False
100000001633685100,terminal,0.75,0,0.43887513866878186,"Конечный в выборке: получил 45 000 KZT в 3 переводах; исходящих переводов 0. Triage 0.44: оборот 45 000 KZT, PageRank 0.000306, кластер 277 уз.",3,0,45000.0,0.0,0.00030617077056177355,0.0,2,False,False
100000001848426100,terminal,0.75,6,0.44516719300666524,"Конечный в выборке: получил 95 530 KZT в 1 переводах; исходящих переводов 0. Triage 0.45: оборот 95 530 KZT, PageRank 0.000304, кластер 106 уз.",1,0,95530.0,0.0,0.0003036600751230661,0.0,2,False,False
100000004580202100,peripheral,0.5,22,0.4280895686753696,"Периферийный: получил 9 000 KZT, отправил 45 000 KZT; связей вход/выход 1/3. Активен 4 дн. Triage 0.43: оборот 54 000 KZT, PageRank 0.000322, кластер 18 уз.",1,3,9000.0,45000.0,0.00032203199396964565,5.0,2,False,False
100000008717375100,terminal,0.75,2,0.4267178386781689,"Конечный в выборке: получил 29 506 KZT в 1 переводах; исходящих переводов 0. Triage 0.43: оборот 29 506 KZT, PageRank 0.000302, кластер 148 уз.",1,0,29506.0,0.0,0.00030176265623858736,0.0,2,False,False
100000007861311100,terminal,0.75,6,0.4353122685697239,"Конечный в выборке: получил 45 000 KZT в 1 переводах; исходящих переводов 0. Triage 0.44: оборот 45 000 KZT, PageRank 0.000358, кластер 106 уз.",1,0,45000.0,0.0,0.000358388829441746,0.0,2,False,False
100000005578559100,peripheral,0.5,8,0.5083804874358631,"peripheral: вход 131 000 KZT, выход 893 164 KZT. AML: fan-out, структ. цикл. Triage 0.51: PR 0.000391, кластер 61 уз.",2,21,131000.0,893163.67,0.00039089106677752284,6.818043282442749,2,False,False
100000008764436100,terminal,0.75,1,0.412320245822542,"Конечный в выборке: получил 13 100 KZT в 1 переводах; исходящих переводов 0. Triage 0.41: оборот 13 100 KZT, PageRank 0.000290, кластер 270 уз.",1,0,13100.0,0.0,0.00029001808662626916,0.0,2,False,False
100000000190228100,peripheral,0.5,7,0.4227984328427057,"Периферийный: получил 5 000 KZT, отправил 28 560 KZT; связей вход/выход 1/1. Triage 0.42: оборот 33 560 KZT, PageRank 0.000582, кластер 104 уз.",1,1,5000.0,28560.0,0.000581697013451682,5.712,2,False,False
100000003971049100,terminal,0.75,0,0.44194571231566393,"Конечный в выборке: получил 55 900 KZT в 7 переводах; исходящих переводов 0. Triage 0.44: оборот 55 900 KZT, PageRank 0.000294, кластер 277 уз.",1,0,55900.0,0.0,0.00029426225161000876,0.0,2,False,False
100000008743913100,peripheral,0.5,17,0.5019520046197349,"Периферийный: получил 149 300 KZT, отправил 1 850 600 KZT; связей вход/выход 3/13. Активен 6 дн. Triage 0.50: оборот 1 999 900 KZT, PageRank 0.000332, кластер 30 уз.",3,13,149300.0,1850600.0,0.0003320616002437699,12.395177494976558,2,False,False
100000004400361100,terminal,0.75,5,0.4059869186625822,"Конечный в выборке: получил 10 000 KZT в 1 переводах; исходящих переводов 0. Triage 0.41: оборот 10 000 KZT, PageRank 0.000287, кластер 125 уз.",1,0,10000.0,0.0,0.00028723241699436916,0.0,2,False,False
100000002175422100,peripheral,0.5,31,0.5117629716821437,"Периферийный: получил 68 500 KZT, отправил 1 621 188 KZT; связей вход/выход 3/6. Активен 11 дн. AML-сигналы: структурный цикл. Triage 0.51: оборот 1 689 688 KZT, PageRank 0.000844, кластер 11 уз.",3,6,68500.0,1621188.0,0.0008441271125074782,23.66697810218978,2,False,False
100000004544958100,peripheral,0.5,9,0.5026484198924759,"Периферийный: получил 168 000 KZT, отправил 23 200 KZT; связей вход/выход 1/2. Активен 4 дн. AML-сигналы: структурный цикл. Triage 0.50: оборот 191 200 KZT, PageRank 0.001215, кластер 59 уз.",1,2,168000.0,23200.0,0.001215458015114453,0.1380952380952381,2,False,False
100000008466579100,distributor,0.7627596465936556,10,0.6186485944749761,"Распределитель: отправил 1 933 000 KZT в 20 переводах 17 получателям. Активен 9 дн. AML-сигналы: fan-out, структурный цикл. Triage 0.62: оборот 1 969 952 KZT, PageRank 0.000356, кластер 56 уз.",2,17,36952.0,1933000.0,0.0003559349594852257,52.31110630006495,2,False,False
100000001184915100,terminal,0.75,15,0.4666311995060839,"Конечный в выборке: получил 201 000 KZT в 2 переводах; исходящих переводов 0. Triage 0.47: оборот 201 000 KZT, PageRank 0.000349, кластер 41 уз.",1,0,201000.0,0.0,0.00034937549117186676,0.0,2,False,False
100000004435304100,terminal,0.75,1,0.42467298252544006,"Конечный в выборке: получил 26 200 KZT в 1 переводах; исходящих переводов 0. Triage 0.42: оборот 26 200 KZT, PageRank 0.000294, кластер 270 уз.",1,0,26200.0,0.0,0.0002944577042628918,0.0,2,False,False
100000008762728100,terminal,0.75,5,0.4170867579976776,"Конечный в выборке: получил 17 026 KZT в 1 переводах; исходящих переводов 0. Triage 0.42: оборот 17 026 KZT, PageRank 0.000318, кластер 125 уз.",1,0,17026.0,0.0,0.0003176721417167418,0.0,2,False,False
100000004285800100,peripheral,0.5,0,0.4262129225581891,"Периферийный: получил 5 000 KZT, отправил 15 000 KZT; связей вход/выход 1/1. Triage 0.43: оборот 20 000 KZT, PageRank 0.000344, кластер 277 уз.",1,1,5000.0,15000.0,0.00034415026972737205,3.0,2,False,False
100000008557672100,terminal,0.75,1,0.436099688325096,"Конечный в выборке: получил 49 125 KZT в 1 переводах; исходящих переводов 0. Triage 0.44: оборот 49 125 KZT, PageRank 0.000302, кластер 270 уз.",1,0,49125.0,0.0,0.0003022270351269814,0.0,2,False,False
100000005142589100,terminal,0.75,0,0.45514239766826836,"Конечный в выборке: получил 50 000 KZT в 2 переводах; исходящих переводов 0. Triage 0.46: оборот 50 000 KZT, PageRank 0.000310, кластер 277 уз.",1,0,50000.0,0.0,0.0003103485015006238,0.0,2,False,False
100000003747133100,transit,0.8858401453951844,46,0.6708762326928117,"Транзит: вход 237 068 KZT, выход 250 000 KZT; отношение 105% к наблюдаемому входу. AML: fan-in, IN/OUT близко. Triage 0.67: PR 0.000378, кластер 6 уз.",5,2,237068.0,250000.0,0.0003779564271860473,1.0545497494389795,2,False,False
100000003289405100,terminal,0.75,2,0.47261947102299456,"Конечный в выборке: получил 355 000 KZT в 1 переводах; исходящих переводов 0. Triage 0.47: оборот 355 000 KZT, PageRank 0.000339, кластер 148 уз.",1,0,355000.0,0.0,0.00033890020868664104,0.0,2,False,False
100000002691858100,terminal,0.75,32,0.4127516713824227,"Конечный в выборке: получил 51 500 KZT в 1 переводах; исходящих переводов 0. Triage 0.41: оборот 51 500 KZT, PageRank 0.000342, кластер 10 уз.",1,0,51500.0,0.0,0.00034230038727319076,0.0,2,False,False
100000007534354100,peripheral,0.5,9,0.4574599143897201,"Периферийный: получил 50 000 KZT, отправил 147 810 KZT; связей вход/выход 1/3. Triage 0.46: оборот 197 810 KZT, PageRank 0.000304, кластер 59 уз.",1,3,50000.0,147810.0,0.00030353647875913913,2.9562,2,False,False
100000000765628100,terminal,0.75,5,0.39558495043359665,"Конечный в выборке: получил 5 000 KZT в 1 переводах; исходящих переводов 0. Triage 0.40: оборот 5 000 KZT, PageRank 0.000315, кластер 125 уз.",1,0,5000.0,0.0,0.00031539818878393536,0.0,2,False,False
100000004962193100,consolidator,0.8166824100631307,0,0.6089848557162718,"Сборщик: получил 900 468 KZT от 8 контрагентов в 11 переводах; отправил 0 KZT. Активен 5 дн. AML-сигналы: fan-in. Triage 0.61: оборот 900 468 KZT, PageRank 0.000657, кластер 277 уз.",8,0,900468.0,0.0,0.0006568154401106305,0.0,2,False,False
100000005032294100,terminal,0.75,14,0.4055401521646106,"Конечный в выборке: получил 10 000 KZT в 1 переводах; исходящих переводов 0. Triage 0.41: оборот 10 000 KZT, PageRank 0.000392, кластер 44 уз.",1,0,10000.0,0.0,0.00039201218177706016,0.0,2,False,False
100000001251686100,terminal,0.75,2,0.41779315023377295,"Конечный в выборке: получил 18 000 KZT в 1 переводах; исходящих переводов 0. Triage 0.42: оборот 18 000 KZT, PageRank 0.000297, кластер 148 уз.",1,0,18000.0,0.0,0.00029655335853528227,0.0,2,False,False
100000002398779100,consolidator,0.950055575259809,0,0.7045269531890213,"Сборщик: получил 1 095 690 KZT от 13 контрагентов в 28 переводах; отправил 66 000 KZT. Активен 5 дн. AML-сигналы: fan-in. Triage 0.70: оборот 1 161 690 KZT, PageRank 0.001598, кластер 277 уз.",13,1,1095690.0,66000.0,0.0015983038044271223,0.06023601566136407,2,False,False
100000008512827100,peripheral,0.5,12,0.4928065440575007,"Периферийный: получил 107 949 KZT, отправил 1 944 500 KZT; связей вход/выход 3/10. Активен 8 дн. Triage 0.49: оборот 2 052 449 KZT, PageRank 0.000335, кластер 51 уз.",3,10,107949.0,1944500.0,0.0003352018884657978,18.01313583266172,2,False,False
100000003943483100,terminal,0.75,11,0.3985933841833364,"Конечный в выборке: получил 10 000 KZT в 1 переводах; исходящих переводов 0. Triage 0.40: оборот 10 000 KZT, PageRank 0.000329, кластер 55 уз.",1,0,10000.0,0.0,0.00032892043094138085,0.0,2,False,False
100000005031696100,peripheral,0.5,50,0.41473826818546644,"Периферийный: получил 5 000 KZT, отправил 115 000 KZT; связей вход/выход 1/2. Активен 4 дн. Triage 0.41: оборот 120 000 KZT, PageRank 0.000539, кластер 5 уз.",1,2,5000.0,115000.0,0.0005393956762527166,23.0,2,False,False
100000002703376100,terminal,0.75,0,0.43864801154482286,"Конечный в выборке: получил 46 501 KZT в 1 переводах; исходящих переводов 0. Triage 0.44: оборот 46 501 KZT, PageRank 0.000293, кластер 277 уз.",1,0,46501.0,0.0,0.00029280216443918974,0.0,2,False,False
100000003617552100,terminal,0.75,29,0.41878122666535017,"Конечный в выборке: получил 25 000 KZT в 1 переводах; исходящих переводов 0. Triage 0.42: оборот 25 000 KZT, PageRank 0.000551, кластер 13 уз.",1,0,25000.0,0.0,0.000550663210959893,0.0,2,False,False
100000007617808100,terminal,0.75,5,0.47672533340651874,"Конечный в выборке: получил 450 000 KZT в 1 переводах; исходящих переводов 0. Triage 0.48: оборот 450 000 KZT, PageRank 0.000360, кластер 125 уз.",1,0,450000.0,0.0,0.00036000612920216444,0.0,2,False,False
100000002613776100,terminal,0.75,2,0.42699049224959457,"Конечный в выборке: получил 30 000 KZT в 2 переводах; исходящих переводов 0. Triage 0.43: оборот 30 000 KZT, PageRank 0.000301, кластер 148 уз.",1,0,30000.0,0.0,0.0003014747899945853,0.0,2,False,False
100000002578405100,distributor,0.95,1,0.6968258584624644,"Распределитель: выход 3 108 352 KZT к 116 получателям. AML: fan-out, split, структ. цикл. Triage 0.70: PR 0.000570, кластер 270 уз.",2,116,1200351.0,3108352.0,0.0005696504636741261,2.589535894084314,2,False,False
100000006161893100,terminal,0.75,5,0.42646589412256275,"Конечный в выборке: получил 14 000 KZT в 1 переводах; исходящих переводов 0. Triage 0.43: оборот 14 000 KZT, PageRank 0.000532, кластер 125 уз.",1,0,14000.0,0.0,0.0005315807542848408,0.0,2,False,False
100000002633701100,terminal,0.75,7,0.4644248054219519,"Конечный в выборке: получил 266 850 KZT в 1 переводах; исходящих переводов 0. Triage 0.46: оборот 266 850 KZT, PageRank 0.000311, кластер 104 уз.",1,0,266850.0,0.0,0.00031065653785769347,0.0,2,False,False
100000002432143100,terminal,0.75,2,0.4464157180326783,"Конечный в выборке: получил 81 310 KZT в 1 переводах; исходящих переводов 0. Triage 0.45: оборот 81 310 KZT, PageRank 0.000335, кластер 148 уз.",1,0,81310.0,0.0,0.0003351544839316267,0.0,2,False,False
100000000490383100,peripheral,0.5,5,0.49599646467703346,"Периферийный: получил 62 600 KZT, отправил 461 375 KZT; связей вход/выход 3/8. Активен 9 дн. Triage 0.50: оборот 523 975 KZT, PageRank 0.000548, кластер 125 уз.",3,8,62600.0,461375.0,0.0005477263609098457,7.37020766773163,2,False,False
100000005809252100,terminal,0.75,4,0.439780827488158,"Конечный в выборке: получил 25 000 KZT в 1 переводах; исходящих переводов 0. Triage 0.44: оборот 25 000 KZT, PageRank 0.000567, кластер 126 уз.",1,0,25000.0,0.0,0.0005667001934866718,0.0,2,False,False
100000006612238100,peripheral,0.5,1,0.47790642930652794,"Периферийный: получил 160 000 KZT, отправил 25 000 KZT; связей вход/выход 1/1. AML-сигналы: структурный цикл. Triage 0.48: оборот 185 000 KZT, PageRank 0.000340, кластер 270 уз.",1,1,160000.0,25000.0,0.0003398028065361825,0.15625,2,False,False
100000002593038100,terminal,0.75,11,0.4364701706562449,"Конечный в выборке: получил 28 500 KZT в 1 переводах; исходящих переводов 0. Triage 0.44: оборот 28 500 KZT, PageRank 0.000657, кластер 55 уз.",1,0,28500.0,0.0,0.0006569122943319049,0.0,2,False,False
100000002947299100,terminal,0.75,2,0.4473253171734711,"Конечный в выборке: получил 85 000 KZT в 1 переводах; исходящих переводов 0. Triage 0.45: оборот 85 000 KZT, PageRank 0.000337, кластер 148 уз.",1,0,85000.0,0.0,0.00033740433628848206,0.0,2,False,False
100000004336312100,transit,0.8411551631276736,34,0.6574804449885102,"Транзит: вход 90 415 KZT, выход 72 650 KZT; отношение 80% к наблюдаемому входу. AML: fan-in, IN/OUT близко, структ. цикл. Triage 0.66: PR 0.000695, кластер 10 уз.",3,2,90415.0,72650.0,0.0006951390618598409,0.8035171155228668,2,False,False
100000001308856100,terminal,0.75,1,0.4252137017161917,"Конечный в выборке: получил 27 000 KZT в 1 переводах; исходящих переводов 0. Triage 0.43: оборот 27 000 KZT, PageRank 0.000295, кластер 270 уз.",1,0,27000.0,0.0,0.0002947288259506245,0.0,2,False,False
100000008238989100,terminal,0.75,22,0.44596604357149244,"Конечный в выборке: получил 200 000 KZT в 2 переводах; исходящих переводов 0. Triage 0.45: оборот 200 000 KZT, PageRank 0.000323, кластер 18 уз.",1,0,200000.0,0.0,0.00032320514310398745,0.0,2,False,False
100000005561741100,terminal,0.75,8,0.41630110528077,"Конечный в выборке: получил 25 000 KZT в 1 переводах; исходящих переводов 0. Triage 0.42: оборот 25 000 KZT, PageRank 0.000330, кластер 61 уз.",1,0,25000.0,0.0,0.00032979097207579567,0.0,2,False,False
100000006248077100,terminal,0.75,5,0.43444871416599723,"Конечный в выборке: получил 50 000 KZT в 1 переводах; исходящих переводов 0. Triage 0.43: оборот 50 000 KZT, PageRank 0.000294, кластер 125 уз.",1,0,50000.0,0.0,0.00029384820901325964,0.0,2,False,False
100000000646541100,terminal,0.75,0,0.44075668361982184,"Конечный в выборке: получил 25 300 KZT в 4 переводах; исходящих переводов 0. Triage 0.44: оборот 25 300 KZT, PageRank 0.000506, кластер 277 уз.",3,0,25300.0,0.0,0.000505571453740677,0.0,2,False,False
100000006595426100,terminal,0.75,0,0.45160577833649324,"Конечный в выборке: получил 84 800 KZT в 3 переводах; исходящих переводов 0. Triage 0.45: оборот 84 800 KZT, PageRank 0.000334, кластер 277 уз.",1,0,84800.0,0.0,0.0003342727783621558,0.0,2,False,False
100000002956898100,terminal,0.75,15,0.4604913490401656,"Конечный в выборке: получил 290 240 KZT в 2 переводах; исходящих переводов 0. Triage 0.46: оборот 290 240 KZT, PageRank 0.000377, кластер 41 уз.",2,0,290240.0,0.0,0.000376656205079741,0.0,2,False,False
100000001262647100,terminal,0.75,15,0.4123827381401058,"Конечный в выборке: получил 23 650 KZT в 1 переводах; исходящих переводов 0. Triage 0.41: оборот 23 650 KZT, PageRank 0.000303, кластер 41 уз.",1,0,23650.0,0.0,0.0003033799477571524,0.0,2,False,False
100000005849100100,terminal,0.75,2,0.44010949843181135,"Конечный в выборке: получил 33 300 KZT в 1 переводах; исходящих переводов 0. Triage 0.44: оборот 33 300 KZT, PageRank 0.000490, кластер 148 уз.",1,0,33300.0,0.0,0.000490432161197843,0.0,2,False,False
100000000533217100,terminal,0.75,0,0.4625989434531915,"Конечный в выборке: получил 53 587 KZT в 1 переводах; исходящих переводов 0. Triage 0.46: оборот 53 587 KZT, PageRank 0.000652, кластер 277 уз.",1,0,53587.0,0.0,0.0006519705123484523,0.0,2,False,False
100000002812641100,transit,0.8107185,7,0.69913261897383,"Транзит: вход 10 000 KZT, выход 7 024 KZT; отношение 70% к наблюдаемому входу. AML: IN/OUT близко, структ. цикл. Triage 0.70: PR 0.002189, кластер 104 уз.",1,1,10000.0,7023.95,0.0021891555684017297,0.702395,2,False,False
100000008647905100,peripheral,0.5,18,0.4598550825002662,"Периферийный: получил 50 000 KZT, отправил 344 222 KZT; связей вход/выход 1/2. Активен 3 дн. Triage 0.46: оборот 394 222 KZT, PageRank 0.000329, кластер 30 уз.",1,2,50000.0,344222.0,0.00032866866033623573,6.88444,2,False,False
100000002842337100,terminal,0.75,6,0.43763340583012394,"Конечный в выборке: получил 50 000 KZT в 1 переводах; исходящих переводов 0. Triage 0.44: оборот 50 000 KZT, PageRank 0.000366, кластер 106 уз.",1,0,50000.0,0.0,0.0003664788694919793,0.0,2,False,False
100000002445750100,peripheral,0.5,0,0.4367333838596232,"Периферийный: получил 70 000 KZT, отправил 10 000 KZT; связей вход/выход 1/1. Triage 0.44: оборот 80 000 KZT, PageRank 0.000537, кластер 277 уз.",1,1,70000.0,10000.0,0.0005369896385607202,0.14285714285714285,2,False,False
100000005619339100,transit,0.8734439999999999,5,0.5850831078537627,"Транзит: получил 5 000 KZT, отправил 5 443 KZT; исходящий оборот — 109% наблюдаемого входящего. Triage 0.59: оборот 10 443 KZT, PageRank 0.000321, кластер 125 уз.",1,1,5000.0,5442.6,0.0003207919686907995,1.0885200000000002,2,False,False
100000006844768100,transit,0.8008911471146481,0,0.7215052756701353,"Транзит: вход 282 000 KZT, выход 188 000 KZT; отношение 67% к наблюдаемому входу. AML: IN/OUT близко, структ. цикл. Triage 0.72: PR 0.001381, кластер 277 уз.",1,2,282000.0,188000.0,0.0013807082310254026,0.6666666666666666,2,False,False
100000002488629100,terminal,0.75,6,0.4402339389256807,"Конечный в выборке: получил 73 050 KZT в 1 переводах; исходящих переводов 0. Triage 0.44: оборот 73 050 KZT, PageRank 0.000299, кластер 106 уз.",1,0,73050.0,0.0,0.0002994051342052469,0.0,2,False,False
100000002796853100,peripheral,0.5,63,0.5710509769081785,"Периферийный: получил 199 000 KZT, отправил 46 168 KZT; связей вход/выход 1/1. Активен 7 дн. AML-сигналы: структурный цикл. Triage 0.57: оборот 245 168 KZT, PageRank 0.002186, кластер 3 уз.",1,1,199000.0,46167.62,0.0021856420568493605,0.23199809045226133,2,False,False
100000006755850100,terminal,0.75,4,0.5026269686741122,"Конечный в выборке: получил 443 476 KZT в 3 переводах; исходящих переводов 0. Triage 0.50: оборот 443 476 KZT, PageRank 0.000649, кластер 126 уз.",1,0,443475.8,0.0,0.0006485105335767062,0.0,2,False,False
100000008733194100,transit,0.7950585688396807,13,0.6533864498649862,"Транзит: вход 251 424 KZT, выход 159 695 KZT; отношение 64% к наблюдаемому входу. AML: IN/OUT близко, структ. цикл. Triage 0.65: PR 0.000470, кластер 50 уз.",4,8,251424.0,159695.0,0.0004704451211971222,0.6351621165839378,2,False,False
100000001904863100,terminal,0.75,14,0.4790724159913018,"Конечный в выборке: получил 500 000 KZT в 1 переводах; исходящих переводов 0. Triage 0.48: оборот 500 000 KZT, PageRank 0.000481, кластер 44 уз.",1,0,500000.0,0.0,0.00048083449739379637,0.0,2,False,False
100000001641951100,terminal,0.75,2,0.4248587827167733,"Конечный в выборке: получил 25 000 KZT в 4 переводах; исходящих переводов 0. Triage 0.42: оборот 25 000 KZT, PageRank 0.000319, кластер 148 уз.",1,0,25000.0,0.0,0.0003190007846799104,0.0,2,False,False
100000004816564100,peripheral,0.5,15,0.44062663218012926,"Периферийный: получил 285 480 KZT, отправил 5 000 KZT; связей вход/выход 1/1. Активен 2 дн. Triage 0.44: оборот 290 480 KZT, PageRank 0.000376, кластер 41 уз.",1,1,285480.0,5000.0,0.00037618928437561786,0.01751436177665686,2,False,False
100000002205022100,peripheral,0.5,55,0.4395342902509045,"Периферийный: получил 7 100 KZT, отправил 518 000 KZT; связей вход/выход 1/3. Активен 4 дн. Triage 0.44: оборот 525 100 KZT, PageRank 0.000545, кластер 4 уз.",1,3,7100.0,518000.0,0.0005452941272010858,72.95774647887323,2,False,False
100000002267998100,peripheral,0.5,22,0.5954079786169516,"Периферийный: получил 420 000 KZT, отправил 1 115 000 KZT; связей вход/выход 2/3. Активен 12 дн. AML-сигналы: структурный цикл. Triage 0.60: оборот 1 535 000 KZT, PageRank 0.001599, кластер 18 уз.",2,3,420000.0,1115000.0,0.0015989465962900646,2.6547619047619047,2,False,False
100000002199091100,terminal,0.75,1,0.4413046288099845,"Конечный в выборке: получил 65 000 KZT в 1 переводах; исходящих переводов 0. Triage 0.44: оборот 65 000 KZT, PageRank 0.000308, кластер 270 уз.",1,0,65000.0,0.0,0.0003076071061179268,0.0,2,False,False
100000008571443100,terminal,0.75,13,0.4309974766068857,"Конечный в выборке: получил 65 000 KZT в 2 переводах; исходящих переводов 0. Triage 0.43: оборот 65 000 KZT, PageRank 0.000315, кластер 50 уз.",2,0,65000.0,0.0,0.00031471063244037205,0.0,2,False,False
100000002742067100,terminal,0.75,15,0.40075863228250674,"Конечный в выборке: получил 12 730 KZT в 1 переводах; исходящих переводов 0. Triage 0.40: оборот 12 730 KZT, PageRank 0.000290, кластер 41 уз.",1,0,12730.0,0.0,0.00028961894706118713,0.0,2,False,False
100000003292979100,terminal,0.75,2,0.43724960640948307,"Конечный в выборке: получил 48 950 KZT в 1 переводах; исходящих переводов 0. Triage 0.44: оборот 48 950 KZT, PageRank 0.000330, кластер 148 уз.",1,0,48950.0,0.0,0.00033026083679962045,0.0,2,False,False
100000002558173100,terminal,0.75,32,0.38012548981173533,"Конечный в выборке: получил 9 300 KZT в 1 переводах; исходящих переводов 0. Triage 0.38: оборот 9 300 KZT, PageRank 0.000296, кластер 10 уз.",1,0,9300.0,0.0,0.00029582145617483026,0.0,2,False,False
100000004687282100,terminal,0.75,5,0.4207619460185877,"Конечный в выборке: получил 20 000 KZT в 1 переводах; исходящих переводов 0. Triage 0.42: оборот 20 000 KZT, PageRank 0.000332, кластер 125 уз.",1,0,20000.0,0.0,0.0003321840413371029,0.0,2,False,False
100000003034546100,terminal,0.75,7,0.4761412089728897,"Конечный в выборке: получил 486 715 KZT в 2 переводах; исходящих переводов 0. Triage 0.48: оборот 486 715 KZT, PageRank 0.000331, кластер 104 уз.",1,0,486715.0,0.0,0.00033131904342888755,0.0,2,False,False
100000003798151100,terminal,0.75,5,0.4851958823571278,"Конечный в выборке: получил 350 000 KZT в 3 переводах; исходящих переводов 0. Triage 0.49: оборот 350 000 KZT, PageRank 0.000575, кластер 125 уз.",1,0,350000.0,0.0,0.0005750034983538262,0.0,2,False,False
100000008710791100,distributor,0.8380032712159684,7,0.6355164894946926,"Распределитель: отправил 5 521 511 KZT в 25 переводах 23 получателям. Активен 10 дн. AML-сигналы: fan-out. Triage 0.64: оборот 5 703 021 KZT, PageRank 0.000334, кластер 104 уз.",3,23,181510.0,5521511.0,0.00033421518158721267,30.41987218335078,2,False,False
100000008688476100,terminal,0.75,1,0.42309894505570667,"Конечный в выборке: получил 24 000 KZT в 1 переводах; исходящих переводов 0. Triage 0.42: оборот 24 000 KZT, PageRank 0.000294, кластер 270 уз.",1,0,24000.0,0.0,0.0002937121196216269,0.0,2,False,False
100000003242289100,distributor,0.8849190956859325,16,0.676246997247556,"Распределитель: выход 2 377 741 KZT к 23 получателям. AML: fan-in, fan-out, структ. цикл. Triage 0.68: PR 0.000439, кластер 41 уз.",3,23,550791.0,2377741.0,0.00043945804534823357,4.316956885642648,2,False,False
100000006564102100,terminal,0.75,2,0.4703762897521067,"Конечный в выборке: получил 233 235 KZT в 1 переводах; исходящих переводов 0. Triage 0.47: оборот 233 235 KZT, PageRank 0.000428, кластер 148 уз.",1,0,233235.0,0.0,0.00042778560027722183,0.0,2,False,False
100000001526235100,peripheral,0.5,25,0.5016083880237315,"Периферийный: получил 82 000 KZT, отправил 432 750 KZT; связей вход/выход 3/8. Активен 11 дн. AML-сигналы: структурный цикл. Triage 0.50: оборот 514 750 KZT, PageRank 0.000877, кластер 15 уз.",3,8,82000.0,432750.0,0.0008770206695482455,5.277439024390244,2,False,False
100000004398811100,peripheral,0.5,2,0.5382521763050908,"Периферийный: получил 426 000 KZT, отправил 1 040 672 KZT; связей вход/выход 1/3. Активен 4 дн. Triage 0.54: оборот 1 466 672 KZT, PageRank 0.000350, кластер 148 уз.",1,3,426000.0,1040672.0,0.00034956455662603993,2.4428920187793426,2,False,False
100000002957787100,peripheral,0.5,0,0.5454422439735104,"peripheral: вход 84 956 KZT, выход 1 276 154 KZT. AML: fan-in, fan-out, структ. цикл. Triage 0.55: PR 0.000613, кластер 277 уз.",4,34,84956.0,1276153.96,0.0006134365320226099,15.02135175855737,2,False,False
100000002621915100,terminal,0.75,5,0.4085234987508521,"Конечный в выборке: получил 5 000 KZT в 1 переводах; исходящих переводов 0. Triage 0.41: оборот 5 000 KZT, PageRank 0.000532, кластер 125 уз.",1,0,5000.0,0.0,0.0005317660563815439,0.0,2,False,False
100000008283183100,terminal,0.75,1,0.4265003748001316,"Конечный в выборке: получил 29 000 KZT в 1 переводах; исходящих переводов 0. Triage 0.43: оборот 29 000 KZT, PageRank 0.000295, кластер 270 уз.",1,0,29000.0,0.0,0.00029540663016995616,0.0,2,False,False
100000003843844100,peripheral,0.5,13,0.39640501511489007,"Периферийный: получил 16 680 KZT, отправил 238 000 KZT; связей вход/выход 1/1. Triage 0.40: оборот 254 680 KZT, PageRank 0.000292, кластер 50 уз.",1,1,16680.0,238000.0,0.00029174028191265085,14.268585131894485,3,False,False
100000000954884100,terminal,0.75,35,0.38696150129025975,"Конечный в выборке: получил 34 000 KZT в 1 переводах; исходящих переводов 0. Triage 0.39: оборот 34 000 KZT, PageRank 0.000311, кластер 9 уз.",1,0,34000.0,0.0,0.0003113938743058605,0.0,3,False,False
100000005893892100,terminal,0.75,4,0.4300083941807762,"Конечный в выборке: получил 102 780 KZT в 1 переводах; исходящих переводов 0. Triage 0.43: оборот 102 780 KZT, PageRank 0.000289, кластер 126 уз.",1,0,102780.0,0.0,0.0002888998153166805,0.0,3,False,False
100000001819396100,terminal,0.75,26,0.4209812594227827,"Конечный в выборке: получил 166 080 KZT в 1 переводах; исходящих переводов 0. Triage 0.42: оборот 166 080 KZT, PageRank 0.000327, кластер 15 уз.",1,0,166080.0,0.0,0.00032707987309132626,0.0,3,False,False
100000008472324100,terminal,0.75,4,0.44581230969102886,"Конечный в выборке: получил 205 200 KZT в 1 переводах; исходящих переводов 0. Triage 0.45: оборот 205 200 KZT, PageRank 0.000292, кластер 126 уз.",1,0,205200.0,0.0,0.000292209528206492,0.0,3,False,False
100000002646745100,terminal,0.75,1,0.38969553030250903,"Конечный в выборке: получил 12 300 KZT в 1 переводах; исходящих переводов 0. Triage 0.39: оборот 12 300 KZT, PageRank 0.000287, кластер 270 уз.",1,0,12300.0,0.0,0.00028749449896240775,0.0,3,False,False
100000008405209100,terminal,0.75,16,0.4051805688416221,"Конечный в выборке: получил 54 400 KZT в 1 переводах; исходящих переводов 0. Triage 0.41: оборот 54 400 KZT, PageRank 0.000294, кластер 41 уз.",1,0,54400.0,0.0,0.00029412462267817307,0.0,3,False,False
100000004417753100,terminal,0.75,2,0.45765128423175333,"Конечный в выборке: получил 192 099 KZT в 2 переводах; исходящих переводов 0. Triage 0.46: оборот 192 099 KZT, PageRank 0.000393, кластер 148 уз.",2,0,192099.0,0.0,0.00039299421361333256,0.0,3,False,False
100000003457710100,peripheral,0.5,4,0.5169548648104819,"Периферийный: получил 326 555 KZT, отправил 1 306 000 KZT; связей вход/выход 1/1. Triage 0.52: оборот 1 632 555 KZT, PageRank 0.000296, кластер 126 уз.",1,1,326555.0,1306000.0,0.0002961311275791054,3.999326300316945,3,False,False
100000007333038100,peripheral,0.5,12,0.4385089244311126,"Периферийный: получил 17 500 KZT, отправил 34 994 KZT; связей вход/выход 1/2. Triage 0.44: оборот 52 494 KZT, PageRank 0.000300, кластер 51 уз.",1,2,17500.0,34994.0,0.00029968143885294866,1.9996571428571428,3,False,False
100000006444163100,terminal,0.75,0,0.38327581921388204,"Конечный в выборке: получил 6 026 KZT в 1 переводах; исходящих переводов 0. Triage 0.38: оборот 6 026 KZT, PageRank 0.000320, кластер 277 уз.",1,0,6026.0,0.0,0.00032015478433534305,0.0,3,False,False
100000008706947100,terminal,0.75,1,0.39558830414733437,"Конечный в выборке: получил 17 200 KZT в 1 переводах; исходящих переводов 0. Triage 0.40: оборот 17 200 KZT, PageRank 0.000288, кластер 270 уз.",1,0,17200.0,0.0,0.0002882577954556216,0.0,3,False,False
100000008761219100,peripheral,0.5,47,0.430897371368161,"Периферийный: получил 50 000 KZT, отправил 375 000 KZT; связей вход/выход 2/2. Активен 3 дн. Triage 0.43: оборот 425 000 KZT, PageRank 0.000293, кластер 6 уз.",2,2,50000.0,375000.0,0.0002928405018575711,7.5,3,False,False
100000005022552100,peripheral,0.5,5,0.4023154050510046,"Периферийный: получил 241 000 KZT, отправил 5 000 KZT; связей вход/выход 1/1. Triage 0.40: оборот 246 000 KZT, PageRank 0.000358, кластер 125 уз.",1,1,241000.0,5000.0,0.0003576762633287524,0.02074688796680498,3,False,False
100000008735832100,terminal,0.75,1,0.395992925507265,"Конечный в выборке: получил 17 600 KZT в 1 переводах; исходящих переводов 0. Triage 0.40: оборот 17 600 KZT, PageRank 0.000288, кластер 270 уз.",1,0,17600.0,0.0,0.00028832010537343497,0.0,3,False,False
100000005661528100,terminal,0.75,3,0.4004814765789867,"Конечный в выборке: получил 25 000 KZT в 1 переводах; исходящих переводов 0. Triage 0.40: оборот 25 000 KZT, PageRank 0.000291, кластер 126 уз.",1,0,25000.0,0.0,0.00029108777876767897,0.0,3,False,False
100000002529880100,terminal,0.75,10,0.4421062006636921,"Конечный в выборке: получил 147 000 KZT в 2 переводах; исходящих переводов 0. Triage 0.44: оборот 147 000 KZT, PageRank 0.000306, кластер 56 уз.",2,0,147000.0,0.0,0.00030626335167496793,0.0,3,False,False
100000001969496100,terminal,0.75,14,0.3925116819840752,"Конечный в выборке: получил 22 740 KZT в 1 переводах; исходящих переводов 0. Triage 0.39: оборот 22 740 KZT, PageRank 0.000292, кластер 44 уз.",1,0,22740.0,0.0,0.0002920187266694646,0.0,3,False,False
100000003215448100,transit,0.7934742409240294,3,0.6181216144176404,"Транзит: вход 91 309 KZT, выход 124 000 KZT; отношение 136% к наблюдаемому входу. AML: IN/OUT близко. Triage 0.62: PR 0.000304, кластер 126 уз.",1,2,91309.0,124000.0,0.00030410973217147373,1.3580260434349298,3,False,False
100000006894637100,terminal,0.75,0,0.4196523088296461,"Конечный в выборке: получил 52 831 KZT в 1 переводах; исходящих переводов 0. Triage 0.42: оборот 52 831 KZT, PageRank 0.000290, кластер 277 уз.",1,0,52831.0,0.0,0.00029025322693734763,0.0,3,False,False
100000002936322100,terminal,0.75,3,0.4653919182252442,"Конечный в выборке: получил 787 133 KZT в 2 переводах; исходящих переводов 0. Triage 0.47: оборот 787 133 KZT, PageRank 0.000366, кластер 126 уз.",2,0,787133.0,0.0,0.00036622668541821946,0.0,3,False,False
100000005061890100,terminal,0.75,2,0.4386988753680631,"Конечный в выборке: получил 90 000 KZT в 1 переводах; исходящих переводов 0. Triage 0.44: оборот 90 000 KZT, PageRank 0.000534, кластер 148 уз.",1,0,90000.0,0.0,0.0005343420860881437,0.0,3,False,False
100000004017410100,peripheral,0.5,34,0.5175230257750542,"Периферийный: получил 193 650 KZT, отправил 1 330 915 KZT; связей вход/выход 2/5. Активен 9 дн. AML-сигналы: структурный цикл. Triage 0.52: оборот 1 524 565 KZT, PageRank 0.001129, кластер 10 уз.",2,5,193650.0,1330915.0,0.0011289994375844028,6.872785954040795,3,False,False
100000002983426100,terminal,0.75,8,0.41639315036963015,"Конечный в выборке: получил 88 945 KZT в 1 переводах; исходящих переводов 0. Triage 0.42: оборот 88 945 KZT, PageRank 0.000319, кластер 61 уз.",1,0,88945.0,0.0,0.00031866606092585594,0.0,3,False,False
100000005530114100,peripheral,0.5,16,0.43480778064291103,"Периферийный: получил 136 970 KZT, отправил 25 000 KZT; связей вход/выход 2/1. Активен 3 дн. Triage 0.43: оборот 161 970 KZT, PageRank 0.000495, кластер 41 уз.",2,1,136970.0,25000.0,0.0004946295431358992,0.1825217200846901,3,False,False
100000001169666100,peripheral,0.5,8,0.40359261106069255,"Периферийный: получил 220 000 KZT, отправил 24 000 KZT; связей вход/выход 1/1. Triage 0.40: оборот 244 000 KZT, PageRank 0.000320, кластер 61 уз.",1,1,220000.0,24000.0,0.00031950531570564526,0.10909090909090909,3,False,False
100000001784279100,terminal,0.75,0,0.41261422699137545,"Конечный в выборке: получил 35 674 KZT в 1 переводах; исходящих переводов 0. Triage 0.41: оборот 35 674 KZT, PageRank 0.000289, кластер 277 уз.",1,0,35674.0,0.0,0.0002887350875474306,0.0,3,False,False
100000008744364100,terminal,0.75,1,0.4012389768222407,"Конечный в выборке: получил 23 700 KZT в 1 переводах; исходящих переводов 0. Triage 0.40: оборот 23 700 KZT, PageRank 0.000289, кластер 270 уз.",1,0,23700.0,0.0,0.0002892703316200889,0.0,3,False,False
100000008714412100,terminal,0.75,8,0.4271668140136943,"Конечный в выборке: получил 169 000 KZT в 1 переводах; исходящих переводов 0. Triage 0.43: оборот 169 000 KZT, PageRank 0.000312, кластер 61 уз.",1,0,169000.0,0.0,0.00031164045578511827,0.0,3,False,False
100000007754369100,terminal,0.75,0,0.42773698710540115,"Конечный в выборке: получил 82 424 KZT в 1 переводах; исходящих переводов 0. Triage 0.43: оборот 82 424 KZT, PageRank 0.000293, кластер 277 уз.",1,0,82424.0,0.0,0.00029287176741445994,0.0,3,False,False
100000003122817100,terminal,0.75,26,0.44231990987756836,"Конечный в выборке: получил 444 680 KZT в 1 переводах; исходящих переводов 0. Triage 0.44: оборот 444 680 KZT, PageRank 0.000397, кластер 15 уз.",1,0,444680.0,0.0,0.00039669867838231843,0.0,3,False,False
100000003711830100,terminal,0.75,3,0.41284717572745383,"Конечный в выборке: получил 50 000 KZT в 1 переводах; исходящих переводов 0. Triage 0.41: оборот 50 000 KZT, PageRank 0.000296, кластер 126 уз.",1,0,50000.0,0.0,0.00029572602464233527,0.0,3,False,False
100000001110358100,terminal,0.75,0,0.42499062743306254,"Конечный в выборке: получил 32 000 KZT в 2 переводах; исходящих переводов 0. Triage 0.42: оборот 32 000 KZT, PageRank 0.000293, кластер 277 уз.",2,0,32000.0,0.0,0.00029297550744255635,0.0,3,False,False
100000006530134100,terminal,0.75,4,0.4372199715319987,"Конечный в выборке: получил 144 663 KZT в 2 переводах; исходящих переводов 0. Triage 0.44: оборот 144 663 KZT, PageRank 0.000299, кластер 126 уз.",2,0,144663.0,0.0,0.00029906670624353535,0.0,3,False,False
100000001639766100,terminal,0.75,6,0.41727527206209575,"Конечный в выборке: получил 20 000 KZT в 1 переводах; исходящих переводов 0. Triage 0.42: оборот 20 000 KZT, PageRank 0.000651, кластер 106 уз.",1,0,20000.0,0.0,0.0006506934257905109,0.0,3,False,False
100000003242795100,terminal,0.75,4,0.4316508397449574,"Конечный в выборке: получил 111 000 KZT в 1 переводах; исходящих переводов 0. Triage 0.43: оборот 111 000 KZT, PageRank 0.000289, кластер 126 уз.",1,0,111000.0,0.0,0.00028916544546659506,0.0,3,False,False
100000004970752100,terminal,0.75,0,0.4173346724674273,"Конечный в выборке: получил 10 000 KZT в 1 переводах; исходящих переводов 0. Triage 0.42: оборот 10 000 KZT, PageRank 0.000742, кластер 277 уз.",1,0,10000.0,0.0,0.0007420196617798729,0.0,3,False,False
100000004564736100,terminal,0.75,22,0.38260914735948026,"Конечный в выборке: получил 15 000 KZT в 2 переводах; исходящих переводов 0. Triage 0.38: оборот 15 000 KZT, PageRank 0.000377, кластер 18 уз.",1,0,15000.0,0.0,0.0003768208672843971,0.0,3,False,False
100000005873152100,transit,0.9000090935156737,9,0.587739949703488,"Транзит: получил 10 000 KZT, отправил 10 000 KZT; исходящий оборот — 100% наблюдаемого входящего. AML-сигналы: структурный цикл. Triage 0.59: оборот 20 000 KZT, PageRank 0.000466, кластер 59 уз.",1,1,10000.0,10000.0,0.00046639160785456966,1.0,3,False,False
100000001637376100,peripheral,0.5,4,0.5076165708662747,"Периферийный: получил 116 700 KZT, отправил 234 250 KZT; связей вход/выход 1/1. Активен 2 дн. Triage 0.51: оборот 350 950 KZT, PageRank 0.000289, кластер 126 уз.",1,1,116700.0,234250.0,0.0002893496415559519,2.0072836332476434,3,False,False
100000006710485100,terminal,0.75,1,0.3982444721212429,"Конечный в выборке: получил 20 000 KZT в 1 переводах; исходящих переводов 0. Triage 0.40: оборот 20 000 KZT, PageRank 0.000289, кластер 270 уз.",1,0,20000.0,0.0,0.0002886939648803152,0.0,3,False,False
100000003582677100,peripheral,0.5,2,0.46021215268063753,"Периферийный: получил 29 757 KZT, отправил 56 000 KZT; связей вход/выход 2/4. Активен 4 дн. Triage 0.46: оборот 85 757 KZT, PageRank 0.000293, кластер 148 уз.",2,4,29756.989999999998,56000.0,0.00029328436724191797,1.881910771217116,3,False,False
100000008713685100,terminal,0.75,1,0.4143950196408041,"Конечный в выборке: получил 49 700 KZT в 1 переводах; исходящих переводов 0. Triage 0.41: оборот 49 700 KZT, PageRank 0.000293, кластер 270 уз.",1,0,49700.0,0.0,0.0002933204762779582,0.0,3,False,False
100000008070101100,terminal,0.75,7,0.42485491517750984,"Конечный в выборке: получил 100 000 KZT в 1 переводах; исходящих переводов 0. Triage 0.42: оборот 100 000 KZT, PageRank 0.000293, кластер 104 уз.",1,0,100000.0,0.0,0.0002926266427383405,0.0,3,False,False
100000004475818100,peripheral,0.5,4,0.44794714422689585,"Периферийный: получил 13 000 KZT, отправил 53 989 KZT; связей вход/выход 1/3. Активен 2 дн. AML-сигналы: структурный цикл. Triage 0.45: оборот 66 989 KZT, PageRank 0.000310, кластер 126 уз.",1,3,13000.0,53989.0,0.00030977866539197495,4.153,3,False,False
100000007197866100,transit,0.825441031288105,3,0.6010774567429167,"Транзит: вход 20 000 KZT, выход 15 000 KZT; отношение 75% к наблюдаемому входу. AML: IN/OUT близко. Triage 0.60: PR 0.000290, кластер 126 уз.",1,1,20000.0,15000.0,0.00028963749125072205,0.75,3,False,False
100000006965162100,terminal,0.75,28,0.36779530812972266,"Конечный в выборке: получил 10 000 KZT в 1 переводах; исходящих переводов 0. Triage 0.37: оборот 10 000 KZT, PageRank 0.000309, кластер 14 уз.",1,0,10000.0,0.0,0.0003091981621336873,0.0,3,False,False
100000005995391100,terminal,0.75,1,0.39558830414733437,"Конечный в выборке: получил 17 200 KZT в 1 переводах; исходящих переводов 0. Triage 0.40: оборот 17 200 KZT, PageRank 0.000288, кластер 270 уз.",1,0,17200.0,0.0,0.0002882577954556216,0.0,3,False,False
100000003834495100,peripheral,0.5,0,0.47828434426093647,"Периферийный: получил 602 441 KZT, отправил 20 000 KZT; связей вход/выход 3/1. Активен 4 дн. Triage 0.48: оборот 622 441 KZT, PageRank 0.000620, кластер 277 уз.",3,1,602441.0,20000.0,0.0006203433288836163,0.0331982716979754,3,False,False
100000001223977100,peripheral,0.5,50,0.36218717821690716,"Периферийный: получил 5 000 KZT, отправил 18 000 KZT; связей вход/выход 1/1. Triage 0.36: оборот 23 000 KZT, PageRank 0.000306, кластер 5 уз.",1,1,5000.0,18000.0,0.0003055126570256698,3.6,3,False,False
100000001046057100,terminal,0.75,10,0.4187768245187187,"Конечный в выборке: получил 83 420 KZT в 1 переводах; исходящих переводов 0. Triage 0.42: оборот 83 420 KZT, PageRank 0.000318, кластер 56 уз.",1,0,83420.0,0.0,0.00031847867803258306,0.0,3,False,False
100000002989353100,transit,0.7927596545327427,12,0.6294336627613105,"Транзит: вход 500 000 KZT, выход 321 160 KZT; отношение 64% к наблюдаемому входу. AML: IN/OUT близко. Triage 0.63: PR 0.000309, кластер 51 уз.",1,2,500000.0,321160.0,0.0003093521899386197,0.64232,3,False,False
100000006714366100,peripheral,0.5,13,0.44224600373304557,"Периферийный: получил 10 500 KZT, отправил 5 000 KZT; связей вход/выход 1/1. Triage 0.44: оборот 15 500 KZT, PageRank 0.000289, кластер 50 уз.",1,1,10500.0,5000.0,0.00028945730805988307,0.47619047619047616,3,False,False
100000001063678100,peripheral,0.5,22,0.44257621554532395,"Периферийный: получил 35 000 KZT, отправил 90 000 KZT; связей вход/выход 1/2. Активен 3 дн. Triage 0.44: оборот 125 000 KZT, PageRank 0.000328, кластер 18 уз.",1,2,35000.0,90000.0,0.0003282409454418121,2.5714285714285716,3,False,False
100000004889043100,terminal,0.75,0,0.45753180829591056,"Конечный в выборке: получил 272 000 KZT в 4 переводах; исходящих переводов 0. Triage 0.46: оборот 272 000 KZT, PageRank 0.000298, кластер 277 уз.",2,0,272000.0,0.0,0.0002984815885993561,0.0,3,False,False
100000002984403100,transit,0.8254592179602465,25,0.5534658648193592,"Транзит: получил 20 000 KZT, отправил 25 000 KZT; исходящий оборот — 125% наблюдаемого входящего. Triage 0.55: оборот 45 000 KZT, PageRank 0.000320, кластер 15 уз.",1,1,20000.0,25000.0,0.00032003104295334685,1.25,3,False,False
100000003951827100,peripheral,0.5,0,0.43963297336243073,"Периферийный: получил 9 000 KZT, отправил 17 000 KZT; связей вход/выход 1/2. Triage 0.44: оборот 26 000 KZT, PageRank 0.000286, кластер 277 уз.",1,2,9000.0,17000.0,0.000286084541567734,1.8888888888888888,3,False,False
100000000933075100,transit,0.7879910446012157,11,0.63046513982262,"Транзит: вход 40 000 KZT, выход 55 000 KZT; отношение 138% к наблюдаемому входу. AML: IN/OUT близко, структ. цикл. Triage 0.63: PR 0.000806, кластер 55 уз.",1,2,40000.0,55000.0,0.000806265849736768,1.375,3,False,False
100000008502995100,terminal,0.75,0,0.43230443790540374,"Конечный в выборке: получил 25 000 KZT в 2 переводах; исходящих переводов 0. Triage 0.43: оборот 25 000 KZT, PageRank 0.000725, кластер 277 уз.",1,0,25000.0,0.0,0.0007251538880348226,0.0,3,False,False
100000008086440100,transit,0.8430554639868413,0,0.6397311903845105,"Транзит: вход 199 733 KZT, выход 161 300 KZT; отношение 81% к наблюдаемому входу. AML: IN/OUT близко, структ. цикл. Triage 0.64: PR 0.000338, кластер 277 уз.",1,5,199733.0,161300.0,0.000337536427454723,0.8075781167859092,3,False,False
100000008465789100,distributor,0.7500041115204293,10,0.594437253127392,"Распределитель: отправил 1 858 100 KZT в 17 переводах 16 получателям. Активен 7 дн. AML-сигналы: fan-out, структурный цикл. Triage 0.59: оборот 1 888 199 KZT, PageRank 0.000290, кластер 56 уз.",1,16,30099.0,1858100.0,0.0002898919944915149,61.732947938469714,3,False,False
100000002550141100,terminal,0.75,3,0.4258070003625992,"Конечный в выборке: получил 100 586 KZT в 1 переводах; исходящих переводов 0. Triage 0.43: оборот 100 586 KZT, PageRank 0.000308, кластер 126 уз.",1,0,100586.0,0.0,0.0003077448463229733,0.0,3,False,False
100000008739887100,transit,0.7705082221788073,3,0.6339972312525107,"Транзит: вход 214 000 KZT, выход 307 000 KZT; отношение 143% к наблюдаемому входу. AML: IN/OUT близко. Triage 0.63: PR 0.000333, кластер 126 уз.",2,2,214000.0,307000.0,0.00033318458242865716,1.4345794392523366,3,False,False
100000008532050100,terminal,0.75,4,0.4688489739419375,"Конечный в выборке: получил 455 156 KZT в 1 переводах; исходящих переводов 0. Triage 0.47: оборот 455 156 KZT, PageRank 0.000300, кластер 126 уз.",1,0,455156.0,0.0,0.0003002868821909258,0.0,3,False,False
100000008422226100,terminal,0.75,0,0.42828165048156097,"Конечный в выборке: получил 87 450 KZT в 1 переводах; исходящих переводов 0. Triage 0.43: оборот 87 450 KZT, PageRank 0.000290, кластер 277 уз.",1,0,87450.0,0.0,0.00029049580754006324,0.0,3,False,False
100000002369874100,terminal,0.75,7,0.4744373014127662,"Конечный в выборке: получил 600 000 KZT в 4 переводах; исходящих переводов 0. Triage 0.47: оборот 600 000 KZT, PageRank 0.000337, кластер 104 уз.",4,0,600000.0,0.0,0.0003373516652225911,0.0,3,False,False
100000003321895100,peripheral,0.5,62,0.38988661320872425,"Периферийный: получил 24 000 KZT, отправил 553 830 KZT; связей вход/выход 1/2. Triage 0.39: оборот 577 830 KZT, PageRank 0.000311, кластер 3 уз.",1,2,24000.0,553830.0,0.00031121613015850513,23.07625,3,False,False
100000001875239100,terminal,0.75,7,0.47722130842611576,"Конечный в выборке: получил 712 000 KZT в 3 переводах; исходящих переводов 0. Triage 0.48: оборот 712 000 KZT, PageRank 0.000334, кластер 104 уз.",3,0,712000.0,0.0,0.00033399275238835395,0.0,3,False,False
100000002216999100,terminal,0.75,1,0.40122183097255937,"Конечный в выборке: получил 23 677 KZT в 1 переводах; исходящих переводов 0. Triage 0.40: оборот 23 677 KZT, PageRank 0.000289, кластер 270 уз.",1,0,23677.0,0.0,0.0002892667487998146,0.0,3,False,False
100000002653948100,terminal,0.75,4,0.4260939267108888,"Конечный в выборке: получил 85 200 KZT в 1 переводах; исходящих переводов 0. Triage 0.43: оборот 85 200 KZT, PageRank 0.000288, кластер 126 уз.",1,0,85200.0,0.0,0.00028833171579898,0.0,3,False,False
100000008632060100,peripheral,0.5,0,0.4236802461741924,"Периферийный: получил 6 000 KZT, отправил 339 200 KZT; связей вход/выход 1/9. Активен 11 дн. AML-сигналы: структурный цикл. Triage 0.42: оборот 345 200 KZT, PageRank 0.000288, кластер 277 уз.",1,9,6000.0,339200.0,0.00028802999632214005,56.53333333333333,3,False,False
100000008746449100,peripheral,0.5,7,0.45318960600319613,"Периферийный: получил 10 000 KZT, отправил 1 009 000 KZT; связей вход/выход 1/10. Активен 5 дн. Triage 0.45: оборот 1 019 000 KZT, PageRank 0.000287, кластер 104 уз.",1,10,10000.0,1009000.0,0.0002870115815521464,100.9,3,False,False
100000003031761100,terminal,0.75,3,0.4530580576557922,"Конечный в выборке: получил 460 408 KZT в 1 переводах; исходящих переводов 0. Triage 0.45: оборот 460 408 KZT, PageRank 0.000318, кластер 126 уз.",1,0,460408.0,0.0,0.0003183172248419069,0.0,3,False,False
100000008388049100,terminal,0.75,12,0.44905526390968414,"Конечный в выборке: получил 496 400 KZT в 1 переводах; исходящих переводов 0. Triage 0.45: оборот 496 400 KZT, PageRank 0.000309, кластер 51 уз.",1,0,496400.0,0.0,0.0003091810191477871,0.0,3,False,False
100000002677201100,peripheral,0.5,10,0.4693201359545205,"Периферийный: получил 150 000 KZT, отправил 87 750 KZT; связей вход/выход 1/1. Triage 0.47: оборот 237 750 KZT, PageRank 0.000309, кластер 56 уз.",1,1,150000.0,87750.0,0.0003090558137061141,0.585,3,False,False
100000002901457100,peripheral,0.5,0,0.46473944416128704,"Периферийный: получил 340 000 KZT, отправил 119 000 KZT; связей вход/выход 1/3. Triage 0.46: оборот 459 000 KZT, PageRank 0.000374, кластер 277 уз.",1,3,340000.0,119000.0,0.0003740250745987646,0.35,3,False,False
100000001160401100,terminal,0.75,0,0.4182563580887801,"Конечный в выборке: получил 47 190 KZT в 2 переводах; исходящих переводов 0. Triage 0.42: оборот 47 190 KZT, PageRank 0.000305, кластер 277 уз.",1,0,47190.0,0.0,0.000304859731459708,0.0,3,False,False
100000002842321100,terminal,0.75,4,0.4398197968917938,"Конечный в выборке: получил 160 000 KZT в 1 переводах; исходящих переводов 0. Triage 0.44: оборот 160 000 KZT, PageRank 0.000291, кластер 126 уз.",1,0,160000.0,0.0,0.0002907488855329958,0.0,3,False,False
100000002547110100,consolidator,0.7500021226439184,10,0.5799974032487426,"Сборщик: получил 1 500 000 KZT от 6 контрагентов в 10 переводах; отправил 0 KZT. Активен 2 дн. AML-сигналы: fan-in. Triage 0.58: оборот 1 500 000 KZT, PageRank 0.000552, кластер 56 уз.",6,0,1500000.0,0.0,0.0005517226697666304,0.0,3,False,False
100000001600934100,peripheral,0.5,3,0.5259346997659899,"Периферийный: получил 180 300 KZT, отправил 11 000 KZT; связей вход/выход 1/1. Активен 3 дн. AML-сигналы: структурный цикл. Triage 0.53: оборот 191 300 KZT, PageRank 0.002524, кластер 126 уз.",1,1,180300.0,11000.0,0.0025238416699597606,0.06100942872989462,3,False,False
100000002818726100,terminal,0.75,13,0.37694779459413014,"Конечный в выборке: получил 10 879 KZT в 1 переводах; исходящих переводов 0. Triage 0.38: оборот 10 879 KZT, PageRank 0.000290, кластер 50 уз.",1,0,10879.0,0.0,0.00028959731567965635,0.0,3,False,False
100000008712827100,terminal,0.75,1,0.4220468017716796,"Конечный в выборке: получил 76 000 KZT в 1 переводах; исходящих переводов 0. Triage 0.42: оборот 76 000 KZT, PageRank 0.000297, кластер 270 уз.",1,0,76000.0,0.0,0.0002974173533741875,0.0,3,False,False
100000008259451100,terminal,0.75,14,0.40846001166599416,"Конечный в выборке: получил 55 000 KZT в 1 переводах; исходящих переводов 0. Triage 0.41: оборот 55 000 KZT, PageRank 0.000301, кластер 44 уз.",1,0,55000.0,0.0,0.0003011551696224518,0.0,3,False,False
100000003060517100,terminal,0.75,16,0.4399329276121583,"Конечный в выборке: получил 315 955 KZT в 1 переводах; исходящих переводов 0. Triage 0.44: оборот 315 955 KZT, PageRank 0.000362, кластер 41 уз.",1,0,315955.0,0.0,0.0003617746218042609,0.0,3,False,False
100000002621434100,terminal,0.75,7,0.4210081319657376,"Конечный в выборке: получил 81 000 KZT в 1 переводах; исходящих переводов 0. Triage 0.42: оборот 81 000 KZT, PageRank 0.000290, кластер 104 уз.",1,0,81000.0,0.0,0.0002897459360567095,0.0,3,False,False
100000001860090100,terminal,0.75,6,0.37677518958141193,"Конечный в выборке: получил 5 000 KZT в 1 переводах; исходящих переводов 0. Triage 0.38: оборот 5 000 KZT, PageRank 0.000378, кластер 106 уз.",1,0,5000.0,0.0,0.00037766370764474893,0.0,3,False,False
100000004689658100,peripheral,0.5,3,0.41445800986549164,"Периферийный: получил 456 100 KZT, отправил 7 092 KZT; связей вход/выход 1/1. Triage 0.41: оборот 463 192 KZT, PageRank 0.000386, кластер 126 уз.",1,1,456100.0,7092.0,0.00038609031658007,0.015549221661916246,3,False,False
100000003486970100,terminal,0.75,4,0.43832849292933873,"Конечный в выборке: получил 150 000 KZT в 1 переводах; исходящих переводов 0. Triage 0.44: оборот 150 000 KZT, PageRank 0.000290, кластер 126 уз.",1,0,150000.0,0.0,0.0002904257344990365,0.0,3,False,False
100000004659919100,peripheral,0.5,50,0.4300137792581319,"Периферийный: получил 110 000 KZT, отправил 39 000 KZT; связей вход/выход 1/1. Triage 0.43: оборот 149 000 KZT, PageRank 0.000724, кластер 5 уз.",1,1,110000.0,39000.0,0.0007241306057821581,0.35454545454545455,3,False,False
100000006111439100,transit,0.8500166135481083,4,0.5846182164845988,"Транзит: получил 20 570 KZT, отправил 24 000 KZT; исходящий оборот — 117% наблюдаемого входящего. AML-сигналы: структурный цикл. Triage 0.58: оборот 44 570 KZT, PageRank 0.000365, кластер 126 уз.",3,4,20570.0,24000.0,0.0003653428629009591,1.166747690811862,3,False,False
100000002521039100,terminal,0.75,0,0.45371367523685346,"Конечный в выборке: получил 349 370 KZT в 1 переводах; исходящих переводов 0. Triage 0.45: оборот 349 370 KZT, PageRank 0.000305, кластер 277 уз.",1,0,349370.0,0.0,0.00030522364416813797,0.0,3,False,False
100000008493007100,transit,0.900031827288822,1,0.6250253822116192,"Транзит: вход 26 150 KZT, выход 26 150 KZT; отношение 100% к наблюдаемому входу. AML: IN/OUT близко. Triage 0.63: PR 0.000290, кластер 270 уз.",1,1,26150.0,26150.0,0.00028965197986669585,1.0,3,False,False
100000007793871100,terminal,0.75,9,0.41832329345328484,"Конечный в выборке: получил 26 000 KZT в 3 переводах; исходящих переводов 0. Triage 0.42: оборот 26 000 KZT, PageRank 0.000686, кластер 59 уз.",1,0,26000.0,0.0,0.0006864816239887536,0.0,3,False,False
100000001650895100,peripheral,0.5,8,0.3901529323657742,"Периферийный: получил 153 500 KZT, отправил 10 000 KZT; связей вход/выход 1/1. Triage 0.39: оборот 163 500 KZT, PageRank 0.000309, кластер 61 уз.",1,1,153500.0,10000.0,0.00030925015522103655,0.06514657980456026,3,False,False
100000002567887100,terminal,0.75,4,0.41586142228133616,"Конечный в выборке: получил 50 915 KZT в 1 переводах; исходящих переводов 0. Triage 0.42: оборот 50 915 KZT, PageRank 0.000287, кластер 126 уз.",1,0,50915.0,0.0,0.00028722379247905045,0.0,3,False,False
100000008055972100,terminal,0.75,1,0.4043751864574177,"Конечный в выборке: получил 28 300 KZT в 1 переводах; исходящих переводов 0. Triage 0.40: оборот 28 300 KZT, PageRank 0.000290, кластер 270 уз.",1,0,28300.0,0.0,0.0002899868956749427,0.0,3,False,False
100000008684452100,terminal,0.75,1,0.41513629146033204,"Конечный в выборке: получил 51 800 KZT в 1 переводах; исходящих переводов 0. Triage 0.42: оборот 51 800 KZT, PageRank 0.000294, кластер 270 уз.",1,0,51800.0,0.0,0.0002936476033464784,0.0,3,False,False
100000000764836100,peripheral,0.5,3,0.46270240112889055,"Периферийный: получил 251 716 KZT, отправил 50 000 KZT; связей вход/выход 1/2. Активен 2 дн. Triage 0.46: оборот 301 716 KZT, PageRank 0.000337, кластер 126 уз.",1,2,251716.0,50000.0,0.0003366645113630906,0.1986365586613485,3,False,False
100000003072676100,terminal,0.75,16,0.3956075126929223,"Конечный в выборке: получил 31 545 KZT в 1 переводах; исходящих переводов 0. Triage 0.40: оборот 31 545 KZT, PageRank 0.000293, кластер 41 уз.",1,0,31545.0,0.0,0.00029318590561998,0.0,3,False,False
100000008757369100,peripheral,0.5,0,0.47365232747285096,"Периферийный: получил 25 961 KZT, отправил 58 398 KZT; связей вход/выход 1/1. Активен 3 дн. Triage 0.47: оборот 84 359 KZT, PageRank 0.000288, кластер 277 уз.",1,1,25961.0,58398.0,0.0002878756314715278,2.249451099726513,3,False,False
100000007618425100,terminal,0.75,16,0.3995756472227202,"Конечный в выборке: получил 39 348 KZT в 1 переводах; исходящих переводов 0. Triage 0.40: оборот 39 348 KZT, PageRank 0.000295, кластер 41 уз.",1,0,39348.0,0.0,0.00029506768809030786,0.0,3,False,False
100000004671609100,terminal,0.75,12,0.42057900535256904,"Конечный в выборке: получил 100 000 KZT в 1 переводах; исходящих переводов 0. Triage 0.42: оборот 100 000 KZT, PageRank 0.000300, кластер 51 уз.",1,0,100000.0,0.0,0.0003002311614660628,0.0,3,False,False
100000004676985100,transit,0.8524745092794256,0,0.6024867168083384,"Транзит: получил 32 260 KZT, отправил 27 102 KZT; исходящий оборот — 84% наблюдаемого входящего. Активен 2 дн. Triage 0.60: оборот 59 362 KZT, PageRank 0.000287, кластер 277 уз.",1,1,32260.0,27102.0,0.00028739245803065786,0.8401115933044018,3,False,False
100000002531406100,transit,0.8884797254892206,3,0.6492448934013282,"Транзит: получил 520 000 KZT, отправил 500 000 KZT; исходящий оборот — 96% наблюдаемого входящего. Triage 0.65: оборот 1 020 000 KZT, PageRank 0.000323, кластер 126 уз.",1,1,520000.0,500000.0,0.00032255470103421436,0.9615384615384616,3,False,False
100000002877262100,terminal,0.75,10,0.42082779272581733,"Конечный в выборке: получил 100 000 KZT в 1 переводах; исходящих переводов 0. Triage 0.42: оборот 100 000 KZT, PageRank 0.000300, кластер 56 уз.",1,0,100000.0,0.0,0.0002999095946146452,0.0,3,False,False
100000007591246100,peripheral,0.5,13,0.3893856655523078,"Периферийный: получил 12 190 KZT, отправил 120 000 KZT; связей вход/выход 1/1. Triage 0.39: оборот 132 190 KZT, PageRank 0.000298, кластер 50 уз.",1,1,12190.0,120000.0,0.0002978792366704638,9.844134536505333,3,False,False
100000008712184100,terminal,0.75,1,0.3963885377232647,"Конечный в выборке: получил 18 000 KZT в 1 переводах; исходящих переводов 0. Triage 0.40: оборот 18 000 KZT, PageRank 0.000288, кластер 270 уз.",1,0,18000.0,0.0,0.00028838241529124833,0.0,3,False,False
100000002975437100,peripheral,0.5,31,0.4166897529186999,"Периферийный: получил 530 000 KZT, отправил 8 500 KZT; связей вход/выход 1/1. AML-сигналы: структурный цикл. Triage 0.42: оборот 538 500 KZT, PageRank 0.000520, кластер 11 уз.",1,1,530000.0,8500.0,0.0005201467388006402,0.016037735849056604,3,False,False
100000005008589100,terminal,0.75,0,0.41644861953059537,"Конечный в выборке: получил 42 807 KZT в 1 переводах; исходящих переводов 0. Triage 0.42: оборот 42 807 KZT, PageRank 0.000303, кластер 277 уз.",1,0,42806.68,0.0,0.00030306875999519707,0.0,3,False,False
100000000782285100,terminal,0.75,0,0.3836766978962741,"Конечный в выборке: получил 6 151 KZT в 1 переводах; исходящих переводов 0. Triage 0.38: оборот 6 151 KZT, PageRank 0.000321, кластер 277 уз.",1,0,6151.0,0.0,0.00032087201623348644,0.0,3,False,False
100000005198498100,terminal,0.75,1,0.4046852558490397,"Конечный в выборке: получил 28 800 KZT в 1 переводах; исходящих переводов 0. Triage 0.40: оборот 28 800 KZT, PageRank 0.000290, кластер 270 уз.",1,0,28800.0,0.0,0.00029006478307220943,0.0,3,False,False
100000008517538100,distributor,0.7625096173189605,7,0.6011464790254449,"Распределитель: отправил 1 439 000 KZT в 18 переводах 17 получателям. Активен 13 дн. AML-сигналы: fan-out. Triage 0.60: оборот 1 594 500 KZT, PageRank 0.000307, кластер 104 уз.",3,17,155500.0,1439000.0,0.0003070532362341698,9.254019292604502,3,False,False
100000005756535100,terminal,0.75,1,0.41334901474404256,"Конечный в выборке: получил 20 000 KZT в 1 переводах; исходящих переводов 0. Triage 0.41: оборот 20 000 KZT, PageRank 0.000541, кластер 270 уз.",1,0,20000.0,0.0,0.0005412831733326293,0.0,3,False,False
100000004917367100,terminal,0.75,4,0.43295603434207164,"Конечный в выборке: получил 120 000 KZT в 2 переводах; исходящих переводов 0. Triage 0.43: оборот 120 000 KZT, PageRank 0.000294, кластер 126 уз.",2,0,120000.0,0.0,0.00029401272083565854,0.0,3,False,False
100000001222263100,peripheral,0.5,4,0.5464142271636527,"Периферийный: получил 745 570 KZT, отправил 420 000 KZT; связей вход/выход 1/1. Активен 5 дн. Triage 0.55: оборот 1 165 570 KZT, PageRank 0.000310, кластер 126 уз.",1,1,745570.0,420000.0,0.0003096716406285523,0.5633273870998028,3,False,False
100000001149815100,terminal,0.75,1,0.3892621522896314,"Конечный в выборке: получил 12 000 KZT в 1 переводах; исходящих переводов 0. Triage 0.39: оборот 12 000 KZT, PageRank 0.000287, кластер 270 уз.",1,0,12000.0,0.0,0.0002874477665240477,0.0,3,False,False
100000006020215100,transit,0.8631866728239934,13,0.5808067232916131,"Транзит: получил 30 000 KZT, отправил 33 800 KZT; исходящий оборот — 113% наблюдаемого входящего. Triage 0.58: оборот 63 800 KZT, PageRank 0.000297, кластер 50 уз.",1,2,30000.0,33800.0,0.0002966608663331795,1.1266666666666667,3,False,False
100000000673868100,peripheral,0.5,30,0.5422605183406918,"Периферийный: получил 2 030 650 KZT, отправил 383 000 KZT; связей вход/выход 1/5. Активен 11 дн. AML-сигналы: структурный цикл. Triage 0.54: оборот 2 413 650 KZT, PageRank 0.001169, кластер 13 уз.",1,5,2030650.0,383000.0,0.0011687985573137672,0.18860955851574618,3,False,False
100000008749900100,terminal,0.75,1,0.3955370722274035,"Конечный в выборке: получил 17 150 KZT в 1 переводах; исходящих переводов 0. Triage 0.40: оборот 17 150 KZT, PageRank 0.000288, кластер 270 уз.",1,0,17150.0,0.0,0.0002882500067158949,0.0,3,False,False
100000002862113100,terminal,0.75,14,0.4057398744296009,"Конечный в выборке: получил 47 405 KZT в 2 переводах; исходящих переводов 0. Triage 0.41: оборот 47 405 KZT, PageRank 0.000299, кластер 44 уз.",1,0,47405.0,0.0,0.0002990041688714308,0.0,3,False,False
100000001066017100,transit,0.7835849266225029,0,0.6133034924997817,"Транзит: вход 136 123 KZT, выход 82 500 KZT; отношение 61% к наблюдаемому входу. AML: IN/OUT близко. Triage 0.61: PR 0.000301, кластер 277 уз.",2,4,136123.0,82500.0,0.0003012101495734815,0.6060695106631503,3,False,False
100000008436257100,terminal,0.75,16,0.4116801539306657,"Конечный в выборке: получил 35 000 KZT в 2 переводах; исходящих переводов 0. Triage 0.41: оборот 35 000 KZT, PageRank 0.000295, кластер 41 уз.",2,0,35000.0,0.0,0.0002945723375724983,0.0,3,False,False
100000003016438100,transit,0.7504910446012157,10,0.624879755977179,"Транзит: вход 200 000 KZT, выход 300 000 KZT; отношение 150% к наблюдаемому входу. AML: IN/OUT близко. Triage 0.62: PR 0.000317, кластер 56 уз.",1,1,200000.0,300000.0,0.0003168815952782699,1.5,3,False,False
100000002534091100,terminal,0.75,3,0.39870823429893243,"Конечный в выборке: получил 22 200 KZT в 1 переводах; исходящих переводов 0. Triage 0.40: оборот 22 200 KZT, PageRank 0.000296, кластер 126 уз.",1,0,22200.0,0.0,0.0002963604894715008,0.0,3,False,False
100000006882208100,terminal,0.75,5,0.41588304982689567,"Конечный в выборке: получил 18 000 KZT в 1 переводах; исходящих переводов 0. Triage 0.42: оборот 18 000 KZT, PageRank 0.000639, кластер 125 уз.",1,0,18000.0,0.0,0.0006387686523046328,0.0,3,False,False
100000005362848100,terminal,0.75,8,0.39551558703427125,"Конечный в выборке: получил 29 000 KZT в 1 переводах; исходящих переводов 0. Triage 0.40: оборот 29 000 KZT, PageRank 0.000296, кластер 61 уз.",1,0,29000.0,0.0,0.0002963664859231456,0.0,3,False,False
100000001073568100,peripheral,0.5,14,0.5073142754120054,"Периферийный: получил 707 465 KZT, отправил 219 503 KZT; связей вход/выход 1/2. Активен 3 дн. Triage 0.51: оборот 926 968 KZT, PageRank 0.000486, кластер 44 уз.",1,2,707465.0,219503.0,0.00048594156922942135,0.31026693900051594,3,False,False
100000008687733100,terminal,0.75,1,0.3927662783990026,"Конечный в выборке: получил 14 650 KZT в 1 переводах; исходящих переводов 0. Triage 0.39: оборот 14 650 KZT, PageRank 0.000288, кластер 270 уз.",1,0,14650.0,0.0,0.00028786056972956135,0.0,3,False,False
100000007229557100,terminal,0.75,17,0.47546310824726007,"Конечный в выборке: получил 878 000 KZT в 3 переводах; исходящих переводов 0. Triage 0.48: оборот 878 000 KZT, PageRank 0.000394, кластер 30 уз.",3,0,878000.0,0.0,0.0003940763249549177,0.0,3,False,False
100000001052789100,terminal,0.75,18,0.4094439054019148,"Конечный в выборке: получил 70 975 KZT в 1 переводах; исходящих переводов 0. Triage 0.41: оборот 70 975 KZT, PageRank 0.000298, кластер 30 уз.",1,0,70975.0,0.0,0.00029769552439858657,0.0,3,False,False
100000006967370100,peripheral,0.5,16,0.4524387934135246,"Периферийный: получил 33 225 KZT, отправил 13 526 KZT; связей вход/выход 1/1. Triage 0.45: оборот 46 751 KZT, PageRank 0.000294, кластер 41 уз.",1,1,33225.0,13526.27,0.00029359105678621744,0.40711121143717083,3,False,False
100000001837130100,terminal,0.75,0,0.4416599561395564,"Конечный в выборке: получил 172 900 KZT в 1 переводах; исходящих переводов 0. Triage 0.44: оборот 172 900 KZT, PageRank 0.000301, кластер 277 уз.",1,0,172900.0,0.0,0.0003008775481128417,0.0,3,False,False
100000005820746100,peripheral,0.5,23,0.5060256603884243,"Периферийный: получил 1 989 000 KZT, отправил 60 000 KZT; связей вход/выход 1/1. Активен 2 дн. AML-сигналы: структурный цикл. Triage 0.51: оборот 2 049 000 KZT, PageRank 0.000986, кластер 17 уз.",1,1,1989000.0,60000.0,0.0009862680481607703,0.030165912518853696,3,False,False
100000002883402100,terminal,0.75,7,0.4444936786257809,"Конечный в выборке: получил 300 000 KZT в 3 переводах; исходящих переводов 0. Triage 0.44: оборот 300 000 KZT, PageRank 0.000301, кластер 104 уз.",3,0,300000.0,0.0,0.0003006437706548545,0.0,3,False,False
100000008582730100,transit,0.8999999999999999,18,0.6386059969283543,"Транзит: вход 5 000 KZT, выход 5 000 KZT; отношение 100% к наблюдаемому входу. AML: IN/OUT близко, структ. цикл. Triage 0.64: PR 0.000890, кластер 30 уз.",1,1,5000.0,5000.0,0.0008898313190355298,1.0,3,False,False
100000003116106100,terminal,0.75,4,0.4710834589575937,"Конечный в выборке: получил 494 050 KZT в 2 переводах; исходящих переводов 0. Triage 0.47: оборот 494 050 KZT, PageRank 0.000302, кластер 126 уз.",1,0,494050.0,0.0,0.00030154374582240723,0.0,3,False,False
100000001818442100,terminal,0.75,8,0.4023574287229039,"Конечный в выборке: получил 42 215 KZT в 1 переводах; исходящих переводов 0. Triage 0.40: оборот 42 215 KZT, PageRank 0.000301, кластер 61 уз.",1,0,42215.0,0.0,0.00030128247363956593,0.0,3,False,False
100000008690762100,terminal,0.75,1,0.4033784812201285,"Конечный в выборке: получил 26 750 KZT в 1 переводах; исходящих переводов 0. Triage 0.40: оборот 26 750 KZT, PageRank 0.000290, кластер 270 уз.",1,0,26750.0,0.0,0.00028974544474341587,0.0,3,False,False
100000008712991100,terminal,0.75,1,0.4195207240950512,"Конечный в выборке: получил 66 100 KZT в 1 переводах; исходящих переводов 0. Triage 0.42: оборот 66 100 KZT, PageRank 0.000296, кластер 270 уз.",1,0,66100.0,0.0,0.0002958751829083065,0.0,3,False,False
100000003292191100,terminal,0.75,17,0.4182444426614245,"Конечный в выборке: получил 112 000 KZT в 1 переводах; исходящих переводов 0. Triage 0.42: оборот 112 000 KZT, PageRank 0.000300, кластер 30 уз.",1,0,112000.0,0.0,0.0002996211157172239,0.0,3,False,False
100000005367284100,peripheral,0.5,0,0.44491941987185163,"Периферийный: получил 13 700 KZT, отправил 48 300 KZT; связей вход/выход 1/2. Активен 5 дн. Triage 0.44: оборот 62 000 KZT, PageRank 0.000289, кластер 277 уз.",1,2,13700.0,48300.0,0.00028914234692154335,3.5255474452554743,3,False,False
100000003216073100,peripheral,0.5,3,0.4660433602870761,"Периферийный: получил 37 001 KZT, отправил 70 000 KZT; связей вход/выход 1/1. Активен 2 дн. Triage 0.47: оборот 107 001 KZT, PageRank 0.000288, кластер 126 уз.",1,1,37001.0,70000.0,0.0002882095412240332,1.891840761060512,3,False,False
100000006169033100,peripheral,0.5,41,0.431733510537059,"Периферийный: получил 49 000 KZT, отправил 1 140 271 KZT; связей вход/выход 1/3. Активен 10 дн. AML-сигналы: структурный цикл. Triage 0.43: оборот 1 189 271 KZT, PageRank 0.000418, кластер 7 уз.",1,3,49000.0,1140271.0,0.0004177929012623691,23.270836734693876,3,False,False
100000004407753100,peripheral,0.5,28,0.4986883172729586,"Периферийный: получил 250 000 KZT, отправил 100 000 KZT; связей вход/выход 1/1. Активен 4 дн. AML-сигналы: структурный цикл. Triage 0.50: оборот 350 000 KZT, PageRank 0.000876, кластер 14 уз.",1,1,250000.0,100000.0,0.0008760707975906654,0.4,3,False,False
100000004420041100,peripheral,0.5,11,0.4286507391257849,"Периферийный: получил 69 638 KZT, отправил 651 830 KZT; связей вход/выход 1/7. Triage 0.43: оборот 721 468 KZT, PageRank 0.000300, кластер 55 уз.",1,7,69638.0,651830.0,0.0002997115786004853,9.360263074758034,3,False,False
100000004715209100,peripheral,0.5,51,0.4093181943604726,"Периферийный: получил 5 000 KZT, отправил 350 450 KZT; связей вход/выход 1/5. Активен 13 дн. AML-сигналы: структурный цикл. Triage 0.41: оборот 355 450 KZT, PageRank 0.000288, кластер 5 уз.",1,5,5000.0,350450.0,0.0002875504306920522,70.09,3,False,False
100000004580254100,terminal,0.75,16,0.39463185105845444,"Конечный в выборке: получил 27 940 KZT в 2 переводах; исходящих переводов 0. Triage 0.39: оборот 27 940 KZT, PageRank 0.000312, кластер 41 уз.",2,0,27940.0,0.0,0.0003122450275489732,0.0,3,False,False
100000001056414100,terminal,0.75,12,0.4363926741550372,"Конечный в выборке: получил 250 000 KZT в 1 переводах; исходящих переводов 0. Triage 0.44: оборот 250 000 KZT, PageRank 0.000297, кластер 51 уз.",1,0,250000.0,0.0,0.0002974653294641331,0.0,3,False,False
100000008686494100,terminal,0.75,1,0.3939831262981182,"Конечный в выборке: получил 15 700 KZT в 1 переводах; исходящих переводов 0. Triage 0.39: оборот 15 700 KZT, PageRank 0.000288, кластер 270 уз.",1,0,15700.0,0.0,0.0002880241332638214,0.0,3,False,False
100000002822472100,terminal,0.75,12,0.4384065261785298,"Конечный в выборке: получил 266 722 KZT в 2 переводах; исходящих переводов 0. Triage 0.44: оборот 266 722 KZT, PageRank 0.000312, кластер 51 уз.",2,0,266722.0,0.0,0.00031226058607932046,0.0,3,False,False
100000001831496100,peripheral,0.5,9,0.40677381117838546,"Периферийный: получил 25 000 KZT, отправил 373 000 KZT; связей вход/выход 1/1. Triage 0.41: оборот 398 000 KZT, PageRank 0.000293, кластер 59 уз.",1,1,25000.0,373000.0,0.0002926587874591035,14.92,3,False,False
100000008732488100,peripheral,0.5,3,0.43824897389090434,"Периферийный: получил 137 000 KZT, отправил 10 000 KZT; связей вход/выход 1/1. Triage 0.44: оборот 147 000 KZT, PageRank 0.000313, кластер 126 уз.",1,1,137000.0,10000.0,0.00031338277147801376,0.072992700729927,3,False,False
100000004007197100,terminal,0.75,24,0.36956377024581677,"Конечный в выборке: получил 10 048 KZT в 1 переводах; исходящих переводов 0. Triage 0.37: оборот 10 048 KZT, PageRank 0.000288, кластер 17 уз.",1,0,10048.0,0.0,0.00028769412842110346,0.0,3,False,False
100000002815005100,terminal,0.75,7,0.4536695518568617,"Конечный в выборке: получил 476 500 KZT в 1 переводах; исходящих переводов 0. Triage 0.45: оборот 476 500 KZT, PageRank 0.000319, кластер 104 уз.",1,0,476500.0,0.0,0.0003191630169021733,0.0,3,False,False
100000005756189100,transit,0.8268256466727203,4,0.6258798298279284,"Транзит: вход 65 000 KZT, выход 49 050 KZT; отношение 75% к наблюдаемому входу. AML: IN/OUT близко. Triage 0.63: PR 0.000288, кластер 126 уз.",1,1,65000.0,49050.0,0.00028767895071038214,0.7546153846153846,3,False,False
100000004877085100,peripheral,0.5,13,0.4500826428415367,"Периферийный: получил 25 000 KZT, отправил 95 600 KZT; связей вход/выход 1/3. Активен 5 дн. Triage 0.45: оборот 120 600 KZT, PageRank 0.000295, кластер 50 уз.",1,3,25000.0,95600.0,0.00029481380010925733,3.824,3,False,False
100000002713074100,transit,0.7847267455738193,16,0.6079283791823016,"Транзит: получил 700 000 KZT, отправил 430 000 KZT; исходящий оборот — 61% наблюдаемого входящего. Triage 0.61: оборот 1 130 000 KZT, PageRank 0.000433, кластер 41 уз.",2,1,700000.0,430000.0,0.00043337570615125607,0.6142857142857143,3,False,False
100000002356167100,peripheral,0.5,4,0.4577744760041271,"Периферийный: получил 300 000 KZT, отправил 29 500 KZT; связей вход/выход 1/2. Активен 3 дн. Triage 0.46: оборот 329 500 KZT, PageRank 0.000295, кластер 126 уз.",1,2,300000.0,29500.0,0.0002952730000084264,0.09833333333333333,3,False,False
100000004140487100,peripheral,0.5,2,0.4552728656567971,"peripheral: вход 24 510 KZT, выход 262 600 KZT. AML: fan-out, структ. цикл. Triage 0.46: PR 0.000289, кластер 148 уз.",1,10,24510.0,262600.0,0.00028942895110188523,10.713994288045695,3,False,False
100000003147719100,terminal,0.75,7,0.4247414173883174,"Конечный в выборке: получил 100 000 KZT в 1 переводах; исходящих переводов 0. Triage 0.42: оборот 100 000 KZT, PageRank 0.000291, кластер 104 уз.",1,0,100000.0,0.0,0.00029072349006009467,0.0,3,False,False
100000008745884100,terminal,0.75,1,0.3982444721212429,"Конечный в выборке: получил 20 000 KZT в 1 переводах; исходящих переводов 0. Triage 0.40: оборот 20 000 KZT, PageRank 0.000289, кластер 270 уз.",1,0,20000.0,0.0,0.0002886939648803152,0.0,3,False,False
100000002559089100,terminal,0.75,12,0.4745701092271328,"Конечный в выборке: получил 715 000 KZT в 2 переводах; исходящих переводов 0. Triage 0.47: оборот 715 000 KZT, PageRank 0.000392, кластер 51 уз.",2,0,715000.0,0.0,0.00039228938602200455,0.0,3,False,False
100000004984689100,terminal,0.75,3,0.41391105267200523,"Конечный в выборке: получил 53 030 KZT в 1 переводах; исходящих переводов 0. Triage 0.41: оборот 53 030 KZT, PageRank 0.000296, кластер 126 уз.",1,0,53030.0,0.0,0.0002963409665148882,0.0,3,False,False
100000004340038100,peripheral,0.5,13,0.3885082182480405,"Периферийный: получил 9 978 KZT, отправил 49 000 KZT; связей вход/выход 1/1. Triage 0.39: оборот 58 978 KZT, PageRank 0.000289, кластер 50 уз.",1,1,9978.0,49000.0,0.0002892644743461056,4.910803768290238,3,False,False
100000005052998100,peripheral,0.5,0,0.41270594296538265,"Периферийный: получил 9 500 KZT, отправил 28 400 KZT; связей вход/выход 1/1. AML-сигналы: структурный цикл. Triage 0.41: оборот 37 900 KZT, PageRank 0.000286, кластер 277 уз.",1,1,9500.0,28400.0,0.0002861126567109611,2.9894736842105263,3,False,False
100000007597382100,terminal,0.75,4,0.39405684200976077,"Конечный в выборке: получил 15 700 KZT в 1 переводах; исходящих переводов 0. Triage 0.39: оборот 15 700 KZT, PageRank 0.000286, кластер 126 уз.",1,0,15700.0,0.0,0.0002860858161129627,0.0,3,False,False
100000008697670100,terminal,0.75,1,0.4024280199386938,"Конечный в выборке: получил 25 350 KZT в 1 переводах; исходящих переводов 0. Triage 0.40: оборот 25 350 KZT, PageRank 0.000290, кластер 270 уз.",1,0,25350.0,0.0,0.00028952736003106907,0.0,3,False,False
100000008460102100,peripheral,0.5,19,0.44324455932029055,"Периферийный: получил 17 500 KZT, отправил 476 570 KZT; связей вход/выход 1/31. Активен 9 дн. AML-сигналы: fan-out, split payments. Triage 0.44: оборот 494 070 KZT, PageRank 0.000300, кластер 29 уз.",1,31,17500.0,476570.0,0.00029968143885294866,27.23257142857143,3,False,False
100000004399686100,terminal,0.75,23,0.4839222897706874,"Конечный в выборке: получил 806 000 KZT в 2 переводах; исходящих переводов 0. Triage 0.48: оборот 806 000 KZT, PageRank 0.000570, кластер 17 уз.",1,0,806000.0,0.0,0.0005695180370197751,0.0,3,False,False
100000008688155100,terminal,0.75,1,0.40116430971128103,"Конечный в выборке: получил 23 600 KZT в 1 переводах; исходящих переводов 0. Triage 0.40: оборот 23 600 KZT, PageRank 0.000289, кластер 270 уз.",1,0,23600.0,0.0,0.0002892547541406356,0.0,3,False,False
100000004386331100,transit,0.8629637646259911,11,0.58190402821638,"Транзит: получил 20 000 KZT, отправил 17 500 KZT; исходящий оборот — 88% наблюдаемого входящего. AML-сигналы: структурный цикл. Triage 0.58: оборот 37 500 KZT, PageRank 0.000512, кластер 55 уз.",1,2,20000.0,17500.0,0.0005121771983224383,0.875,3,False,False
100000007999728100,terminal,0.75,14,0.3929070974164238,"Конечный в выборке: получил 23 250 KZT в 1 переводах; исходящих переводов 0. Triage 0.39: оборот 23 250 KZT, PageRank 0.000292, кластер 44 уз.",1,0,23250.0,0.0,0.0002921631651662415,0.0,3,False,False
100000001597424100,terminal,0.75,14,0.40600545776741975,"Конечный в выборке: получил 48 100 KZT в 1 переводах; исходящих переводов 0. Triage 0.41: оборот 48 100 KZT, PageRank 0.000299, кластер 44 уз.",1,0,48100.0,0.0,0.0002992010017248817,0.0,3,False,False
100000003677936100,peripheral,0.5,6,0.4356358962154156,"Периферийный: получил 71 000 KZT, отправил 13 000 KZT; связей вход/выход 1/1. Активен 2 дн. Triage 0.44: оборот 84 000 KZT, PageRank 0.000309, кластер 106 уз.",1,1,71000.0,13000.0,0.0003088478659322524,0.18309859154929578,3,False,False
100000002943472100,terminal,0.75,10,0.43068133364227196,"Конечный в выборке: получил 170 000 KZT в 1 переводах; исходящих переводов 0. Triage 0.43: оборот 170 000 KZT, PageRank 0.000310, кластер 56 уз.",1,0,170000.0,0.0,0.00030994138255214425,0.0,3,False,False
100000004892144100,peripheral,0.5,23,0.6117951606498873,"Периферийный: получил 4 500 000 KZT, отправил 180 300 KZT; связей вход/выход 2/1. Активен 5 дн. AML-сигналы: структурный цикл. Triage 0.61: оборот 4 680 300 KZT, PageRank 0.002973, кластер 17 уз.",2,1,4500000.0,180300.0,0.0029726027700542235,0.04006666666666667,3,False,False
100000008077552100,terminal,0.75,3,0.44025219456475706,"Конечный в выборке: получил 214 000 KZT в 1 переводах; исходящих переводов 0. Triage 0.44: оборот 214 000 KZT, PageRank 0.000329, кластер 126 уз.",1,0,214000.0,0.0,0.0003290100071831545,0.0,3,False,False
100000002914245100,terminal,0.75,3,0.43090106095295777,"Конечный в выборке: получил 140 611 KZT в 1 переводах; исходящих переводов 0. Triage 0.43: оборот 140 611 KZT, PageRank 0.000296, кластер 126 уз.",1,0,140611.0,0.0,0.00029557705545891333,0.0,3,False,False
100000004906181100,peripheral,0.5,36,0.46953304555299935,"Периферийный: получил 100 000 KZT, отправил 2 473 418 KZT; связей вход/выход 1/7. Активен 13 дн. Triage 0.47: оборот 2 573 418 KZT, PageRank 0.000289, кластер 8 уз.",1,7,100000.0,2473417.91,0.00028880997932923983,24.734179100000002,3,False,False
100000008514970100,peripheral,0.5,3,0.45721820716817213,"Периферийный: получил 379 966 KZT, отправил 31 000 KZT; связей вход/выход 1/1. Triage 0.46: оборот 410 966 KZT, PageRank 0.000313, кластер 126 уз.",1,1,379966.0,31000.0,0.00031259714396088934,0.0815862471905381,3,False,False
100000008258458100,peripheral,0.5,64,0.44229563157964497,"Периферийный: получил 19 000 KZT, отправил 1 557 988 KZT; связей вход/выход 1/2. Активен 3 дн. Triage 0.44: оборот 1 576 988 KZT, PageRank 0.000291, кластер 3 уз.",1,2,19000.0,1557988.0,0.0002912625274645138,81.99936842105264,3,False,False
100000003484058100,peripheral,0.5,14,0.38468053158328064,"Периферийный: получил 110 000 KZT, отправил 6 000 KZT; связей вход/выход 1/1. Triage 0.38: оборот 116 000 KZT, PageRank 0.000317, кластер 44 уз.",1,1,110000.0,6000.0,0.0003167318702552572,0.05454545454545454,3,False,False
100000003574895100,transit,0.8149719237366175,0,0.6077026858871409,"Транзит: вход 27 968 KZT, выход 20 000 KZT; отношение 72% к наблюдаемому входу. AML: IN/OUT близко. Triage 0.61: PR 0.000287, кластер 277 уз.",1,1,27968.0,20000.0,0.0002871511176411966,0.7151029748283753,3,False,False
100000000896111100,terminal,0.75,23,0.44080986809704575,"Конечный в выборке: получил 287 100 KZT в 1 переводах; исходящих переводов 0. Triage 0.44: оборот 287 100 KZT, PageRank 0.000387, кластер 17 уз.",1,0,287100.0,0.0,0.00038671872951253727,0.0,3,False,False
100000008715887100,terminal,0.75,1,0.3963885377232647,"Конечный в выборке: получил 18 000 KZT в 1 переводах; исходящих переводов 0. Triage 0.40: оборот 18 000 KZT, PageRank 0.000288, кластер 270 уз.",1,0,18000.0,0.0,0.00028838241529124833,0.0,3,False,False
100000000560751100,terminal,0.75,13,0.40715459300104195,"Конечный в выборке: получил 25 000 KZT в 1 переводах; исходящих переводов 0. Triage 0.41: оборот 25 000 KZT, PageRank 0.000552, кластер 50 уз.",1,0,25000.0,0.0,0.0005521078884975069,0.0,3,False,False
100000008708207100,terminal,0.75,7,0.4698464935029509,"Конечный в выборке: получил 465 000 KZT в 2 переводах; исходящих переводов 0. Triage 0.47: оборот 465 000 KZT, PageRank 0.000360, кластер 104 уз.",2,0,465000.0,0.0,0.0003596915646383883,0.0,3,False,False
100000003152964100,peripheral,0.5,3,0.4082199754018269,"Периферийный: получил 141 847 KZT, отправил 5 500 KZT; связей вход/выход 1/1. Активен 2 дн. Triage 0.41: оборот 147 347 KZT, PageRank 0.000314, кластер 126 уз.",1,1,141847.0,5500.0,0.0003143664755229854,0.03877417217142414,3,False,False
100000004991812100,terminal,0.75,22,0.3737200197363788,"Конечный в выборке: получил 10 000 KZT в 1 переводах; исходящих переводов 0. Triage 0.37: оборот 10 000 KZT, PageRank 0.000346, кластер 18 уз.",1,0,10000.0,0.0,0.00034640673451948024,0.0,3,False,False
100000000291908100,peripheral,0.5,49,0.418503491038631,"Периферийный: получил 295 500 KZT, отправил 13 300 KZT; связей вход/выход 1/1. Активен 6 дн. Triage 0.42: оборот 308 800 KZT, PageRank 0.000705, кластер 5 уз.",1,1,295500.0,13300.0,0.0007054752430317927,0.045008460236886635,3,False,False
100000003132484100,terminal,0.75,7,0.4377221628390427,"Конечный в выборке: получил 90 000 KZT в 1 переводах; исходящих переводов 0. Triage 0.44: оборот 90 000 KZT, PageRank 0.000539, кластер 104 уз.",1,0,90000.0,0.0,0.0005385290138852362,0.0,3,False,False
100000004077081100,peripheral,0.5,2,0.48794491722488165,"Периферийный: получил 140 000 KZT, отправил 615 000 KZT; связей вход/выход 1/4. Активен 5 дн. Triage 0.49: оборот 755 000 KZT, PageRank 0.000290, кластер 148 уз.",1,4,140000.0,615000.0,0.0002901025834650771,4.392857142857143,3,False,False
100000004770073100,transit,0.900190042711655,0,0.61968782456909,"Транзит: вход 5 462 KZT, выход 5 467 KZT; отношение 100% к наблюдаемому входу. AML: IN/OUT близко. Triage 0.62: PR 0.000288, кластер 277 уз.",1,1,5462.4,5466.97,0.0002878103394731486,1.0008366285881665,3,False,False
100000003163886100,terminal,0.75,55,0.4524309675615172,"Конечный в выборке: получил 500 000 KZT в 1 переводах; исходящих переводов 0. Triage 0.45: оборот 500 000 KZT, PageRank 0.000733, кластер 4 уз.",1,0,500000.0,0.0,0.000732972299235673,0.0,3,False,False
100000000795374100,terminal,0.75,3,0.41284717572745383,"Конечный в выборке: получил 50 000 KZT в 1 переводах; исходящих переводов 0. Triage 0.41: оборот 50 000 KZT, PageRank 0.000296, кластер 126 уз.",1,0,50000.0,0.0,0.00029572602464233527,0.0,3,False,False
100000002391278100,peripheral,0.5,27,0.4690916384647288,"Периферийный: получил 30 000 KZT, отправил 52 700 KZT; связей вход/выход 1/1. Активен 6 дн. AML-сигналы: структурный цикл. Triage 0.47: оборот 82 700 KZT, PageRank 0.000398, кластер 15 уз.",1,1,30000.0,52700.0,0.00039847699698836327,1.7566666666666666,3,False,False
100000004635886100,terminal,0.75,5,0.3994491494792663,"Конечный в выборке: получил 23 000 KZT в 1 переводах; исходящих переводов 0. Triage 0.40: оборот 23 000 KZT, PageRank 0.000292, кластер 125 уз.",1,0,23000.0,0.0,0.0002924591713539595,0.0,3,False,False
100000000413678100,peripheral,0.5,3,0.5321403780843842,"Периферийный: получил 306 500 KZT, отправил 528 198 KZT; связей вход/выход 2/3. Активен 15 дн. AML-сигналы: split payments. Triage 0.53: оборот 834 698 KZT, PageRank 0.000301, кластер 126 уз.",2,3,306500.0,528198.0,0.000300679810029519,1.723321370309951,3,False,False
100000008659950100,terminal,0.75,10,0.4377769666088508,"Конечный в выборке: получил 246 000 KZT в 1 переводах; исходящих переводов 0. Triage 0.44: оборот 246 000 KZT, PageRank 0.000321, кластер 56 уз.",1,0,246000.0,0.0,0.00032083303802714325,0.0,3,False,False
100000003964910100,terminal,0.75,16,0.48311584591611345,"Конечный в выборке: получил 1 000 000 KZT в 2 переводах; исходящих переводов 0. Triage 0.48: оборот 1 000 000 KZT, PageRank 0.000509, кластер 41 уз.",2,0,1000000.0,0.0,0.000508954006048797,0.0,3,False,False
100000008764654100,terminal,0.75,1,0.40297729436112545,"Конечный в выборке: получил 26 150 KZT в 1 переводах; исходящих переводов 0. Triage 0.40: оборот 26 150 KZT, PageRank 0.000290, кластер 270 уз.",1,0,26150.0,0.0,0.00028965197986669585,0.0,3,False,False
100000005830339100,consolidator,0.718917696932835,2,0.6611692737895186,"Сборщик: получил 476 341 KZT от 5 контрагентов в 12 переводах; отправил 339 251 KZT. Активен 12 дн. AML-сигналы: fan-in. Triage 0.66: оборот 815 592 KZT, PageRank 0.000363, кластер 148 уз.",5,1,476341.0,339251.0,0.0003634396208539923,0.7122019729563485,3,False,False
100000002032323100,peripheral,0.5,10,0.4998618353893223,"Периферийный: получил 300 000 KZT, отправил 1 050 000 KZT; связей вход/выход 1/1. Активен 2 дн. Triage 0.50: оборот 1 350 000 KZT, PageRank 0.000404, кластер 56 уз.",1,1,300000.0,1050000.0,0.0004038961711339879,3.5,3,False,False
100000008668099100,terminal,0.75,1,0.3939831262981182,"Конечный в выборке: получил 15 700 KZT в 1 переводах; исходящих переводов 0. Triage 0.39: оборот 15 700 KZT, PageRank 0.000288, кластер 270 уз.",1,0,15700.0,0.0,0.0002880241332638214,0.0,3,False,False
100000008634520100,terminal,0.75,10,0.4189047123777574,"Конечный в выборке: получил 90 000 KZT в 1 переводах; исходящих переводов 0. Triage 0.42: оборот 90 000 KZT, PageRank 0.000298, кластер 56 уз.",1,0,90000.0,0.0,0.0002984764820521453,0.0,3,False,False
100000002103448100,terminal,0.75,1,0.40354303006991815,"Конечный в выборке: получил 27 000 KZT в 1 переводах; исходящих переводов 0. Triage 0.40: оборот 27 000 KZT, PageRank 0.000290, кластер 270 уз.",1,0,27000.0,0.0,0.00028978438844204927,0.0,3,False,False
100000005996909100,terminal,0.75,15,0.3663362473613033,"Конечный в выборке: получил 5 500 KZT в 1 переводах; исходящих переводов 0. Triage 0.37: оборот 5 500 KZT, PageRank 0.000316, кластер 41 уз.",1,0,5500.0,0.0,0.00031614148966768144,0.0,3,False,False
100000007392365100,peripheral,0.5,40,0.42397420927324675,"Периферийный: получил 9 613 KZT, отправил 1 765 600 KZT; связей вход/выход 1/6. Активен 9 дн. Triage 0.42: оборот 1 775 213 KZT, PageRank 0.000286, кластер 7 уз.",1,6,9613.0,1765600.0,0.0002861190107333304,183.66794965151357,3,False,False
100000008279405100,terminal,0.75,3,0.44212437317990555,"Конечный в выборке: получил 234 738 KZT в 2 переводах; исходящих переводов 0. Triage 0.44: оборот 234 738 KZT, PageRank 0.000333, кластер 126 уз.",1,0,234738.0,0.0,0.00033321880736566367,0.0,3,False,False
100000008343874100,transit,0.7875347713585688,3,0.6192932021294448,"Транзит: вход 283 535 KZT, выход 176 400 KZT; отношение 62% к наблюдаемому входу. AML: IN/OUT близко. Triage 0.62: PR 0.000308, кластер 126 уз.",2,2,283535.0,176400.0,0.0003076200449644317,0.6221454141464017,3,False,False
100000002548759100,terminal,0.75,7,0.46303963655419217,"Конечный в выборке: получил 375 000 KZT в 2 переводах; исходящих переводов 0. Triage 0.46: оборот 375 000 KZT, PageRank 0.000309, кластер 104 уз.",2,0,375000.0,0.0,0.0003085834457264064,0.0,3,False,False
100000003069463100,peripheral,0.5,26,0.42886331637467884,"Периферийный: получил 11 500 KZT, отправил 17 920 KZT; связей вход/выход 1/1. Triage 0.43: оборот 29 420 KZT, PageRank 0.000288, кластер 15 уз.",1,1,11500.0,17920.0,0.0002884521813401361,1.5582608695652174,3,False,False
100000008474391100,terminal,0.75,22,0.3894445260728044,"Конечный в выборке: получил 20 000 KZT в 1 переводах; исходящих переводов 0. Triage 0.39: оборот 20 000 KZT, PageRank 0.000407, кластер 18 уз.",1,0,20000.0,0.0,0.00040723500004931395,0.0,3,False,False
100000003097324100,terminal,0.75,17,0.4508308108087913,"Конечный в выборке: получил 294 000 KZT в 2 переводах; исходящих переводов 0. Triage 0.45: оборот 294 000 KZT, PageRank 0.000326, кластер 30 уз.",2,0,294000.0,0.0,0.00032598913344164673,0.0,3,False,False
100000001852140100,terminal,0.75,59,0.40102051898080554,"Конечный в выборке: получил 30 000 KZT в 1 переводах; исходящих переводов 0. AML-сигналы: money island. Triage 0.40: оборот 30 000 KZT, PageRank 0.000803, кластер 4 уз.",1,0,30000.0,0.0,0.0008026201768692232,0.0,3,False,False
100000003293377100,terminal,0.75,4,0.41551170468907717,"Конечный в выборке: получил 50 000 KZT в 1 переводах; исходящих переводов 0. Triage 0.42: оборот 50 000 KZT, PageRank 0.000287, кластер 126 уз.",1,0,50000.0,0.0,0.0002871942241594432,0.0,3,False,False
100000006048193100,terminal,0.75,0,0.41560446717833743,"Конечный в выборке: получил 41 559 KZT в 1 переводах; исходящих переводов 0. Triage 0.42: оборот 41 559 KZT, PageRank 0.000296, кластер 277 уз.",1,0,41559.0,0.0,0.0002963895057029093,0.0,3,False,False
100000002435265100,terminal,0.75,0,0.4357650727354475,"Конечный в выборке: получил 132 628 KZT в 3 переводах; исходящих переводов 0. Triage 0.44: оборот 132 628 KZT, PageRank 0.000293, кластер 277 уз.",1,0,132628.0,0.0,0.00029303617942148943,0.0,3,False,False
100000004587414100,terminal,0.75,4,0.46905206079295747,"Конечный в выборке: получил 533 603 KZT в 2 переводах; исходящих переводов 0. Triage 0.47: оборот 533 603 KZT, PageRank 0.000315, кластер 126 уз.",2,0,533603.0,0.0,0.0003148087574748567,0.0,3,False,False
100000001726614100,terminal,0.75,0,0.43743938870945576,"Конечный в выборке: получил 138 717 KZT в 1 переводах; исходящих переводов 0. Triage 0.44: оборот 138 717 KZT, PageRank 0.000298, кластер 277 уз.",1,0,138717.0,0.0,0.00029785286088514836,0.0,3,False,False
100000003934614100,transit,0.8029411764705883,34,0.5612603753426061,"Транзит: вход 17 000 KZT, выход 11 500 KZT; отношение 68% к наблюдаемому входу. AML: IN/OUT близко, структ. цикл. Triage 0.56: PR 0.000313, кластер 10 уз.",2,1,17000.0,11500.0,0.00031340239670808647,0.6764705882352942,3,False,False
100000008772246100,terminal,0.75,1,0.41241931792460285,"Конечный в выборке: получил 44 500 KZT в 1 переводах; исходящих переводов 0. Triage 0.41: оборот 44 500 KZT, PageRank 0.000293, кластер 270 уз.",1,0,44500.0,0.0,0.00029251044734638433,0.0,3,False,False
100000002603371100,terminal,0.75,0,0.38900301264681686,"Конечный в выборке: получил 9 300 KZT в 1 переводах; исходящих переводов 0. Triage 0.39: оборот 9 300 KZT, PageRank 0.000289, кластер 277 уз.",1,0,9300.0,0.0,0.00028937833635501146,0.0,3,False,False
100000004445291100,terminal,0.75,25,0.37812984443304776,"Конечный в выборке: получил 19 500 KZT в 2 переводах; исходящих переводов 0. Triage 0.38: оборот 19 500 KZT, PageRank 0.000319, кластер 15 уз.",1,0,19500.0,0.0,0.0003191697286042543,0.0,3,False,False
100000008571243100,terminal,0.75,8,0.42279716005473744,"Конечный в выборке: получил 134 000 KZT в 1 переводах; исходящих переводов 0. Triage 0.42: оборот 134 000 KZT, PageRank 0.000306, кластер 61 уз.",1,0,134000.0,0.0,0.0003062430028984821,0.0,3,False,False
100000001138283100,transit,0.7837993597476609,3,0.6001599388190882,"Транзит: вход 81 805 KZT, выход 50 000 KZT; отношение 61% к наблюдаемому входу. AML: IN/OUT близко, структ. цикл. Triage 0.60: PR 0.000302, кластер 126 уз.",1,2,81805.0,50000.0,0.0003021808847930106,0.6112095837662734,3,False,False
100000002593344100,terminal,0.75,7,0.46847377530866996,"Конечный в выборке: получил 431 000 KZT в 2 переводах; исходящих переводов 0. Triage 0.47: оборот 431 000 KZT, PageRank 0.000359, кластер 104 уз.",2,0,431000.0,0.0,0.00035887923732416313,0.0,3,False,False
100000007390016100,transit,0.8034246575342465,71,0.7256142089622429,"Транзит: вход 511 000 KZT, выход 346 500 KZT; отношение 68% к наблюдаемому входу. AML: IN/OUT близко, структ. цикл. Triage 0.73: PR 0.001949, кластер 2 уз.",1,1,511000.0,346500.0,0.0019485011073698212,0.678082191780822,3,False,False
100000001285440100,terminal,0.75,17,0.447170045049569,"Конечный в выборке: получил 243 000 KZT в 2 переводах; исходящих переводов 0. Triage 0.45: оборот 243 000 KZT, PageRank 0.000320, кластер 30 уз.",2,0,243000.0,0.0,0.0003203285486323013,0.0,3,False,False
100000006746688100,terminal,0.75,1,0.41095818091986297,"Конечный в выборке: получил 41 000 KZT в 1 переводах; исходящих переводов 0. Triage 0.41: оборот 41 000 KZT, PageRank 0.000292, кластер 270 уз.",1,0,41000.0,0.0,0.00029196523556551733,0.0,3,False,False
100000006471232100,terminal,0.75,1,0.4113026243690727,"Конечный в выборке: получил 41 800 KZT в 1 переводах; исходящих переводов 0. Triage 0.41: оборот 41 800 KZT, PageRank 0.000292, кластер 270 уз.",1,0,41800.0,0.0,0.00029208985540114406,0.0,3,False,False
100000008662805100,terminal,0.75,1,0.3948572460215659,"Конечный в выборке: получил 16 500 KZT в 1 переводах; исходящих переводов 0. Triage 0.39: оборот 16 500 KZT, PageRank 0.000288, кластер 270 уз.",1,0,16500.0,0.0,0.0002881487530994482,0.0,3,False,False
100000004292885100,terminal,0.75,1,0.42925956162654844,"Конечный в выборке: получил 112 700 KZT в 1 переводах; исходящих переводов 0. Triage 0.43: оборот 112 700 KZT, PageRank 0.000303, кластер 270 уз.",1,0,112700.0,0.0,0.00030313428833356453,0.0,3,False,False
100000008190442100,terminal,0.75,1,0.3906672348290405,"Конечный в выборке: получил 13 000 KZT в 1 переводах; исходящих переводов 0. Triage 0.39: оборот 13 000 KZT, PageRank 0.000288, кластер 270 уз.",1,0,13000.0,0.0,0.00028760354131858115,0.0,3,False,False
100000007131370100,transit,0.8999999999999999,15,0.629902717802895,"Транзит: получил 30 000 KZT, отправил 30 000 KZT; исходящий оборот — 100% наблюдаемого входящего. AML-сигналы: структурный цикл. Triage 0.63: оборот 60 000 KZT, PageRank 0.000897, кластер 41 уз.",1,1,30000.0,30000.0,0.0008972019521103416,1.0,3,False,False
100000008717802100,terminal,0.75,1,0.40297729436112545,"Конечный в выборке: получил 26 150 KZT в 1 переводах; исходящих переводов 0. Triage 0.40: оборот 26 150 KZT, PageRank 0.000290, кластер 270 уз.",1,0,26150.0,0.0,0.00028965197986669585,0.0,3,False,False
100000005357034100,terminal,0.75,0,0.38965327743990696,"Конечный в выборке: получил 9 754 KZT в 1 переводах; исходящих переводов 0. Triage 0.39: оборот 9 754 KZT, PageRank 0.000286, кластер 277 уз.",1,0,9754.0,0.0,0.00028612693920372043,0.0,3,False,False
100000005532138100,terminal,0.75,6,0.39985610828788204,"Конечный в выборке: получил 25 046 KZT в 1 переводах; исходящих переводов 0. Triage 0.40: оборот 25 046 KZT, PageRank 0.000294, кластер 106 уз.",1,0,25046.0,0.0,0.00029378699456463956,0.0,3,False,False
100000005264874100,peripheral,0.5,37,0.41519122310511897,"Периферийный: получил 30 000 KZT, отправил 78 000 KZT; связей вход/выход 1/2. AML-сигналы: структурный цикл. Triage 0.42: оборот 108 000 KZT, PageRank 0.000428, кластер 8 уз.",1,2,30000.0,78000.0,0.0004280080517662478,2.6,3,False,False
100000008193258100,peripheral,0.5,16,0.425069333990631,"Периферийный: получил 75 000 KZT, отправил 30 000 KZT; связей вход/выход 1/1. Triage 0.43: оборот 105 000 KZT, PageRank 0.000297, кластер 41 уз.",1,1,75000.0,30000.0,0.0002973608499940489,0.4,3,False,False
100000003190207100,peripheral,0.5,20,0.4125450489036128,"Периферийный: получил 5 000 KZT, отправил 377 000 KZT; связей вход/выход 1/1. Активен 8 дн. Triage 0.41: оборот 382 000 KZT, PageRank 0.000299, кластер 26 уз.",1,1,5000.0,377000.0,0.0002991158650395706,75.4,3,False,False
100000004321983100,peripheral,0.5,27,0.41025756722883083,"Периферийный: получил 10 840 KZT, отправил 36 200 KZT; связей вход/выход 1/2. Активен 3 дн. AML-сигналы: структурный цикл. Triage 0.41: оборот 47 040 KZT, PageRank 0.000326, кластер 15 уз.",1,2,10840.0,36200.0,0.0003263724704398495,3.339483394833948,3,False,False
100000002633108100,terminal,0.75,14,0.44365802411846333,"Конечный в выборке: получил 320 000 KZT в 3 переводах; исходящих переводов 0. Triage 0.44: оборот 320 000 KZT, PageRank 0.000376, кластер 44 уз.",1,0,320000.0,0.0,0.00037620654539869563,0.0,3,False,False
100000005941908100,terminal,0.75,14,0.4020540699594321,"Конечный в выборке: получил 10 000 KZT в 1 переводах; исходящих переводов 0. Triage 0.40: оборот 10 000 KZT, PageRank 0.000691, кластер 44 уз.",1,0,10000.0,0.0,0.0006911637482099238,0.0,3,False,False
100000001835625100,terminal,0.75,4,0.4235320551316314,"Конечный в выборке: получил 75 130 KZT в 1 переводах; исходящих переводов 0. Triage 0.42: оборот 75 130 KZT, PageRank 0.000288, кластер 126 уз.",1,0,75130.0,0.0,0.000288006302707783,0.0,3,False,False
100000008671081100,terminal,0.75,1,0.4092266345209541,"Конечный в выборке: получил 37 200 KZT в 1 переводах; исходящих переводов 0. Triage 0.41: оборот 37 200 KZT, PageRank 0.000291, кластер 270 уз.",1,0,37200.0,0.0,0.0002913732913462903,0.0,3,False,False
100000002908521100,terminal,0.75,1,0.41241931792460285,"Конечный в выборке: получил 44 500 KZT в 1 переводах; исходящих переводов 0. Triage 0.41: оборот 44 500 KZT, PageRank 0.000293, кластер 270 уз.",1,0,44500.0,0.0,0.00029251044734638433,0.0,3,False,False
100000000749118100,peripheral,0.5,0,0.44558726615671335,"Периферийный: получил 10 330 KZT, отправил 16 500 KZT; связей вход/выход 1/1. Triage 0.45: оборот 26 830 KZT, PageRank 0.000286, кластер 277 уз.",1,1,10330.0,16500.0,0.00028615932784871803,1.5972894482090998,3,False,False
100000008652094100,terminal,0.75,0,0.41205667896278536,"Конечный в выборке: получил 35 000 KZT в 1 переводах; исходящих переводов 0. Triage 0.41: оборот 35 000 KZT, PageRank 0.000288, кластер 277 уз.",1,0,35000.0,0.0,0.00028754652901554227,0.0,3,False,False
100000007647294100,terminal,0.75,35,0.44522063565844006,"Конечный в выборке: получил 385 000 KZT в 1 переводах; исходящих переводов 0. Triage 0.45: оборот 385 000 KZT, PageRank 0.000578, кластер 9 уз.",1,0,385000.0,0.0,0.0005778999703644223,0.0,3,False,False
100000003270419100,terminal,0.75,13,0.45510063707126835,"Конечный в выборке: получил 150 000 KZT в 1 переводах; исходящих переводов 0. Triage 0.46: оборот 150 000 KZT, PageRank 0.000831, кластер 50 уз.",1,0,150000.0,0.0,0.0008313743229777025,0.0,3,False,False
100000003050771100,terminal,0.75,13,0.4349048250885412,"Конечный в выборке: получил 229 000 KZT в 1 переводах; исходящих переводов 0. Triage 0.43: оборот 229 000 KZT, PageRank 0.000370, кластер 50 уз.",1,0,229000.0,0.0,0.00037017410204528127,0.0,3,False,False
100000008427027100,terminal,0.75,2,0.4606854936744874,"Конечный в выборке: получил 300 000 KZT в 1 переводах; исходящих переводов 0. Triage 0.46: оборот 300 000 KZT, PageRank 0.000551, кластер 148 уз.",1,0,300000.0,0.0,0.0005509026493922178,0.0,3,False,False
100000004291560100,terminal,0.75,0,0.41732743858688076,"Конечный в выборке: получил 47 190 KZT в 1 переводах; исходящих переводов 0. Triage 0.42: оборот 47 190 KZT, PageRank 0.000288, кластер 277 уз.",1,0,47190.0,0.0,0.00028823197620741857,0.0,3,False,False
100000003594472100,terminal,0.75,31,0.38095263457611495,"Конечный в выборке: получил 20 000 KZT в 1 переводах; исходящих переводов 0. Triage 0.38: оборот 20 000 KZT, PageRank 0.000294, кластер 11 уз.",1,0,20000.0,0.0,0.0002944301018127029,0.0,3,False,False
100000002575080100,transit,0.8889162097551241,15,0.6300697933794965,"Транзит: вход 13 000 KZT, выход 12 500 KZT; отношение 96% к наблюдаемому входу. AML: IN/OUT близко. Triage 0.63: PR 0.000551, кластер 41 уз.",1,1,13000.0,12500.0,0.000550615311675281,0.9615384615384616,3,False,False
100000008038077100,terminal,0.75,4,0.485477830075516,"Конечный в выборке: получил 499 850 KZT в 2 переводах; исходящих переводов 0. Triage 0.49: оборот 499 850 KZT, PageRank 0.000302, кластер 126 уз.",1,0,499850.0,0.0,0.0003017311734221036,0.0,3,False,False
100000003899325100,terminal,0.75,3,0.41295924301641546,"Конечный в выборке: получил 50 120 KZT в 1 переводах; исходящих переводов 0. Triage 0.41: оборот 50 120 KZT, PageRank 0.000297, кластер 126 уз.",1,0,50120.0,0.0,0.0002966235332326459,0.0,3,False,False
100000001155773100,terminal,0.75,1,0.39951959703626655,"Конечный в выборке: получил 21 500 KZT в 1 переводах; исходящих переводов 0. Triage 0.40: оборот 21 500 KZT, PageRank 0.000289, кластер 270 уз.",1,0,21500.0,0.0,0.00028892762707211534,0.0,3,False,False
100000000611474100,terminal,0.75,22,0.4088786110546546,"Конечный в выборке: получил 32 000 KZT в 1 переводах; исходящих переводов 0. Triage 0.41: оборот 32 000 KZT, PageRank 0.000595, кластер 18 уз.",1,0,32000.0,0.0,0.0005951639542037977,0.0,3,False,False
100000006704530100,transit,0.8863669951044033,26,0.6537666281087462,"Транзит: получил 450 500 KZT, отправил 428 000 KZT; исходящий оборот — 95% наблюдаемого входящего. Активен 5 дн. Triage 0.65: оборот 878 500 KZT, PageRank 0.000398, кластер 15 уз.",1,3,450500.0,428000.0,0.0003981530267196967,0.9500554938956715,3,False,False
100000003996562100,terminal,0.75,0,0.38812455502354976,"Конечный в выборке: получил 7 700 KZT в 1 переводах; исходящих переводов 0. Triage 0.39: оборот 7 700 KZT, PageRank 0.000330, кластер 277 уз.",1,0,7700.0,0.0,0.0003297599539152793,0.0,3,False,False
100000002646887100,terminal,0.75,10,0.39591332762265236,"Конечный в выборке: получил 24 354 KZT в 1 переводах; исходящих переводов 0. Triage 0.40: оборот 24 354 KZT, PageRank 0.000295, кластер 56 уз.",1,0,24354.0,0.0,0.00029518350004972414,0.0,3,False,False
100000002556775100,terminal,0.75,4,0.455903538438976,"Конечный в выборке: получил 300 000 KZT в 1 переводах; исходящих переводов 0. Triage 0.46: оборот 300 000 KZT, PageRank 0.000295, кластер 126 уз.",1,0,300000.0,0.0,0.0002952730000084264,0.0,3,False,False
100000002722108100,terminal,0.75,12,0.45824113475230827,"Конечный в выборке: получил 800 000 KZT в 2 переводах; исходящих переводов 0. Triage 0.46: оборот 800 000 KZT, PageRank 0.000324, кластер 51 уз.",1,0,800000.0,0.0,0.00032361642250800367,0.0,3,False,False
100000002737980100,terminal,0.75,5,0.4058690862756004,"Конечный в выборке: получил 32 900 KZT в 1 переводах; исходящих переводов 0. Triage 0.41: оборот 32 900 KZT, PageRank 0.000295, кластер 125 уз.",1,0,32900.0,0.0,0.00029542086498033775,0.0,3,False,False
100000002913340100,terminal,0.75,1,0.40116430971128103,"Конечный в выборке: получил 23 600 KZT в 1 переводах; исходящих переводов 0. Triage 0.40: оборот 23 600 KZT, PageRank 0.000289, кластер 270 уз.",1,0,23600.0,0.0,0.0002892547541406356,0.0,3,False,False
100000003610172100,terminal,0.75,4,0.422111029571003,"Конечный в выборке: получил 70 000 KZT в 1 переводах; исходящих переводов 0. Triage 0.42: оборот 70 000 KZT, PageRank 0.000288, кластер 126 уз.",1,0,70000.0,0.0,0.00028784052622736185,0.0,3,False,False
100000001052945100,peripheral,0.5,57,0.41419824591020343,"Периферийный: получил 56 520 KZT, отправил 1 595 700 KZT; связей вход/выход 1/3. Triage 0.41: оборот 1 652 220 KZT, PageRank 0.000302, кластер 4 уз.",1,3,56520.0,1595700.0,0.0003015856529853948,28.23248407643312,3,False,False
100000002369510100,terminal,0.75,1,0.40920271386986146,"Конечный в выборке: получил 37 150 KZT в 1 переводах; исходящих переводов 0. Triage 0.41: оборот 37 150 KZT, PageRank 0.000291, кластер 270 уз.",1,0,37150.0,0.0,0.0002913655026065636,0.0,3,False,False
100000001954534100,peripheral,0.5,0,0.4222250442589862,"Периферийный: получил 13 000 KZT, отправил 40 000 KZT; связей вход/выход 1/1. Triage 0.42: оборот 53 000 KZT, PageRank 0.000367, кластер 277 уз.",1,1,13000.0,40000.0,0.0003667317985331899,3.076923076923077,3,False,False
100000008488166100,terminal,0.75,1,0.3759130986011036,"Конечный в выборке: получил 5 600 KZT в 1 переводах; исходящих переводов 0. Triage 0.38: оборот 5 600 KZT, PageRank 0.000286, кластер 270 уз.",1,0,5600.0,0.0,0.0002864508078390338,0.0,3,False,False
100000005100475100,terminal,0.75,6,0.4106459958820298,"Конечный в выборке: получил 40 000 KZT в 1 переводах; исходящих переводов 0. Triage 0.41: оборот 40 000 KZT, PageRank 0.000338, кластер 106 уз.",1,0,40000.0,0.0,0.0003376981016831308,0.0,3,False,False
100000002708624100,terminal,0.75,25,0.38302917164230355,"Конечный в выборке: получил 25 000 KZT в 1 переводах; исходящих переводов 0. Triage 0.38: оборот 25 000 KZT, PageRank 0.000329, кластер 15 уз.",1,0,25000.0,0.0,0.0003286441864442719,0.0,3,False,False
100000004591973100,peripheral,0.5,11,0.39154704011755315,"Периферийный: получил 10 000 KZT, отправил 100 000 KZT; связей вход/выход 1/1. Triage 0.39: оборот 110 000 KZT, PageRank 0.000399, кластер 55 уз.",1,1,10000.0,100000.0,0.0003988778336560424,10.0,3,False,False
100000000802149100,terminal,0.75,0,0.4320539762472301,"Конечный в выборке: получил 104 128 KZT в 1 переводах; исходящих переводов 0. Triage 0.43: оборот 104 128 KZT, PageRank 0.000295, кластер 277 уз.",1,0,104128.0,0.0,0.0002947922486943317,0.0,3,False,False
100000003095610100,terminal,0.75,8,0.391851682355426,"Конечный в выборке: получил 23 665 KZT в 1 переводах; исходящих переводов 0. Triage 0.39: оборот 23 665 KZT, PageRank 0.000294, кластер 61 уз.",1,0,23665.0,0.0,0.00029438186280796567,0.0,3,False,False
100000004183610100,peripheral,0.5,13,0.4349275637111602,"Периферийный: получил 22 000 KZT, отправил 915 000 KZT; связей вход/выход 1/1. Активен 4 дн. Triage 0.43: оборот 937 000 KZT, PageRank 0.000341, кластер 50 уз.",1,1,22000.0,915000.0,0.000340666754575606,41.59090909090909,3,False,False
100000005198906100,peripheral,0.5,4,0.44258002187578543,"Периферийный: получил 227 970 KZT, отправил 60 000 KZT; связей вход/выход 1/1. Triage 0.44: оборот 287 970 KZT, PageRank 0.000293, кластер 126 уз.",1,1,227970.0,60000.0,0.00029294534311081734,0.26319252533228055,3,False,False
100000008599354100,peripheral,0.5,0,0.43022197422786734,"Периферийный: получил 177 000 KZT, отправил 38 200 KZT; связей вход/выход 1/1. Triage 0.43: оборот 215 200 KZT, PageRank 0.000332, кластер 277 уз.",1,1,177000.0,38200.0,0.00033162273132145213,0.21581920903954802,3,False,False
100000001303311100,terminal,0.75,17,0.489046560458244,"Конечный в выборке: получил 1 324 000 KZT в 5 переводах; исходящих переводов 0. Активен 2 дн. Triage 0.49: оборот 1 324 000 KZT, PageRank 0.000501, кластер 30 уз.",5,0,1324000.0,0.0,0.0005014386965656175,0.0,3,False,False
100000008776420100,terminal,0.75,1,0.42042709718524973,"Конечный в выборке: получил 69 500 KZT в 1 переводах; исходящих переводов 0. Triage 0.42: оборот 69 500 KZT, PageRank 0.000296, кластер 270 уз.",1,0,69500.0,0.0,0.0002964048172097202,0.0,3,False,False
100000004737764100,terminal,0.75,2,0.48024277619219935,"Конечный в выборке: получил 600 000 KZT в 1 переводах; исходящих переводов 0. Triage 0.48: оборот 600 000 KZT, PageRank 0.000676, кластер 148 уз.",1,0,600000.0,0.0,0.0006758138696348437,0.0,3,False,False
100000003154105100,peripheral,0.5,21,0.460869864911135,"Периферийный: получил 60 000 KZT, отправил 338 000 KZT; связей вход/выход 1/7. Активен 6 дн. Triage 0.46: оборот 398 000 KZT, PageRank 0.000550, кластер 20 уз.",1,7,60000.0,338000.0,0.0005500271464511095,5.633333333333334,3,False,False
100000008708025100,terminal,0.75,28,0.36779530812972266,"Конечный в выборке: получил 10 000 KZT в 1 переводах; исходящих переводов 0. Triage 0.37: оборот 10 000 KZT, PageRank 0.000309, кластер 14 уз.",1,0,10000.0,0.0,0.0003091981621336873,0.0,3,False,False
100000008740793100,terminal,0.75,1,0.39910460619740723,"Конечный в выборке: получил 21 000 KZT в 1 переводах; исходящих переводов 0. Triage 0.40: оборот 21 000 KZT, PageRank 0.000289, кластер 270 уз.",1,0,21000.0,0.0,0.00028884973967484865,0.0,3,False,False
100000008459449100,terminal,0.75,0,0.42028527713289443,"Конечный в выборке: получил 53 700 KZT в 1 переводах; исходящих переводов 0. Triage 0.42: оборот 53 700 KZT, PageRank 0.000300, кластер 277 уз.",1,0,53700.0,0.0,0.00029954782993438076,0.0,3,False,False
100000008677518100,terminal,0.75,1,0.4140312446167508,"Конечный в выборке: получил 48 700 KZT в 1 переводах; исходящих переводов 0. Triage 0.41: оборот 48 700 KZT, PageRank 0.000293, кластер 270 уз.",1,0,48700.0,0.0,0.0002931647014834248,0.0,3,False,False
100000002212494100,terminal,0.75,31,0.42092099993355686,"Конечный в выборке: получил 160 000 KZT в 1 переводах; исходящих переводов 0. Triage 0.42: оборот 160 000 KZT, PageRank 0.000356, кластер 11 уз.",1,0,160000.0,0.0,0.00035639153157409747,0.0,3,False,False
100000001825934100,peripheral,0.5,37,0.42587114913371454,"Периферийный: получил 40 000 KZT, отправил 97 000 KZT; связей вход/выход 1/1. Triage 0.43: оборот 137 000 KZT, PageRank 0.000475, кластер 8 уз.",1,1,40000.0,97000.0,0.00047548457935844824,2.425,3,False,False
100000003736419100,peripheral,0.5,0,0.46430479463818214,"Периферийный: получил 23 300 KZT, отправил 10 000 KZT; связей вход/выход 1/1. Triage 0.46: оборот 33 300 KZT, PageRank 0.000292, кластер 277 уз.",1,1,23300.0,10000.0,0.0002916396628446243,0.4291845493562232,3,False,False
100000008430691100,peripheral,0.5,70,0.4227606459767519,"Периферийный: получил 20 000 KZT, отправил 604 900 KZT; связей вход/выход 1/2. Активен 2 дн. AML-сигналы: структурный цикл. Triage 0.42: оборот 624 900 KZT, PageRank 0.000307, кластер 2 уз.",1,2,20000.0,604900.0,0.00030694318663036205,30.245,3,False,False
100000003073635100,terminal,0.75,3,0.4303969963777829,"Конечный в выборке: получил 129 231 KZT в 1 переводах; исходящих переводов 0. Triage 0.43: оборот 129 231 KZT, PageRank 0.000312, кластер 126 уз.",1,0,129231.0,0.0,0.000311806044280699,0.0,3,False,False
100000001686328100,terminal,0.75,7,0.4320620780005816,"Конечный в выборке: получил 140 000 KZT в 1 переводах; исходящих переводов 0. Triage 0.43: оборот 140 000 KZT, PageRank 0.000315, кластер 104 уз.",1,0,140000.0,0.0,0.0003150260163021849,0.0,3,False,False
100000008707810100,terminal,0.75,1,0.40301107152053756,"Конечный в выборке: получил 26 200 KZT в 1 переводах; исходящих переводов 0. Triage 0.40: оборот 26 200 KZT, PageRank 0.000290, кластер 270 уз.",1,0,26200.0,0.0,0.0002896597686064225,0.0,3,False,False
100000001236706100,peripheral,0.5,13,0.4596946075281495,"Периферийный: получил 142 700 KZT, отправил 36 000 KZT; связей вход/выход 3/2. Активен 4 дн. Triage 0.46: оборот 178 700 KZT, PageRank 0.000765, кластер 50 уз.",3,2,142700.0,36000.0,0.0007654062009813758,0.25227750525578135,3,False,False
100000008536546100,terminal,0.75,17,0.4474796816756758,"Конечный в выборке: получил 250 000 KZT в 2 переводах; исходящих переводов 0. Triage 0.45: оборот 250 000 KZT, PageRank 0.000317, кластер 30 уз.",2,0,250000.0,0.0,0.0003172224668177669,0.0,3,False,False
100000007140834100,terminal,0.75,6,0.4091667992096225,"Конечный в выборке: получил 10 200 KZT в 2 переводах; исходящих переводов 0. Triage 0.41: оборот 10 200 KZT, PageRank 0.000711, кластер 106 уз.",1,0,10200.0,0.0,0.0007114515595190163,0.0,3,False,False
100000007022818100,terminal,0.75,1,0.39558830414733437,"Конечный в выборке: получил 17 200 KZT в 1 переводах; исходящих переводов 0. Triage 0.40: оборот 17 200 KZT, PageRank 0.000288, кластер 270 уз.",1,0,17200.0,0.0,0.0002882577954556216,0.0,3,False,False
100000007484343100,terminal,0.75,0,0.4216388539000716,"Конечный в выборке: получил 26 757 KZT в 2 переводах; исходящих переводов 0. Triage 0.42: оборот 26 757 KZT, PageRank 0.000289, кластер 277 уз.",2,0,26757.0,0.0,0.00028913371333993374,0.0,3,False,False
100000001379511100,terminal,0.75,10,0.4108422931292855,"Конечный в выборке: получил 55 000 KZT в 1 переводах; исходящих переводов 0. Triage 0.41: оборот 55 000 KZT, PageRank 0.000307, кластер 56 уз.",1,0,55000.0,0.0,0.0003072700477161091,0.0,3,False,False
100000004569484100,peripheral,0.5,8,0.507946453929646,"Периферийный: получил 98 312 KZT, отправил 156 000 KZT; связей вход/выход 2/4. Активен 6 дн. AML-сигналы: структурный цикл. Triage 0.51: оборот 254 312 KZT, PageRank 0.000319, кластер 61 уз.",2,4,98312.0,156000.0,0.0003193541180827315,1.586784929611848,3,False,False
100000002948492100,terminal,0.75,14,0.39321887779166725,"Конечный в выборке: получил 23 660 KZT в 1 переводах; исходящих переводов 0. Triage 0.39: оборот 23 660 KZT, PageRank 0.000292, кластер 44 уз.",1,0,23660.0,0.0,0.0002922792823891406,0.0,3,False,False
100000002116705100,terminal,0.75,1,0.395992925507265,"Конечный в выборке: получил 17 600 KZT в 1 переводах; исходящих переводов 0. Triage 0.40: оборот 17 600 KZT, PageRank 0.000288, кластер 270 уз.",1,0,17600.0,0.0,0.00028832010537343497,0.0,3,False,False
100000002481974100,peripheral,0.5,3,0.4703166347982489,"Периферийный: получил 89 447 KZT, отправил 318 000 KZT; связей вход/выход 2/2. Активен 5 дн. Triage 0.47: оборот 407 447 KZT, PageRank 0.000332, кластер 126 уз.",2,2,89447.0,318000.0,0.00033160157709674225,3.5551779265934016,3,False,False
100000003920950100,terminal,0.75,6,0.4503083591116801,"Конечный в выборке: получил 323 290 KZT в 1 переводах; исходящих переводов 0. Triage 0.45: оборот 323 290 KZT, PageRank 0.000392, кластер 106 уз.",1,0,323290.0,0.0,0.0003915328821949289,0.0,3,False,False
100000000733451100,peripheral,0.5,13,0.44733692296530503,"Периферийный: получил 70 000 KZT, отправил 300 000 KZT; связей вход/выход 1/1. Triage 0.45: оборот 370 000 KZT, PageRank 0.000540, кластер 50 уз.",1,1,70000.0,300000.0,0.0005402832008507393,4.285714285714286,3,False,False
100000005182219100,terminal,0.75,4,0.4204760424207963,"Конечный в выборке: получил 55 000 KZT в 2 переводах; исходящих переводов 0. Triage 0.42: оборот 55 000 KZT, PageRank 0.000354, кластер 126 уз.",2,0,55000.0,0.0,0.00035400426508781156,0.0,3,False,False
100000008633099100,transit,0.8084747276102747,6,0.5510631026411352,"Транзит: получил 19 468 KZT, отправил 13 500 KZT; исходящий оборот — 69% наблюдаемого входящего. Triage 0.55: оборот 32 968 KZT, PageRank 0.000292, кластер 106 уз.",1,1,19468.0,13500.0,0.00029195887208371203,0.6934456544072324,3,False,False
100000001380107100,terminal,0.75,55,0.3488703964787583,"Конечный в выборке: получил 6 000 KZT в 1 переводах; исходящих переводов 0. Triage 0.35: оборот 6 000 KZT, PageRank 0.000291, кластер 4 уз.",1,0,6000.0,0.0,0.00029094719495259883,0.0,3,False,False
100000008755168100,terminal,0.75,1,0.395992925507265,"Конечный в выборке: получил 17 600 KZT в 1 переводах; исходящих переводов 0. Triage 0.40: оборот 17 600 KZT, PageRank 0.000288, кластер 270 уз.",1,0,17600.0,0.0,0.00028832010537343497,0.0,3,False,False
100000002628576100,transit,0.8230334466252983,4,0.6832787656189911,"Транзит: вход 727 882 KZT, выход 539 000 KZT; отношение 74% к наблюдаемому входу. AML: IN/OUT близко. Triage 0.68: PR 0.000311, кластер 126 уз.",2,2,727882.0,539000.0,0.00031133126591346885,0.7405046422359668,3,False,False
100000001611488100,terminal,0.75,4,0.5134026462957003,"Конечный в выборке: получил 779 300 KZT в 3 переводах; исходящих переводов 0. Triage 0.51: оборот 779 300 KZT, PageRank 0.000876, кластер 126 уз.",2,0,779300.0,0.0,0.0008763229349755916,0.0,3,False,False
100000005375968100,peripheral,0.5,0,0.5005568433327316,"Периферийный: получил 170 082 KZT, отправил 86 000 KZT; связей вход/выход 1/2. Активен 4 дн. Triage 0.50: оборот 256 082 KZT, PageRank 0.000295, кластер 277 уз.",1,2,170082.0,86000.0,0.0002951422285703437,0.5056384567443939,3,False,False
100000003581109100,terminal,0.75,0,0.4155826018672233,"Конечный в выборке: получил 42 750 KZT в 1 переводах; исходящих переводов 0. Triage 0.42: оборот 42 750 KZT, PageRank 0.000288, кластер 277 уз.",1,0,42750.0,0.0,0.00028798231373556205,0.0,3,False,False
100000002933386100,peripheral,0.5,2,0.43151616207289056,"Периферийный: получил 15 000 KZT, отправил 58 000 KZT; связей вход/выход 1/1. Triage 0.43: оборот 73 000 KZT, PageRank 0.000652, кластер 148 уз.",1,1,15000.0,58000.0,0.0006521544677522419,3.8666666666666667,3,False,False
100000002284426100,terminal,0.75,4,0.427225316414435,"Конечный в выборке: получил 90 000 KZT в 2 переводах; исходящих переводов 0. Triage 0.43: оборот 90 000 KZT, PageRank 0.000288, кластер 126 уз.",1,0,90000.0,0.0,0.00028848682829528047,0.0,3,False,False
100000008579978100,peripheral,0.5,4,0.4848416682457829,"Периферийный: получил 34 000 KZT, отправил 77 000 KZT; связей вход/выход 1/1. Активен 3 дн. Triage 0.48: оборот 111 000 KZT, PageRank 0.000287, кластер 126 уз.",1,1,34000.0,77000.0,0.00028667718250510824,2.264705882352941,3,False,False
100000001549194100,terminal,0.75,14,0.40538840723958464,"Конечный в выборке: получил 46 500 KZT в 1 переводах; исходящих переводов 0. Triage 0.41: оборот 46 500 KZT, PageRank 0.000299, кластер 44 уз.",1,0,46500.0,0.0,0.0002987478613428365,0.0,3,False,False
100000001427082100,peripheral,0.5,21,0.394493230099245,"Периферийный: получил 5 000 KZT, отправил 124 900 KZT; связей вход/выход 1/5. Активен 7 дн. Triage 0.39: оборот 129 900 KZT, PageRank 0.000439, кластер 20 уз.",1,5,5000.0,124900.0,0.0004390232155553771,24.98,3,False,False
100000004657034100,terminal,0.75,4,0.4369602511826595,"Конечный в выборке: получил 141 250 KZT в 1 переводах; исходящих переводов 0. Triage 0.44: оборот 141 250 KZT, PageRank 0.000290, кластер 126 уз.",1,0,141250.0,0.0,0.0002901429773443221,0.0,3,False,False
100000003796063100,peripheral,0.5,4,0.5021507787684638,"peripheral: вход 35 000 KZT, выход 959 150 KZT. AML: fan-out, структ. цикл. Triage 0.50: PR 0.000685, кластер 126 уз.",1,15,35000.0,959150.0,0.0006845468921320937,27.404285714285713,3,False,False
100000005268319100,peripheral,0.5,0,0.4508395225139445,"Периферийный: получил 19 713 KZT, отправил 91 000 KZT; связей вход/выход 1/5. Активен 8 дн. AML-сигналы: структурный цикл. Triage 0.45: оборот 110 713 KZT, PageRank 0.000294, кластер 277 уз.",1,5,19712.8,91000.0,0.0002936328803229762,4.6162899232985675,3,False,False
100000008744799100,terminal,0.75,1,0.3901185326271177,"Конечный в выборке: получил 12 600 KZT в 1 переводах; исходящих переводов 0. Triage 0.39: оборот 12 600 KZT, PageRank 0.000288, кластер 270 уз.",1,0,12600.0,0.0,0.0002875412314007678,0.0,3,False,False
100000008677215100,terminal,0.75,22,0.36938169698242473,"Конечный в выборке: получил 9 000 KZT в 1 переводах; исходящих переводов 0. Triage 0.37: оборот 9 000 KZT, PageRank 0.000305, кластер 18 уз.",1,0,9000.0,0.0,0.0003045811572401663,0.0,3,False,False
100000007593823100,peripheral,0.5,0,0.4558974737204516,"peripheral: вход 25 000 KZT, выход 162 900 KZT. AML: fan-out, структ. цикл. Triage 0.46: PR 0.000291, кластер 277 уз.",3,13,25000.0,162900.0,0.00029058920883131965,6.516,3,False,False
100000001282143100,terminal,0.75,12,0.4902321075671682,"Конечный в выборке: получил 1 700 000 KZT в 6 переводах; исходящих переводов 0. Активен 3 дн. Triage 0.49: оборот 1 700 000 KZT, PageRank 0.000402, кластер 51 уз.",5,0,1700000.0,0.0,0.00040161658275473594,0.0,3,False,False
100000008029279100,terminal,0.75,3,0.393621890058425,"Конечный в выборке: получил 17 000 KZT в 1 переводах; исходящих переводов 0. Triage 0.39: оборот 17 000 KZT, PageRank 0.000289, кластер 126 уз.",1,0,17000.0,0.0,0.0002890286379115607,0.0,3,False,False
100000000594783100,peripheral,0.5,23,0.5753315579530239,"Периферийный: получил 2 635 000 KZT, отправил 152 500 KZT; связей вход/выход 1/2. Активен 8 дн. AML-сигналы: структурный цикл. Triage 0.58: оборот 2 787 500 KZT, PageRank 0.001464, кластер 17 уз.",1,2,2635000.0,152500.0,0.0014637515377935236,0.05787476280834915,3,False,False
100000002705460100,terminal,0.75,5,0.4400174822974882,"Конечный в выборке: получил 95 000 KZT в 1 переводах; исходящих переводов 0. Triage 0.44: оборот 95 000 KZT, PageRank 0.000557, кластер 125 уз.",1,0,95000.0,0.0,0.0005572459198105806,0.0,3,False,False
100000002952756100,terminal,0.75,9,0.4095802105127127,"Конечный в выборке: получил 47 000 KZT в 1 переводах; исходящих переводов 0. Triage 0.41: оборот 47 000 KZT, PageRank 0.000368, кластер 59 уз.",1,0,47000.0,0.0,0.000367618130222043,0.0,3,False,False
100000004634420100,terminal,0.75,1,0.40297729436112545,"Конечный в выборке: получил 26 150 KZT в 1 переводах; исходящих переводов 0. Triage 0.40: оборот 26 150 KZT, PageRank 0.000290, кластер 270 уз.",1,0,26150.0,0.0,0.00028965197986669585,0.0,3,False,False
100000000583220100,peripheral,0.5,67,0.40777342085431195,"Периферийный: получил 5 000 KZT, отправил 761 255 KZT; связей вход/выход 1/1. Активен 5 дн. Triage 0.41: оборот 766 255 KZT, PageRank 0.000298, кластер 2 уз.",1,1,5000.0,761255.0,0.00029809853389554643,152.251,3,False,False
100000003286537100,terminal,0.75,7,0.44695811570752014,"Конечный в выборке: получил 153 000 KZT в 2 переводах; исходящих переводов 0. Triage 0.45: оборот 153 000 KZT, PageRank 0.000301, кластер 104 уз.",2,0,153000.0,0.0,0.00030111043431478346,0.0,3,False,False
100000002958345100,terminal,0.75,12,0.4401365379785448,"Конечный в выборке: получил 307 000 KZT в 1 переводах; исходящих переводов 0. Triage 0.44: оборот 307 000 KZT, PageRank 0.000300, кластер 51 уз.",1,0,307000.0,0.0,0.0003001755336523161,0.0,3,False,False
100000005055454100,terminal,0.75,29,0.3712026761336134,"Конечный в выборке: получил 6 500 KZT в 1 переводах; исходящих переводов 0. Triage 0.37: оборот 6 500 KZT, PageRank 0.000505, кластер 13 уз.",1,0,6500.0,0.0,0.0005052831324216161,0.0,3,False,False
100000008738526100,peripheral,0.5,17,0.40007045004909436,"Периферийный: получил 15 000 KZT, отправил 140 000 KZT; связей вход/выход 1/1. Triage 0.40: оборот 155 000 KZT, PageRank 0.000287, кластер 30 уз.",1,1,15000.0,140000.0,0.00028745918060494707,9.333333333333334,3,False,False
100000001298099100,terminal,0.75,8,0.3879191746864024,"Конечный в выборке: получил 19 000 KZT в 1 переводах; исходящих переводов 0. Triage 0.39: оборот 19 000 KZT, PageRank 0.000293, кластер 61 уз.",1,0,19000.0,0.0,0.00029264648008400795,0.0,3,False,False
100000006491272100,terminal,0.75,1,0.40301107152053756,"Конечный в выборке: получил 26 200 KZT в 1 переводах; исходящих переводов 0. Triage 0.40: оборот 26 200 KZT, PageRank 0.000290, кластер 270 уз.",1,0,26200.0,0.0,0.0002896597686064225,0.0,3,False,False
100000000552584100,peripheral,0.5,23,0.5479691076348213,"Периферийный: получил 2 500 000 KZT, отправил 57 500 KZT; связей вход/выход 1/1. Активен 3 дн. AML-сигналы: структурный цикл. Triage 0.55: оборот 2 557 500 KZT, PageRank 0.001403, кластер 17 уз.",1,1,2500000.0,57500.0,0.0014033897297143876,0.023,3,False,False
100000005187208100,terminal,0.75,4,0.39325902141620583,"Конечный в выборке: получил 14 160 KZT в 1 переводах; исходящих переводов 0. Triage 0.39: оборот 14 160 KZT, PageRank 0.000312, кластер 126 уз.",1,0,14160.0,0.0,0.00031193806753249044,0.0,3,False,False
100000003528285100,peripheral,0.5,2,0.48171968282810695,"Периферийный: получил 118 870 KZT, отправил 548 000 KZT; связей вход/выход 4/4. Активен 9 дн. Triage 0.48: оборот 666 870 KZT, PageRank 0.000404, кластер 148 уз.",4,4,118870.0,548000.0,0.0004041365617295031,4.6100782367292,3,False,False
100000001484381100,terminal,0.75,8,0.42319371431083697,"Конечный в выборке: получил 95 585 KZT в 4 переводах; исходящих переводов 0. Triage 0.42: оборот 95 585 KZT, PageRank 0.000321, кластер 61 уз.",2,0,95585.0,0.0,0.00032124392725604997,0.0,3,False,False
100000002508637100,peripheral,0.5,3,0.4040510458831482,"Периферийный: получил 306 410 KZT, отправил 8 000 KZT; связей вход/выход 1/1. Triage 0.40: оборот 314 410 KZT, PageRank 0.000307, кластер 126 уз.",1,1,306410.0,8000.0,0.0003073667137219081,0.02610880845925394,3,False,False
100000003149149100,terminal,0.75,4,0.4503597264763555,"Конечный в выборке: получил 245 000 KZT в 1 переводах; исходящих переводов 0. Triage 0.45: оборот 245 000 KZT, PageRank 0.000293, кластер 126 уз.",1,0,245000.0,0.0,0.0002934956693216501,0.0,3,False,False
100000001538095100,terminal,0.75,12,0.4545000673347926,"Конечный в выборке: получил 280 000 KZT в 2 переводах; исходящих переводов 0. Triage 0.45: оборот 280 000 KZT, PageRank 0.000330, кластер 51 уз.",2,0,280000.0,0.0,0.0003300905809653785,0.0,3,False,False
100000008695133100,terminal,0.75,1,0.40894234014168274,"Конечный в выборке: получил 36 610 KZT в 1 переводах; исходящих переводов 0. Triage 0.41: оборот 36 610 KZT, PageRank 0.000291, кластер 270 уз.",1,0,36610.0,0.0,0.00029128138421751556,0.0,3,False,False
100000008749405100,terminal,0.75,1,0.40920271386986146,"Конечный в выборке: получил 37 150 KZT в 1 переводах; исходящих переводов 0. Triage 0.41: оборот 37 150 KZT, PageRank 0.000291, кластер 270 уз.",1,0,37150.0,0.0,0.0002913655026065636,0.0,3,False,False
100000005815602100,peripheral,0.5,5,0.42246034497840745,"Периферийный: получил 20 000 KZT, отправил 165 000 KZT; связей вход/выход 1/1. Triage 0.42: оборот 185 000 KZT, PageRank 0.000552, кластер 125 уз.",1,1,20000.0,165000.0,0.0005518423647946212,8.25,3,False,False
100000006641671100,transit,0.8595364870484239,3,0.628369381787497,"Транзит: вход 22 000 KZT, выход 25 000 KZT; отношение 114% к наблюдаемому входу. AML: IN/OUT близко. Triage 0.63: PR 0.000440, кластер 126 уз.",2,1,22000.0,25000.0,0.00043982071497324646,1.1363636363636365,3,False,False
100000002945031100,terminal,0.75,13,0.3826402237830984,"Конечный в выборке: получил 15 000 KZT в 1 переводах; исходящих переводов 0. Triage 0.38: оборот 15 000 KZT, PageRank 0.000291, кластер 50 уз.",1,0,15000.0,0.0,0.000291119667661413,0.0,3,False,False
100000003497735100,terminal,0.75,18,0.41986701929967946,"Конечный в выборке: получил 125 000 KZT в 1 переводах; исходящих переводов 0. Triage 0.42: оборот 125 000 KZT, PageRank 0.000307, кластер 30 уз.",1,0,125000.0,0.0,0.0003069188272301186,0.0,3,False,False
100000004644615100,peripheral,0.5,9,0.45200306186759287,"Периферийный: получил 50 810 KZT, отправил 379 665 KZT; связей вход/выход 1/2. Активен 12 дн. Triage 0.45: оборот 430 475 KZT, PageRank 0.000374, кластер 59 уз.",1,2,50810.0,379665.0,0.0003742685793559883,7.472249557173785,3,False,False
100000002755292100,terminal,0.75,4,0.4455928140639946,"Конечный в выборке: получил 203 400 KZT в 1 переводах; исходящих переводов 0. Triage 0.45: оборот 203 400 KZT, PageRank 0.000292, кластер 126 уз.",1,0,203400.0,0.0,0.00029215136102037927,0.0,3,False,False
100000005142492100,peripheral,0.5,6,0.539171208496241,"Периферийный: получил 10 000 KZT, отправил 57 000 KZT; связей вход/выход 1/1. AML-сигналы: структурный цикл. Triage 0.54: оборот 67 000 KZT, PageRank 0.002019, кластер 106 уз.",1,1,10000.0,57000.0,0.0020190360798522282,5.7,3,False,False
100000002893020100,terminal,0.75,8,0.387287972174071,"Конечный в выборке: получил 18 340 KZT в 1 переводах; исходящих переводов 0. Triage 0.39: оборот 18 340 KZT, PageRank 0.000292, кластер 61 уз.",1,0,18340.0,0.0,0.0002924009596986249,0.0,3,False,False
100000004500444100,peripheral,0.5,14,0.4890094156093424,"Периферийный: получил 180 000 KZT, отправил 74 000 KZT; связей вход/выход 2/1. Активен 8 дн. Triage 0.49: оборот 254 000 KZT, PageRank 0.000464, кластер 44 уз.",2,1,180000.0,74000.0,0.0004644399482814567,0.4111111111111111,3,False,False
100000008454065100,terminal,0.75,14,0.39351058651271115,"Конечный в выборке: получил 24 050 KZT в 1 переводах; исходящих переводов 0. Triage 0.39: оборот 24 050 KZT, PageRank 0.000292, кластер 44 уз.",1,0,24050.0,0.0,0.0002923897353572641,0.0,3,False,False
100000008416433100,terminal,0.75,14,0.3902263095134334,"Конечный в выборке: получил 20 000 KZT в 1 переводах; исходящих переводов 0. Triage 0.39: оборот 20 000 KZT, PageRank 0.000291, кластер 44 уз.",1,0,20000.0,0.0,0.0002912427237652121,0.0,3,False,False
100000005265073100,peripheral,0.5,20,0.40589082911755375,"Периферийный: получил 5 000 KZT, отправил 9 000 KZT; связей вход/выход 1/1. Triage 0.41: оборот 14 000 KZT, PageRank 0.000299, кластер 26 уз.",1,1,5000.0,9000.0,0.0002991158650395706,1.8,3,False,False
100000006734214100,consolidator,0.7469276772757847,4,0.6080307195539063,"Сборщик: вход 610 000 KZT от 5 контрагентов. AML: fan-in. Triage 0.61: PR 0.000606, кластер 126 уз.",5,3,610000.0,36000.0,0.0006057269978291095,0.05901639344262295,3,False,False
100000002611334100,peripheral,0.5,0,0.4212514124275014,"Периферийный: получил 48 288 KZT, отправил 15 500 KZT; связей вход/выход 1/1. Triage 0.42: оборот 63 788 KZT, PageRank 0.000305, кластер 277 уз.",1,1,48288.0,15500.0,0.0003053083609615543,0.3209907223326706,3,False,False
100000006225798100,peripheral,0.5,16,0.4280503470554438,"Периферийный: получил 722 000 KZT, отправил 26 300 KZT; связей вход/выход 3/2. Triage 0.43: оборот 748 300 KZT, PageRank 0.000360, кластер 41 уз.",3,2,722000.0,26300.0,0.0003598277353283956,0.03642659279778394,3,False,False
100000002849158100,peripheral,0.5,7,0.5490845312458138,"Периферийный: получил 723 000 KZT, отправил 1 313 000 KZT; связей вход/выход 3/1. Активен 3 дн. Triage 0.55: оборот 2 036 000 KZT, PageRank 0.000336, кластер 104 уз.",3,1,723000.0,1313000.0,0.0003362818297982392,1.8160442600276625,3,False,False
100000008686214100,terminal,0.75,3,0.40086097082585526,"Конечный в выборке: получил 25 000 KZT в 1 переводах; исходящих переводов 0. Triage 0.40: оборот 25 000 KZT, PageRank 0.000298, кластер 126 уз.",1,0,25000.0,0.0,0.0002977203839466896,0.0,3,False,False
100000004931931100,peripheral,0.5,0,0.46509416601585446,"Периферийный: получил 23 938 KZT, отправил 45 000 KZT; связей вход/выход 1/1. Активен 2 дн. Triage 0.47: оборот 68 938 KZT, PageRank 0.000292, кластер 277 уз.",1,1,23938.0,45000.0,0.0002918056302986791,1.8798562954298605,3,False,False
100000007510875100,terminal,0.75,7,0.37653268383096145,"Конечный в выборке: получил 5 000 KZT в 1 переводах; исходящих переводов 0. Triage 0.38: оборот 5 000 KZT, PageRank 0.000358, кластер 104 уз.",1,0,5000.0,0.0,0.00035813990620118044,0.0,3,False,False
100000005233755100,peripheral,0.5,16,0.4170366140238003,"Периферийный: получил 25 000 KZT, отправил 5 000 KZT; связей вход/выход 1/1. Triage 0.42: оборот 30 000 KZT, PageRank 0.000292, кластер 41 уз.",1,1,25000.0,5000.0,0.00029160750420151327,0.2,3,False,False
100000008042075100,terminal,0.75,23,0.38101082389742336,"Конечный в выборке: получил 5 000 KZT в 1 переводах; исходящих переводов 0. Triage 0.38: оборот 5 000 KZT, PageRank 0.000292, кластер 17 уз.",1,0,5000.0,0.0,0.0002919519307333774,0.0,3,False,False
100000001680944100,terminal,0.75,17,0.44288036339754044,"Конечный в выборке: получил 393 000 KZT в 1 переводах; исходящих переводов 0. Triage 0.44: оборот 393 000 KZT, PageRank 0.000346, кластер 30 уз.",1,0,393000.0,0.0,0.00034551858439251415,0.0,3,False,False
100000008417029100,terminal,0.75,7,0.4256912040944879,"Конечный в выборке: получил 100 000 KZT в 1 переводах; исходящих переводов 0. Triage 0.43: оборот 100 000 KZT, PageRank 0.000307, кластер 104 уз.",1,0,100000.0,0.0,0.0003066124313557454,0.0,3,False,False
100000004975919100,transit,0.8022153276335383,3,0.5511142192530998,"Транзит: получил 22 351 KZT, отправил 15 000 KZT; исходящий оборот — 67% наблюдаемого входящего. Triage 0.55: оборот 37 351 KZT, PageRank 0.000290, кластер 126 уз.",1,2,22351.0,15000.0,0.00029011462931751147,0.6711109122634334,3,False,False
100000003087877100,terminal,0.75,3,0.4231794232962978,"Конечный в выборке: получил 91 486 KZT в 1 переводах; исходящих переводов 0. Triage 0.42: оборот 91 486 KZT, PageRank 0.000292, кластер 126 уз.",1,0,91486.0,0.0,0.00029208386815277986,0.0,3,False,False
100000008295429100,terminal,0.75,4,0.4605933843392413,"Конечный в выборке: получил 352 000 KZT в 1 переводах; исходящих переводов 0. Triage 0.46: оборот 352 000 KZT, PageRank 0.000297, кластер 126 уз.",1,0,352000.0,0.0,0.00029695338538501494,0.0,3,False,False
100000003254277100,transit,0.8748129825076172,0,0.6461045286954237,"Транзит: вход 49 200 KZT, выход 44 997 KZT; отношение 91% к наблюдаемому входу. AML: IN/OUT близко. Triage 0.65: PR 0.000288, кластер 277 уз.",1,1,49200.0,44997.0,0.0002883449990831914,0.9145731707317073,3,False,False
100000005314565100,terminal,0.75,0,0.46485111978578486,"Конечный в выборке: получил 218 500 KZT в 3 переводах; исходящих переводов 0. Triage 0.46: оборот 218 500 KZT, PageRank 0.000375, кластер 277 уз.",1,0,218500.0,0.0,0.0003748549226812852,0.0,3,False,False
100000002951898100,terminal,0.75,14,0.402647986166205,"Конечный в выборке: получил 39 990 KZT в 1 переводах; исходящих переводов 0. Triage 0.40: оборот 39 990 KZT, PageRank 0.000297, кластер 44 уз.",1,0,39990.0,0.0,0.0002969041464133899,0.0,3,False,False
100000001009583100,terminal,0.75,4,0.4640745076779014,"Конечный в выборке: получил 393 740 KZT в 1 переводах; исходящих переводов 0. Triage 0.46: оборот 393 740 KZT, PageRank 0.000298, кластер 126 уз.",1,0,393740.0,0.0,0.00029830221780076117,0.0,3,False,False
100000004064431100,peripheral,0.5,24,0.41705464627592814,"Периферийный: получил 26 000 KZT, отправил 10 000 KZT; связей вход/выход 1/1. Активен 2 дн. Triage 0.42: оборот 36 000 KZT, PageRank 0.000291, кластер 17 уз.",1,1,26000.0,10000.0,0.00029105290621276366,0.38461538461538464,3,False,False
100000001927599100,terminal,0.75,8,0.4441350273442326,"Конечный в выборке: получил 188 000 KZT в 2 переводах; исходящих переводов 0. Triage 0.44: оборот 188 000 KZT, PageRank 0.000327, кластер 61 уз.",2,0,188000.0,0.0,0.0003272021850070075,0.0,3,False,False
100000007737775100,terminal,0.75,33,0.3537194030921373,"Конечный в выборке: получил 6 000 KZT в 1 переводах; исходящих переводов 0. Triage 0.35: оборот 6 000 KZT, PageRank 0.000303, кластер 10 уз.",1,0,6000.0,0.0,0.0003030509223147433,0.0,3,False,False
100000003157679100,terminal,0.75,7,0.46447840399135765,"Конечный в выборке: получил 541 000 KZT в 4 переводах; исходящих переводов 0. Triage 0.46: оборот 541 000 KZT, PageRank 0.000373, кластер 104 уз.",4,0,541000.0,0.0,0.00037274733877228197,0.0,3,False,False
100000001229743100,transit,0.8147267455738193,0,0.559947767996214,"Транзит: получил 7 000 KZT, отправил 9 000 KZT; исходящий оборот — 129% наблюдаемого входящего. Triage 0.56: оборот 16 000 KZT, PageRank 0.000288, кластер 277 уз.",1,1,7000.0,9000.0,0.00028843858421088894,1.2857142857142858,3,False,False
100000003795588100,terminal,0.75,0,0.47298548614765284,"Конечный в выборке: получил 400 000 KZT в 2 переводах; исходящих переводов 0. Triage 0.47: оборот 400 000 KZT, PageRank 0.000321, кластер 277 уз.",1,0,400000.0,0.0,0.0003209725213278656,0.0,3,False,False
100000002301828100,terminal,0.75,16,0.4025499597208657,"Конечный в выборке: получил 46 977 KZT в 1 переводах; исходящих переводов 0. Triage 0.40: оборот 46 977 KZT, PageRank 0.000293, кластер 41 уз.",1,0,46977.0,0.0,0.000292958481155564,0.0,3,False,False
100000005409156100,terminal,0.75,4,0.45725604149895477,"Конечный в выборке: получил 260 080 KZT в 2 переводах; исходящих переводов 0. Triage 0.46: оборот 260 080 KZT, PageRank 0.000424, кластер 126 уз.",2,0,260080.0,0.0,0.0004237125730905699,0.0,3,False,False
100000002513028100,peripheral,0.5,60,0.38652876931768787,"Периферийный: получил 9 500 KZT, отправил 332 709 KZT; связей вход/выход 1/3. Triage 0.39: оборот 342 209 KZT, PageRank 0.000306, кластер 4 уз.",1,3,9500.0,332709.0,0.00030556616725630425,35.022,3,False,False
100000003218308100,terminal,0.75,0,0.39201608042294567,"Конечный в выборке: получил 11 165 KZT в 1 переводах; исходящих переводов 0. Triage 0.39: оборот 11 165 KZT, PageRank 0.000286, кластер 277 уз.",1,0,11165.0,0.0,0.0002862062801379073,0.0,3,False,False
100000008489604100,terminal,0.75,1,0.38773556219617483,"Конечный в выборке: получил 11 000 KZT в 1 переводах; исходящих переводов 0. Triage 0.39: оборот 11 000 KZT, PageRank 0.000287, кластер 270 уз.",1,0,11000.0,0.0,0.0002872919917295143,0.0,3,False,False
100000004450649100,peripheral,0.5,4,0.4534047043790423,"Периферийный: получил 192 528 KZT, отправил 46 527 KZT; связей вход/выход 2/2. Активен 4 дн. Triage 0.45: оборот 239 055 KZT, PageRank 0.000299, кластер 126 уз.",2,2,192528.0,46527.0,0.0002989360586366693,0.24166355023684866,3,False,False
100000008767065100,terminal,0.75,17,0.37536574931869265,"Конечный в выборке: получил 10 000 KZT в 1 переводах; исходящих переводов 0. Triage 0.38: оборот 10 000 KZT, PageRank 0.000287, кластер 30 уз.",1,0,10000.0,0.0,0.00028710366276580093,0.0,3,False,False
100000003035737100,peripheral,0.5,4,0.4627941803911681,"Периферийный: получил 809 170 KZT, отправил 6 545 KZT; связей вход/выход 2/1. Активен 4 дн. Triage 0.46: оборот 815 715 KZT, PageRank 0.000379, кластер 126 уз.",2,1,809170.0,6544.53,0.00037859441100104125,0.008087954323566123,3,False,False
100000002748761100,terminal,0.75,12,0.46596574881386094,"Конечный в выборке: получил 796 800 KZT в 3 переводах; исходящих переводов 0. Triage 0.47: оборот 796 800 KZT, PageRank 0.000323, кластер 51 уз.",1,0,796800.0,0.0,0.00032346427069393025,0.0,3,False,False
100000008432942100,terminal,0.75,0,0.4163074392793648,"Конечный в выборке: получил 44 542 KZT в 2 переводах; исходящих переводов 0. Triage 0.42: оборот 44 542 KZT, PageRank 0.000288, кластер 277 уз.",1,0,44542.0,0.0,0.0002880830784088879,0.0,3,False,False
100000004278574100,peripheral,0.5,4,0.4311008910047112,"Периферийный: получил 25 000 KZT, отправил 12 500 KZT; связей вход/выход 1/1. Triage 0.43: оборот 37 500 KZT, PageRank 0.000286, кластер 126 уз.",1,1,25000.0,12500.0,0.00028638634657454485,0.5,3,False,False
100000000926766100,peripheral,0.5,25,0.4204247142347864,"Периферийный: получил 18 750 KZT, отправил 6 000 KZT; связей вход/выход 1/1. AML-сигналы: структурный цикл. Triage 0.42: оборот 24 750 KZT, PageRank 0.000318, кластер 15 уз.",1,1,18750.0,6000.0,0.0003178777570806156,0.32,3,False,False
100000008661550100,terminal,0.75,1,0.4005554728924067,"Конечный в выборке: получил 22 800 KZT в 1 переводах; исходящих переводов 0. Triage 0.40: оборот 22 800 KZT, PageRank 0.000289, кластер 270 уз.",1,0,22800.0,0.0,0.0002891301343050088,0.0,3,False,False
100000000783406100,terminal,0.75,35,0.35563631546816216,"Конечный в выборке: получил 6 066 KZT в 1 переводах; исходящих переводов 0. Triage 0.36: оборот 6 066 KZT, PageRank 0.000290, кластер 9 уз.",1,0,6066.0,0.0,0.00029018424100870987,0.0,3,False,False
100000008730371100,terminal,0.75,0,0.49602193016617685,"Конечный в выборке: получил 520 000 KZT в 3 переводах; исходящих переводов 0. Triage 0.50: оборот 520 000 KZT, PageRank 0.000857, кластер 277 уз.",2,0,520000.0,0.0,0.0008571128639798407,0.0,3,False,False
100000002878467100,terminal,0.75,10,0.4337877788049937,"Конечный в выборке: получил 200 000 KZT в 2 переводах; исходящих переводов 0. Triage 0.43: оборот 200 000 KZT, PageRank 0.000314, кластер 56 уз.",2,0,200000.0,0.0,0.0003144913310589085,0.0,3,False,False
100000003171587100,transit,0.7857340042575053,4,0.636304687360185,"Транзит: получил 700 000 KZT, отправил 431 300 KZT; исходящий оборот — 62% наблюдаемого входящего. Активен 8 дн. Triage 0.64: оборот 1 131 300 KZT, PageRank 0.000316, кластер 126 уз.",2,2,700000.0,431300.0,0.0003159576483970622,0.6161428571428571,3,False,False
100000002696152100,peripheral,0.5,33,0.476523969404375,"Периферийный: получил 21 800 KZT, отправил 69 000 KZT; связей вход/выход 1/2. Активен 10 дн. AML-сигналы: структурный цикл. Triage 0.48: оборот 90 800 KZT, PageRank 0.001204, кластер 10 уз.",1,2,21800.0,69000.0,0.0012037906276080963,3.165137614678899,3,False,False
100000002109656100,terminal,0.75,12,0.4491915177832867,"Конечный в выборке: получил 500 000 KZT в 1 переводах; исходящих переводов 0. Triage 0.45: оборот 500 000 KZT, PageRank 0.000309, кластер 51 уз.",1,0,500000.0,0.0,0.0003093521899386197,0.0,3,False,False
100000001317336100,peripheral,0.5,31,0.4450841848504997,"Периферийный: получил 131 196 KZT, отправил 1 752 000 KZT; связей вход/выход 1/2. Активен 3 дн. Triage 0.45: оборот 1 883 196 KZT, PageRank 0.000344, кластер 11 уз.",1,2,131196.0,1752000.0,0.0003436434099823317,13.354065672733924,3,False,False
100000005222360100,peripheral,0.5,14,0.4151909448877398,"Периферийный: получил 5 000 KZT, отправил 27 000 KZT; связей вход/выход 1/1. Активен 2 дн. Triage 0.42: оборот 32 000 KZT, PageRank 0.000604, кластер 44 уз.",1,1,5000.0,27000.0,0.000603928167889309,5.4,3,False,False
100000001445848100,transit,0.7933241758241758,35,0.6404364054772592,"Транзит: вход 546 000 KZT, выход 351 850 KZT; отношение 64% к наблюдаемому входу. AML: IN/OUT близко, структ. цикл. Triage 0.64: PR 0.000700, кластер 9 уз.",1,1,546000.0,351850.0,0.0007001435073029649,0.6444139194139195,3,False,False
100000008720856100,peripheral,0.5,4,0.4274028945621405,"Периферийный: получил 18 105 KZT, отправил 46 000 KZT; связей вход/выход 1/1. Triage 0.43: оборот 64 105 KZT, PageRank 0.000319, кластер 126 уз.",1,1,18105.0,46000.0,0.0003192818963638124,2.5407346037006353,3,False,False
100000002448088100,transit,0.8254774046177268,21,0.6056434465680706,"Транзит: вход 20 000 KZT, выход 25 000 KZT; отношение 125% к наблюдаемому входу. AML: IN/OUT близко. Triage 0.61: PR 0.000508, кластер 20 уз.",3,1,20000.0,25000.0,0.000508314145442505,1.25,3,False,False
100000003109805100,terminal,0.75,16,0.3982553622904079,"Конечный в выборке: получил 36 929 KZT в 1 переводах; исходящих переводов 0. Triage 0.40: оборот 36 929 KZT, PageRank 0.000291, кластер 41 уз.",1,0,36929.0,0.0,0.0002913799562978009,0.0,3,False,False
100000008223661100,transit,0.8180987565469133,10,0.6407179413417711,"Транзит: вход 202 000 KZT, выход 262 580 KZT; отношение 130% к наблюдаемому входу. AML: IN/OUT близко. Triage 0.64: PR 0.000315, кластер 56 уз.",2,5,202000.0,262580.0,0.0003147565570374075,1.29990099009901,3,False,False
100000004096559100,terminal,0.75,6,0.45124957778518526,"Конечный в выборке: получил 46 200 KZT в 1 переводах; исходящих переводов 0. Triage 0.45: оборот 46 200 KZT, PageRank 0.000975, кластер 106 уз.",1,0,46200.0,0.0,0.0009746777853198304,0.0,3,False,False
100000002257794100,terminal,0.75,24,0.451335738878807,"Конечный в выборке: получил 154 000 KZT в 1 переводах; исходящих переводов 0. Triage 0.45: оборот 154 000 KZT, PageRank 0.000859, кластер 17 уз.",1,0,154000.0,0.0,0.0008591428388146922,0.0,3,False,False
100000003112578100,terminal,0.75,12,0.4201772467071996,"Конечный в выборке: получил 101 080 KZT в 1 переводах; исходящих переводов 0. Triage 0.42: оборот 101 080 KZT, PageRank 0.000290, кластер 51 уз.",1,0,101080.0,0.0,0.00029038456441669093,0.0,3,False,False
100000007020162100,terminal,0.75,14,0.41686708294075814,"Конечный в выборке: получил 86 395 KZT в 1 переводах; исходящих переводов 0. Triage 0.42: оборот 86 395 KZT, PageRank 0.000310, кластер 44 уз.",1,0,86395.0,0.0,0.0003100466335563959,0.0,3,False,False
100000001934935100,terminal,0.75,0,0.4337979195096908,"Конечный в выборке: получил 118 935 KZT в 1 переводах; исходящих переводов 0. Triage 0.43: оборот 118 935 KZT, PageRank 0.000292, кластер 277 уз.",1,0,118935.0,0.0,0.0002922662181090726,0.0,3,False,False
100000002663511100,terminal,0.75,0,0.4504293188790398,"Конечный в выборке: получил 268 940 KZT в 1 переводах; исходящих переводов 0. Triage 0.45: оборот 268 940 KZT, PageRank 0.000309, кластер 277 уз.",1,0,268940.0,0.0,0.0003093756600792481,0.0,3,False,False
100000003338583100,terminal,0.75,24,0.38318962190853023,"Конечный в выборке: получил 21 765 KZT в 1 переводах; исходящих переводов 0. Triage 0.38: оборот 21 765 KZT, PageRank 0.000290, кластер 17 уз.",1,0,21765.0,0.0,0.000290161204611229,0.0,3,False,False
100000002904919100,peripheral,0.5,0,0.3907167892404103,"Периферийный: получил 60 325 KZT, отправил 5 500 KZT; связей вход/выход 1/1. Triage 0.39: оборот 65 825 KZT, PageRank 0.000291, кластер 277 уз.",1,1,60325.0,5500.0,0.0002909163345079042,0.09117281392457521,3,False,False
100000005127767100,terminal,0.75,38,0.3570955075639618,"Конечный в выборке: получил 7 000 KZT в 1 переводах; исходящих переводов 0. Triage 0.36: оборот 7 000 KZT, PageRank 0.000422, кластер 7 уз.",1,0,7000.0,0.0,0.00042228583470987354,0.0,3,False,False
100000004066647100,terminal,0.75,18,0.4034758939483256,"Конечный в выборке: получил 51 000 KZT в 1 переводах; исходящих переводов 0. Triage 0.40: оборот 51 000 KZT, PageRank 0.000294, кластер 30 уз.",1,0,51000.0,0.0,0.00029428533515175913,0.0,3,False,False
100000002394199100,peripheral,0.5,6,0.5851619631829023,"Периферийный: получил 277 398 KZT, отправил 76 777 KZT; связей вход/выход 1/1. Активен 3 дн. AML-сигналы: структурный цикл. Triage 0.59: оборот 354 175 KZT, PageRank 0.003177, кластер 106 уз.",1,1,277398.0,76777.0,0.0031772452092437894,0.2767756076107254,3,False,False
100000003968044100,peripheral,0.5,3,0.43049602064373677,"Периферийный: получил 40 000 KZT, отправил 311 000 KZT; связей вход/выход 1/3. Активен 5 дн. AML-сигналы: структурный цикл. Triage 0.43: оборот 351 000 KZT, PageRank 0.000296, кластер 126 уз.",1,3,40000.0,311000.0,0.00029598395200248394,7.775,3,False,False
100000001808684100,transit,0.8336776859504131,6,0.6622015501727309,"Транзит: вход 48 400 KZT, выход 37 700 KZT; отношение 78% к наблюдаемому входу. AML: IN/OUT близко, структ. цикл. Triage 0.66: PR 0.001169, кластер 106 уз.",1,1,48400.0,37700.0,0.0011691566644477381,0.7789256198347108,3,False,False
100000008097580100,terminal,0.75,3,0.4276786614470938,"Конечный в выборке: получил 32 000 KZT в 4 переводах; исходящих переводов 0. Triage 0.43: оборот 32 000 KZT, PageRank 0.000674, кластер 126 уз.",2,0,32000.0,0.0,0.0006741538543979346,0.0,3,False,False
100000008687617100,terminal,0.75,1,0.41195201481614685,"Конечный в выборке: получил 43 350 KZT в 2 переводах; исходящих переводов 0. Triage 0.41: оборот 43 350 KZT, PageRank 0.000292, кластер 270 уз.",1,0,43350.0,0.0,0.0002923313063326709,0.0,3,False,False
100000005667841100,terminal,0.75,10,0.4465707791215111,"Конечный в выборке: получил 186 000 KZT в 2 переводах; исходящих переводов 0. Triage 0.45: оборот 186 000 KZT, PageRank 0.000312, кластер 56 уз.",2,0,186000.0,0.0,0.0003123001122187048,0.0,3,False,False
100000001329153100,terminal,0.75,0,0.4380793853751385,"Конечный в выборке: получил 150 687 KZT в 1 переводах; исходящих переводов 0. Triage 0.44: оборот 150 687 KZT, PageRank 0.000294, кластер 277 уз.",1,0,150687.0,0.0,0.0002940516421645652,0.0,3,False,False
100000007689942100,peripheral,0.5,18,0.41145914789945426,"Периферийный: получил 5 000 KZT, отправил 25 000 KZT; связей вход/выход 1/2. AML-сигналы: структурный цикл. Triage 0.41: оборот 30 000 KZT, PageRank 0.000890, кластер 30 уз.",1,2,5000.0,25000.0,0.0008898313190355298,5.0,3,False,False
100000006476758100,terminal,0.75,9,0.38013251605777737,"Конечный в выборке: получил 5 200 KZT в 1 переводах; исходящих переводов 0. Triage 0.38: оборот 5 200 KZT, PageRank 0.000517, кластер 59 уз.",1,0,5200.0,0.0,0.0005171441770566622,0.0,3,False,False
100000002184107100,terminal,0.75,35,0.35563631546816216,"Конечный в выборке: получил 6 066 KZT в 1 переводах; исходящих переводов 0. Triage 0.36: оборот 6 066 KZT, PageRank 0.000290, кластер 9 уз.",1,0,6066.0,0.0,0.00029018424100870987,0.0,3,False,False
100000008663723100,terminal,0.75,1,0.3938707690650965,"Конечный в выборке: получил 15 600 KZT в 1 переводах; исходящих переводов 0. Triage 0.39: оборот 15 600 KZT, PageRank 0.000288, кластер 270 уз.",1,0,15600.0,0.0,0.0002880085557843681,0.0,3,False,False
100000000254336100,transit,0.7856700463842697,0,0.6095424512116936,"Транзит: вход 97 177 KZT, выход 60 000 KZT; отношение 62% к наблюдаемому входу. AML: IN/OUT близко. Triage 0.61: PR 0.000292, кластер 277 уз.",2,1,97177.0,60000.0,0.00029193263843831676,0.6174300503205491,3,False,False
100000008750464100,terminal,0.75,1,0.383216412370228,"Конечный в выборке: получил 8 500 KZT в 1 переводах; исходящих переводов 0. Triage 0.38: оборот 8 500 KZT, PageRank 0.000287, кластер 270 уз.",1,0,8500.0,0.0,0.0002869025547431807,0.0,3,False,False
100000001530709100,terminal,0.75,0,0.41969866235047887,"Конечный в выборке: получил 53 961 KZT в 1 переводах; исходящих переводов 0. Triage 0.42: оборот 53 961 KZT, PageRank 0.000289, кластер 277 уз.",1,0,53961.0,0.0,0.0002886127114769997,0.0,3,False,False
100000000656682100,transit,0.8628538849404238,0,0.617805392634587,"Транзит: получил 71 000 KZT, отправил 80 000 KZT; исходящий оборот — 113% наблюдаемого входящего. Triage 0.62: оборот 151 000 KZT, PageRank 0.000290, кластер 277 уз.",1,2,71000.0,80000.0,0.0002895708193278922,1.1267605633802817,3,False,False
100000008755754100,terminal,0.75,12,0.37394633425553553,"Конечный в выборке: получил 7 000 KZT в 1 переводах; исходящих переводов 0. Triage 0.37: оборот 7 000 KZT, PageRank 0.000296, кластер 51 уз.",1,0,7000.0,0.0,0.0002958942460560515,0.0,3,False,False
100000002691583100,terminal,0.75,26,0.432190959810926,"Конечный в выборке: получил 285 200 KZT в 1 переводах; исходящих переводов 0. Triage 0.43: оборот 285 200 KZT, PageRank 0.000357, кластер 15 уз.",1,0,285200.0,0.0,0.0003568465352817893,0.0,3,False,False
100000005241556100,terminal,0.75,17,0.4311655003001948,"Конечный в выборке: получил 100 000 KZT в 1 переводах; исходящих переводов 0. Triage 0.43: оборот 100 000 KZT, PageRank 0.000549, кластер 30 уз.",1,0,100000.0,0.0,0.0005487496197575262,0.0,3,False,False
100000004713684100,terminal,0.75,0,0.41327202119570533,"Конечный в выборке: получил 37 500 KZT в 1 переводах; исходящих переводов 0. Triage 0.41: оборот 37 500 KZT, PageRank 0.000288, кластер 277 уз.",1,0,37500.0,0.0,0.0002876871047316777,0.0,3,False,False
100000006919124100,terminal,0.75,0,0.4061402929964076,"Конечный в выборке: получил 25 000 KZT в 1 переводах; исходящих переводов 0. Triage 0.41: оборот 25 000 KZT, PageRank 0.000287, кластер 277 уз.",1,0,25000.0,0.0,0.00028698422615100065,0.0,3,False,False
100000003006633100,terminal,0.75,35,0.36453139972964443,"Конечный в выборке: получил 10 000 KZT в 1 переводах; исходящих переводов 0. Triage 0.36: оборот 10 000 KZT, PageRank 0.000293, кластер 9 уз.",1,0,10000.0,0.0,0.0002931712352591212,0.0,3,False,False
100000008306857100,terminal,0.75,12,0.423949345517716,"Конечный в выборке: получил 125 000 KZT в 1 переводах; исходящих переводов 0. Triage 0.42: оборот 125 000 KZT, PageRank 0.000292, кластер 51 уз.",1,0,125000.0,0.0,0.0002915218992268898,0.0,3,False,False
100000003671721100,terminal,0.75,8,0.3805312569710092,"Конечный в выборке: получил 5 000 KZT в 1 переводах; исходящих переводов 0. Triage 0.38: оборот 5 000 KZT, PageRank 0.000558, кластер 61 уз.",1,0,5000.0,0.0,0.0005583846697371259,0.0,3,False,False
100000002613929100,terminal,0.75,7,0.43214678237666326,"Конечный в выборке: получил 28 560 KZT в 1 переводах; исходящих переводов 0. Triage 0.43: оборот 28 560 KZT, PageRank 0.000780, кластер 104 уз.",1,0,28560.0,0.0,0.0007800209304389778,0.0,3,False,False
100000008669310100,terminal,0.75,0,0.42144967247972986,"Конечный в выборке: получил 59 567 KZT в 2 переводах; исходящих переводов 0. Triage 0.42: оборот 59 567 KZT, PageRank 0.000289, кластер 277 уз.",1,0,59567.0,0.0,0.00028892793846286175,0.0,3,False,False
100000006573438100,terminal,0.75,41,0.35142144259567365,"Конечный в выборке: получил 5 000 KZT в 1 переводах; исходящих переводов 0. Triage 0.35: оборот 5 000 KZT, PageRank 0.000299, кластер 7 уз.",1,0,5000.0,0.0,0.0002990697375889039,0.0,3,False,False
100000006165886100,peripheral,0.5,0,0.49222087202666104,"Периферийный: получил 184 481 KZT, отправил 75 000 KZT; связей вход/выход 2/1. Активен 2 дн. Triage 0.49: оборот 259 481 KZT, PageRank 0.000299, кластер 277 уз.",2,1,184481.0,75000.0,0.00029854562952188595,0.4065459315593476,3,False,False
100000008491390100,terminal,0.75,0,0.4125528206545619,"Конечный в выборке: получил 36 000 KZT в 1 переводах; исходящих переводов 0. Triage 0.41: оборот 36 000 KZT, PageRank 0.000288, кластер 277 уз.",1,0,36000.0,0.0,0.00028760275930199647,0.0,3,False,False
100000005186131100,transit,0.9004410312881049,0,0.6302510142407926,"Транзит: вход 10 000 KZT, выход 10 000 KZT; отношение 100% к наблюдаемому входу. AML: IN/OUT близко. Triage 0.63: PR 0.000286, кластер 277 уз.",1,1,10000.0,10000.0,0.00028614077185418814,1.0,3,False,False
100000001550419100,terminal,0.75,14,0.39271433801063566,"Конечный в выборке: получил 23 000 KZT в 1 переводах; исходящих переводов 0. Triage 0.39: оборот 23 000 KZT, PageRank 0.000292, кластер 44 уз.",1,0,23000.0,0.0,0.00029209236198154693,0.0,3,False,False
100000004979283100,terminal,0.75,8,0.4014286631977493,"Конечный в выборке: получил 40 132 KZT в 1 переводах; исходящих переводов 0. Triage 0.40: оборот 40 132 KZT, PageRank 0.000301, кластер 61 уз.",1,0,40132.0,0.0,0.00030050759642327355,0.0,3,False,False
100000002537811100,peripheral,0.5,9,0.4605217028437207,"Периферийный: получил 52 000 KZT, отправил 15 000 KZT; связей вход/выход 1/1. Triage 0.46: оборот 67 000 KZT, PageRank 0.001226, кластер 59 уз.",1,1,52000.0,15000.0,0.001225806791087247,0.28846153846153844,3,False,False
100000002990675100,terminal,0.75,4,0.4159476804907057,"Конечный в выборке: получил 51 143 KZT в 1 переводах; исходящих переводов 0. Triage 0.42: оборот 51 143 KZT, PageRank 0.000287, кластер 126 уз.",1,0,51143.0,0.0,0.00028723116032262474,0.0,3,False,False
100000008763688100,terminal,0.75,1,0.39910460619740723,"Конечный в выборке: получил 21 000 KZT в 1 переводах; исходящих переводов 0. Triage 0.40: оборот 21 000 KZT, PageRank 0.000289, кластер 270 уз.",1,0,21000.0,0.0,0.00028884973967484865,0.0,3,False,False
100000002809896100,terminal,0.75,8,0.40042929324165305,"Конечный в выборке: получил 38 000 KZT в 1 переводах; исходящих переводов 0. Triage 0.40: оборот 38 000 KZT, PageRank 0.000300, кластер 61 уз.",1,0,38000.0,0.0,0.00029971449117836943,0.0,3,False,False
100000008716072100,terminal,0.75,1,0.3894077961094984,"Конечный в выборке: получил 12 100 KZT в 1 переводах; исходящих переводов 0. Triage 0.39: оборот 12 100 KZT, PageRank 0.000287, кластер 270 уз.",1,0,12100.0,0.0,0.0002874633440035011,0.0,3,False,False
100000001279272100,peripheral,0.5,0,0.5069410876441145,"Периферийный: получил 250 000 KZT, отправил 136 758 KZT; связей вход/выход 1/2. Активен 3 дн. AML-сигналы: структурный цикл. Triage 0.51: оборот 386 758 KZT, PageRank 0.000308, кластер 277 уз.",1,2,250000.0,136758.0,0.00030769975170103343,0.547032,3,False,False
100000001714173100,terminal,0.75,17,0.4789784858479192,"Конечный в выборке: получил 638 905 KZT в 6 переводах; исходящих переводов 0. Активен 3 дн. Triage 0.48: оборот 638 905 KZT, PageRank 0.000570, кластер 30 уз.",1,0,638905.0,0.0,0.0005703396012405944,0.0,3,False,False
100000008729597100,terminal,0.75,3,0.4221179516402416,"Конечный в выборке: получил 83 090 KZT в 1 переводах; исходящих переводов 0. Triage 0.42: оборот 83 090 KZT, PageRank 0.000302, кластер 126 уз.",1,0,83090.0,0.0,0.0003024416769732847,0.0,3,False,False
100000002255058100,terminal,0.75,2,0.4618217529110531,"Конечный в выборке: получил 491 500 KZT в 2 переводах; исходящих переводов 0. Triage 0.46: оборот 491 500 KZT, PageRank 0.000426, кластер 148 уз.",1,0,491500.0,0.0,0.0004259102283227144,0.0,3,False,False
100000006111442100,terminal,0.75,10,0.41278714501606784,"Конечный в выборке: получил 64 000 KZT в 1 переводах; исходящих переводов 0. Triage 0.41: оборот 64 000 KZT, PageRank 0.000296, кластер 56 уз.",1,0,64000.0,0.0,0.000295595469402006,0.0,3,False,False
100000008686247100,peripheral,0.5,23,0.39681549670380845,"Периферийный: получил 22 000 KZT, отправил 5 000 KZT; связей вход/выход 1/1. AML-сигналы: структурный цикл. Triage 0.40: оборот 27 000 KZT, PageRank 0.000314, кластер 17 уз.",1,1,22000.0,5000.0,0.0003136217006620623,0.22727272727272727,3,False,False
100000001893287100,peripheral,0.5,6,0.45642827437792743,"Периферийный: получил 18 000 KZT, отправил 152 700 KZT; связей вход/выход 1/1. Активен 12 дн. AML-сигналы: структурный цикл. Triage 0.46: оборот 170 700 KZT, PageRank 0.000617, кластер 106 уз.",1,1,18000.0,152700.0,0.0006170853281480151,8.483333333333333,3,False,False
100000005172860100,terminal,0.75,0,0.39772552334195227,"Конечный в выборке: получил 15 209 KZT в 1 переводах; исходящих переводов 0. Triage 0.40: оборот 15 209 KZT, PageRank 0.000292, кластер 277 уз.",1,0,15209.2,0.0,0.00029179276390720656,0.0,3,False,False
100000001788284100,peripheral,0.5,25,0.41819801130782847,"Периферийный: получил 8 000 KZT, отправил 296 700 KZT; связей вход/выход 1/5. Активен 6 дн. AML-сигналы: структурный цикл. Triage 0.42: оборот 304 700 KZT, PageRank 0.000299, кластер 15 уз.",1,5,8000.0,296700.0,0.0002993594985751266,37.0875,3,False,False
100000008755580100,terminal,0.75,1,0.39431598898502873,"Конечный в выборке: получил 16 000 KZT в 1 переводах; исходящих переводов 0. Triage 0.39: оборот 16 000 KZT, PageRank 0.000288, кластер 270 уз.",1,0,16000.0,0.0,0.00028807086570218146,0.0,3,False,False
100000003896956100,peripheral,0.5,5,0.43458682419820277,"Периферийный: получил 10 000 KZT, отправил 27 000 KZT; связей вход/выход 1/1. Активен 3 дн. Triage 0.43: оборот 37 000 KZT, PageRank 0.000289, кластер 125 уз.",1,1,10000.0,27000.0,0.0002885700787132609,2.7,3,False,False
100000002475601100,terminal,0.75,3,0.44007821860000046,"Конечный в выборке: получил 232 301 KZT в 1 переводах; исходящих переводов 0. Triage 0.44: оборот 232 301 KZT, PageRank 0.000302, кластер 126 уз.",1,0,232301.0,0.0,0.0003020969606823103,0.0,3,False,False
100000008619857100,peripheral,0.5,0,0.4641065605480891,"Периферийный: получил 29 000 KZT, отправил 13 000 KZT; связей вход/выход 1/2. Активен 2 дн. Triage 0.46: оборот 42 000 KZT, PageRank 0.000287, кластер 277 уз.",1,2,29000.0,13000.0,0.0002872091472968173,0.4482758620689655,3,False,False
100000001373265100,peripheral,0.5,3,0.3925541728633509,"Периферийный: получил 142 482 KZT, отправил 5 000 KZT; связей вход/выход 1/1. Triage 0.39: оборот 147 482 KZT, PageRank 0.000314, кластер 126 уз.",1,1,142482.0,5000.0,0.0003144953494797746,0.0350921519911287,3,False,False
100000004185681100,terminal,0.75,2,0.4004226425867372,"Конечный в выборке: получил 10 000 KZT в 1 переводах; исходящих переводов 0. Triage 0.40: оборот 10 000 KZT, PageRank 0.000535, кластер 148 уз.",1,0,10000.0,0.0,0.0005350111881382226,0.0,3,False,False
100000003031633100,terminal,0.75,7,0.46513375286812697,"Конечный в выборке: получил 414 000 KZT в 2 переводах; исходящих переводов 0. Triage 0.47: оборот 414 000 KZT, PageRank 0.000315, кластер 104 уз.",1,0,414000.0,0.0,0.0003147579083092396,0.0,3,False,False
100000002632742100,terminal,0.75,10,0.43681923020165137,"Конечный в выборке: получил 235 500 KZT в 2 переводах; исходящих переводов 0. Triage 0.44: оборот 235 500 KZT, PageRank 0.000318, кластер 56 уз.",2,0,235500.0,0.0,0.00031753522164685666,0.0,3,False,False
100000005847078100,terminal,0.75,1,0.39464272039891257,"Конечный в выборке: получил 16 300 KZT в 1 переводах; исходящих переводов 0. Triage 0.39: оборот 16 300 KZT, PageRank 0.000288, кластер 270 уз.",1,0,16300.0,0.0,0.0002881175981405415,0.0,3,False,False
100000002807334100,terminal,0.75,4,0.41725568491598125,"Конечный в выборке: получил 54 715 KZT в 1 переводах; исходящих переводов 0. Triage 0.42: оборот 54 715 KZT, PageRank 0.000287, кластер 126 уз.",1,0,54715.0,0.0,0.000287346589871955,0.0,3,False,False
100000008748795100,terminal,0.75,0,0.41727757091695666,"Конечный в выборке: получил 47 057 KZT в 1 переводах; исходящих переводов 0. Triage 0.42: оборот 47 057 KZT, PageRank 0.000288, кластер 277 уз.",1,0,47057.0,0.0,0.00028822449757932015,0.0,3,False,False
100000003899899100,peripheral,0.5,5,0.4483239656276463,"Периферийный: получил 218 500 KZT, отправил 10 000 KZT; связей вход/выход 2/1. Активен 5 дн. Triage 0.45: оборот 228 500 KZT, PageRank 0.000653, кластер 125 уз.",2,1,218500.0,10000.0,0.0006534741604268608,0.04576659038901602,3,False,False
100000002308091100,terminal,0.75,12,0.4470467076371347,"Конечный в выборке: получил 186 720 KZT в 1 переводах; исходящих переводов 0. Triage 0.45: оборот 186 720 KZT, PageRank 0.000561, кластер 51 уз.",1,0,186720.0,0.0,0.0005607444538238095,0.0,3,False,False
100000008680912100,peripheral,0.5,0,0.4293024640395325,"Периферийный: получил 45 112 KZT, отправил 5 991 KZT; связей вход/выход 1/1. Активен 3 дн. AML-сигналы: структурный цикл. Triage 0.43: оборот 51 103 KZT, PageRank 0.000544, кластер 277 уз.",1,1,45112.0,5990.85,0.000544424592102003,0.13279947685759888,3,False,False
100000008742053100,peripheral,0.5,12,0.46154591880432505,"Периферийный: получил 10 000 KZT, отправил 2 789 000 KZT; связей вход/выход 1/12. Активен 7 дн. Triage 0.46: оборот 2 799 000 KZT, PageRank 0.000286, кластер 51 уз.",1,12,10000.0,2789000.0,0.00028628328636451595,278.9,3,False,False
100000008473765100,terminal,0.75,3,0.4036890846788614,"Конечный в выборке: получил 30 000 KZT в 1 переводах; исходящих переводов 0. Triage 0.40: оборот 30 000 KZT, PageRank 0.000292, кластер 126 уз.",1,0,30000.0,0.0,0.0002916670023812598,0.0,3,False,False
100000007472293100,peripheral,0.5,47,0.40494095443664274,"Периферийный: получил 5 000 KZT, отправил 345 900 KZT; связей вход/выход 1/3. Активен 2 дн. Triage 0.40: оборот 350 900 KZT, PageRank 0.000286, кластер 6 уз.",1,3,5000.0,345900.0,0.0002863410658777237,69.18,3,False,False
100000008753061100,terminal,0.75,1,0.40443762972830866,"Конечный в выборке: получил 28 400 KZT в 2 переводах; исходящих переводов 0. Triage 0.40: оборот 28 400 KZT, PageRank 0.000290, кластер 270 уз.",1,0,28400.0,0.0,0.00029000247315439607,0.0,3,False,False
100000008501413100,transit,0.894486497940969,33,0.5702989289128849,"Транзит: вход 5 000 KZT, выход 5 100 KZT; отношение 102% к наблюдаемому входу. AML: IN/OUT близко. Triage 0.57: PR 0.000367, кластер 10 уз.",1,1,5000.0,5100.0,0.00036653213972033814,1.02,3,False,False
100000002748581100,terminal,0.75,14,0.40317950156742655,"Конечный в выборке: получил 41 180 KZT в 1 переводах; исходящих переводов 0. Triage 0.40: оборот 41 180 KZT, PageRank 0.000297, кластер 44 уз.",1,0,41180.0,0.0,0.00029724116957253604,0.0,3,False,False
100000001384826100,peripheral,0.5,4,0.42078300875375635,"Периферийный: получил 364 260 KZT, отправил 10 000 KZT; связей вход/выход 1/1. Triage 0.42: оборот 374 260 KZT, PageRank 0.000297, кластер 126 уз.",1,1,364260.0,10000.0,0.00029734956855264905,0.027452918245209467,3,False,False
100000004099450100,terminal,0.75,0,0.41040589263210997,"Конечный в выборке: получил 31 000 KZT в 1 переводах; исходящих переводов 0. Triage 0.41: оборот 31 000 KZT, PageRank 0.000296, кластер 277 уз.",1,0,31000.0,0.0,0.0002961595484857872,0.0,3,False,False
100000002926970100,terminal,0.75,8,0.4155142397725088,"Конечный в выборке: получил 85 000 KZT в 1 переводах; исходящих переводов 0. Triage 0.42: оборот 85 000 KZT, PageRank 0.000317, кластер 61 уз.",1,0,85000.0,0.0,0.0003171985186223162,0.0,3,False,False
100000002753146100,terminal,0.75,12,0.4661318108610066,"Конечный в выборке: получил 803 540 KZT в 3 переводах; исходящих переводов 0. Triage 0.47: оборот 803 540 KZT, PageRank 0.000324, кластер 51 уз.",1,0,803540.0,0.0,0.00032378474045232237,0.0,3,False,False
100000003943247100,terminal,0.75,0,0.4144096873641951,"Конечный в выборке: получил 40 000 KZT в 1 переводах; исходящих переводов 0. Triage 0.41: оборот 40 000 KZT, PageRank 0.000288, кластер 277 уз.",1,0,40000.0,0.0,0.0002878276804478131,0.0,3,False,False
100000002872399100,terminal,0.75,6,0.4923498768453088,"Конечный в выборке: получил 1 090 000 KZT в 9 переводах; исходящих переводов 0. Triage 0.49: оборот 1 090 000 KZT, PageRank 0.000705, кластер 106 уз.",1,0,1090000.0,0.0,0.0007047069286197168,0.0,3,False,False
100000008417359100,peripheral,0.5,16,0.449604085789974,"Периферийный: получил 40 810 KZT, отправил 110 760 KZT; связей вход/выход 1/2. Активен 5 дн. AML-сигналы: структурный цикл. Triage 0.45: оборот 151 570 KZT, PageRank 0.000292, кластер 41 уз.",1,2,40810.0,110760.0,0.00029198965524017536,2.714040676304827,3,False,False
100000002614095100,terminal,0.75,1,0.3749502829432456,"Конечный в выборке: получил 5 300 KZT в 1 переводах; исходящих переводов 0. Triage 0.37: оборот 5 300 KZT, PageRank 0.000286, кластер 270 уз.",1,0,5300.0,0.0,0.00028640407540067375,0.0,3,False,False
100000004717647100,peripheral,0.5,44,0.5126793684682951,"Периферийный: получил 300 000 KZT, отправил 2 240 000 KZT; связей вход/выход 1/5. Активен 8 дн. AML-сигналы: структурный цикл. Triage 0.51: оборот 2 540 000 KZT, PageRank 0.001020, кластер 6 уз.",1,5,300000.0,2240000.0,0.0010203210271821524,7.466666666666667,3,False,False
100000008537380100,terminal,0.75,1,0.3821546393299969,"Конечный в выборке: получил 8 000 KZT в 1 переводах; исходящих переводов 0. Triage 0.38: оборот 8 000 KZT, PageRank 0.000287, кластер 270 уз.",1,0,8000.0,0.0,0.000286824667345914,0.0,3,False,False
100000001534244100,peripheral,0.5,7,0.4316223824442721,"Периферийный: получил 366 000 KZT, отправил 45 000 KZT; связей вход/выход 2/1. Triage 0.43: оборот 411 000 KZT, PageRank 0.000342, кластер 104 уз.",2,1,366000.0,45000.0,0.00034152394618983383,0.12295081967213115,3,False,False
100000008767950100,terminal,0.75,1,0.39574111919039856,"Конечный в выборке: получил 17 350 KZT в 1 переводах; исходящих переводов 0. Triage 0.40: оборот 17 350 KZT, PageRank 0.000288, кластер 270 уз.",1,0,17350.0,0.0,0.0002882811616748016,0.0,3,False,False
100000004613582100,peripheral,0.5,6,0.4307080212936335,"Периферийный: получил 5 000 KZT, отправил 9 500 KZT; связей вход/выход 1/1. Triage 0.43: оборот 14 500 KZT, PageRank 0.000553, кластер 106 уз.",1,1,5000.0,9500.0,0.0005530756901920783,1.9,3,False,False
100000008121806100,peripheral,0.5,3,0.4854860047208404,"Периферийный: получил 67 000 KZT, отправил 248 509 KZT; связей вход/выход 1/4. Активен 5 дн. AML-сигналы: структурный цикл. Triage 0.49: оборот 315 509 KZT, PageRank 0.000300, кластер 126 уз.",1,4,67000.0,248509.0,0.0003003434191947734,3.709089552238806,3,False,False
100000002369443100,terminal,0.75,1,0.4145027623263787,"Конечный в выборке: получил 50 000 KZT в 1 переводах; исходящих переводов 0. Triage 0.41: оборот 50 000 KZT, PageRank 0.000293, кластер 270 уз.",1,0,50000.0,0.0,0.0002933672087163182,0.0,3,False,False
100000008655779100,peripheral,0.5,28,0.43235592985421845,"Периферийный: получил 47 000 KZT, отправил 24 704 KZT; связей вход/выход 1/2. Triage 0.43: оборот 71 704 KZT, PageRank 0.000397, кластер 14 уз.",1,2,47000.0,24704.0,0.0003965910267666381,0.5256170212765957,3,False,False
100000008561016100,transit,0.8921804445553706,7,0.6735514117603694,"Транзит: вход 180 000 KZT, выход 185 000 KZT; отношение 103% к наблюдаемому входу. AML: IN/OUT близко. Triage 0.67: PR 0.000295, кластер 104 уз.",1,1,180000.0,185000.0,0.0002948395069164531,1.0277777777777777,3,False,False
100000002727288100,terminal,0.75,15,0.38794262936521845,"Конечный в выборке: получил 16 000 KZT в 1 переводах; исходящих переводов 0. Triage 0.39: оборот 16 000 KZT, PageRank 0.000366, кластер 41 уз.",1,0,16000.0,0.0,0.0003660788783983262,0.0,3,False,False
100000001270349100,terminal,0.75,27,0.4257194971822222,"Конечный в выборке: получил 200 000 KZT в 1 переводах; исходящих переводов 0. Triage 0.43: оборот 200 000 KZT, PageRank 0.000355, кластер 15 уз.",1,0,200000.0,0.0,0.00035521954306055154,0.0,3,False,False
100000004722765100,peripheral,0.5,46,0.48392061439904493,"Периферийный: получил 230 000 KZT, отправил 2 284 500 KZT; связей вход/выход 1/3. Активен 6 дн. Triage 0.48: оборот 2 514 500 KZT, PageRank 0.000581, кластер 6 уз.",1,3,230000.0,2284500.0,0.0005811403950576027,9.932608695652174,3,False,False
100000001677389100,peripheral,0.5,16,0.4042352467075486,"Периферийный: получил 11 000 KZT, отправил 5 400 KZT; связей вход/выход 1/1. Triage 0.40: оборот 16 400 KZT, PageRank 0.000289, кластер 41 уз.",1,1,11000.0,5400.0,0.0002886345084774658,0.4909090909090909,3,False,False
100000005857058100,terminal,0.75,0,0.43265312485754054,"Конечный в выборке: получил 80 222 KZT в 3 переводах; исходящих переводов 0. Triage 0.43: оборот 80 222 KZT, PageRank 0.000390, кластер 277 уз.",3,0,80222.0,0.0,0.0003897438421866009,0.0,3,False,False
100000008760098100,peripheral,0.5,17,0.40821131893620644,"Периферийный: получил 7 000 KZT, отправил 390 000 KZT; связей вход/выход 1/1. Активен 2 дн. Triage 0.41: оборот 397 000 KZT, PageRank 0.000287, кластер 30 уз.",1,1,7000.0,390000.0,0.0002866461046329546,55.714285714285715,3,False,False
100000002838519100,terminal,0.75,14,0.4055445514222051,"Конечный в выборке: получил 46 900 KZT в 1 переводах; исходящих переводов 0. Triage 0.41: оборот 46 900 KZT, PageRank 0.000299, кластер 44 уз.",1,0,46900.0,0.0,0.0002988611464383478,0.0,3,False,False
100000002597623100,terminal,0.75,0,0.39876565790954177,"Конечный в выборке: получил 16 418 KZT в 1 переводах; исходящих переводов 0. Triage 0.40: оборот 16 418 KZT, PageRank 0.000287, кластер 277 уз.",1,0,16418.0,0.0,0.000286501657832651,0.0,3,False,False
100000003635660100,terminal,0.75,0,0.40154917657886224,"Конечный в выборке: получил 18 985 KZT в 1 переводах; исходящих переводов 0. Triage 0.40: оборот 18 985 KZT, PageRank 0.000291, кластер 277 уз.",1,0,18985.0,0.0,0.0002905171713646145,0.0,3,False,False
100000008676812100,terminal,0.75,18,0.4404833466979295,"Конечный в выборке: получил 230 800 KZT в 1 переводах; исходящих переводов 0. Triage 0.44: оборот 230 800 KZT, PageRank 0.000473, кластер 30 уз.",1,0,230800.0,0.0,0.0004728942645708676,0.0,3,False,False
100000003213473100,peripheral,0.5,0,0.4589440544048597,"Периферийный: получил 57 500 KZT, отправил 240 000 KZT; связей вход/выход 1/11. Активен 12 дн. AML-сигналы: структурный цикл. Triage 0.46: оборот 297 500 KZT, PageRank 0.000289, кластер 277 уз.",1,11,57500.0,240000.0,0.000288811710460761,4.173913043478261,3,False,False
100000003071649100,terminal,0.75,7,0.4361644679096364,"Конечный в выборке: получил 189 500 KZT в 1 переводах; исходящих переводов 0. Triage 0.44: оборот 189 500 KZT, PageRank 0.000295, кластер 104 уз.",1,0,189500.0,0.0,0.0002953282839181457,0.0,3,False,False
100000002433697100,transit,0.8542871851342588,4,0.6534069294662157,"Транзит: вход 130 000 KZT, выход 110 000 KZT; отношение 85% к наблюдаемому входу. AML: IN/OUT близко. Triage 0.65: PR 0.000290, кластер 126 уз.",1,1,130000.0,110000.0,0.0002897794324311178,0.8461538461538461,3,False,False
100000008612257100,terminal,0.75,16,0.3743585138940457,"Конечный в выборке: получил 9 500 KZT в 1 переводах; исходящих переводов 0. Triage 0.37: оборот 9 500 KZT, PageRank 0.000288, кластер 41 уз.",1,0,9500.0,0.0,0.0002878695023701559,0.0,3,False,False
100000002736033100,peripheral,0.5,16,0.39951066844372096,"Периферийный: получил 34 530 KZT, отправил 11 000 KZT; связей вход/выход 1/1. Triage 0.40: оборот 45 530 KZT, PageRank 0.000295, кластер 41 уз.",1,1,34530.0,11000.0,0.0002951716547636829,0.3185635679119606,3,False,False
100000008687990100,terminal,0.75,1,0.395992925507265,"Конечный в выборке: получил 17 600 KZT в 1 переводах; исходящих переводов 0. Triage 0.40: оборот 17 600 KZT, PageRank 0.000288, кластер 270 уз.",1,0,17600.0,0.0,0.00028832010537343497,0.0,3,False,False
100000008776310100,terminal,0.75,1,0.39752515422839685,"Конечный в выборке: получил 19 200 KZT в 1 переводах; исходящих переводов 0. Triage 0.40: оборот 19 200 KZT, PageRank 0.000289, кластер 270 уз.",1,0,19200.0,0.0,0.0002885693450446885,0.0,3,False,False
100000007267915100,peripheral,0.5,16,0.43240521239788066,"Периферийный: получил 21 000 KZT, отправил 10 000 KZT; связей вход/выход 2/1. Активен 4 дн. Triage 0.43: оборот 31 000 KZT, PageRank 0.000291, кластер 41 уз.",2,1,21000.0,10000.0,0.00029139243042444805,0.47619047619047616,3,False,False
100000004217419100,peripheral,0.5,3,0.4418594255005996,"Периферийный: получил 118 200 KZT, отправил 7 700 KZT; связей вход/выход 2/1. Активен 3 дн. Triage 0.44: оборот 125 900 KZT, PageRank 0.000584, кластер 126 уз.",2,1,118200.0,7700.0,0.0005836938796653169,0.06514382402707276,3,False,False
100000002773323100,peripheral,0.5,10,0.4618500296466847,"Периферийный: получил 285 000 KZT, отправил 1 171 644 KZT; связей вход/выход 2/1. Triage 0.46: оборот 1 456 644 KZT, PageRank 0.000325, кластер 56 уз.",2,1,285000.0,1171644.0,0.00032545933299084914,4.111031578947369,3,False,False
100000002528544100,terminal,0.75,3,0.436656709006311,"Конечный в выборке: получил 192 912 KZT в 1 переводах; исходящих переводов 0. Triage 0.44: оборот 192 912 KZT, PageRank 0.000299, кластер 126 уз.",1,0,192912.0,0.0,0.00029929608221307283,0.0,3,False,False
100000003760160100,terminal,0.75,4,0.4303546322243683,"Конечный в выборке: получил 104 470 KZT в 1 переводах; исходящих переводов 0. Triage 0.43: оборот 104 470 KZT, PageRank 0.000289, кластер 126 уз.",1,0,104470.0,0.0,0.00028895442784141964,0.0,3,False,False
100000000640800100,peripheral,0.5,3,0.4665524608552599,"Периферийный: получил 80 000 KZT, отправил 518 135 KZT; связей вход/выход 1/4. Активен 5 дн. Triage 0.47: оборот 598 135 KZT, PageRank 0.000303, кластер 126 уз.",1,4,80000.0,518135.0,0.0003032082602793503,6.4766875,3,False,False
100000008238112100,terminal,0.75,4,0.44391414427607023,"Конечный в выборке: получил 190 000 KZT в 1 переводах; исходящих переводов 0. Triage 0.44: оборот 190 000 KZT, PageRank 0.000292, кластер 126 уз.",1,0,190000.0,0.0,0.0002917183386348738,0.0,3,False,False
100000008751349100,terminal,0.75,26,0.3723059903782381,"Конечный в выборке: получил 11 630 KZT в 1 переводах; исходящих переводов 0. Triage 0.37: оборот 11 630 KZT, PageRank 0.000288, кластер 15 уз.",1,0,11630.0,0.0,0.0002884846667840982,0.0,3,False,False
100000002963189100,peripheral,0.5,14,0.486529661001198,"Периферийный: получил 490 000 KZT, отправил 5 219 000 KZT; связей вход/выход 1/7. Активен 7 дн. AML-сигналы: структурный цикл. Triage 0.49: оборот 5 709 000 KZT, PageRank 0.000424, кластер 44 уз.",1,7,490000.0,5219000.0,0.000424352710991003,10.651020408163266,3,False,False
100000008548853100,terminal,0.75,1,0.3919688364169967,"Конечный в выборке: получил 14 000 KZT в 1 переводах; исходящих переводов 0. Triage 0.39: оборот 14 000 KZT, PageRank 0.000288, кластер 270 уз.",1,0,14000.0,0.0,0.0002877593161131146,0.0,3,False,False
100000003164661100,terminal,0.75,29,0.45567204982044524,"Конечный в выборке: получил 596 200 KZT в 3 переводах; исходящих переводов 0. Triage 0.46: оборот 596 200 KZT, PageRank 0.000600, кластер 13 уз.",1,0,596200.0,0.0,0.0006000728419088473,0.0,3,False,False
100000000791285100,peripheral,0.5,26,0.551117679264148,"Периферийный: получил 1 120 000 KZT, отправил 650 000 KZT; связей вход/выход 1/3. Активен 2 дн. AML-сигналы: структурный цикл. Triage 0.55: оборот 1 770 000 KZT, PageRank 0.000565, кластер 15 уз.",1,3,1120000.0,650000.0,0.0005654530631242884,0.5803571428571429,3,False,False
100000003192309100,peripheral,0.5,1,0.40645068951846475,"Периферийный: получил 17 200 KZT, отправил 213 000 KZT; связей вход/выход 1/1. Triage 0.41: оборот 230 200 KZT, PageRank 0.000288, кластер 270 уз.",1,1,17200.0,213000.0,0.0002882577954556216,12.383720930232558,3,False,False
100000002891765100,terminal,0.75,14,0.4086514496801284,"Конечный в выборке: получил 55 576 KZT в 1 переводах; исходящих переводов 0. Triage 0.41: оборот 55 576 KZT, PageRank 0.000301, кластер 44 уз.",1,0,55576.0,0.0,0.00030131830015998814,0.0,3,False,False
100000001740277100,peripheral,0.5,6,0.4445793417958445,"Периферийный: получил 8 700 KZT, отправил 5 000 KZT; связей вход/выход 1/1. Активен 2 дн. AML-сигналы: структурный цикл. Triage 0.44: оборот 13 700 KZT, PageRank 0.000376, кластер 106 уз.",1,1,8700.0,5000.0,0.00037626946402281565,0.5747126436781609,3,False,False
100000002232266100,terminal,0.75,3,0.41094732758668734,"Конечный в выборке: получил 45 000 KZT в 1 переводах; исходящих переводов 0. Triage 0.41: оборот 45 000 KZT, PageRank 0.000295, кластер 126 уз.",1,0,45000.0,0.0,0.0002947112690770664,0.0,3,False,False
100000006701983100,terminal,0.75,1,0.40354303006991815,"Конечный в выборке: получил 27 000 KZT в 1 переводах; исходящих переводов 0. Triage 0.40: оборот 27 000 KZT, PageRank 0.000290, кластер 270 уз.",1,0,27000.0,0.0,0.00028978438844204927,0.0,3,False,False
100000002871199100,terminal,0.75,14,0.39285794475394875,"Конечный в выборке: получил 23 186 KZT в 1 переводах; исходящих переводов 0. Triage 0.39: оборот 23 186 KZT, PageRank 0.000292, кластер 44 уз.",1,0,23186.0,0.0,0.0002921450395509597,0.0,3,False,False
100000002757791100,terminal,0.75,27,0.40551198532214777,"Конечный в выборке: получил 73 050 KZT в 1 переводах; исходящих переводов 0. Triage 0.41: оборот 73 050 KZT, PageRank 0.000311, кластер 15 уз.",1,0,73050.0,0.0,0.0003110148712940446,0.0,3,False,False
100000000572276100,peripheral,0.5,1,0.4185310395940719,"Периферийный: получил 13 075 KZT, отправил 34 547 KZT; связей вход/выход 1/1. Triage 0.42: оборот 47 622 KZT, PageRank 0.000288, кластер 270 уз.",1,1,13075.0,34547.0,0.00028761522442817116,2.6422179732313578,3,False,False
100000001853812100,terminal,0.75,3,0.4189648195816102,"Конечный в выборке: получил 70 000 KZT в 1 переводах; исходящих переводов 0. Triage 0.42: оборот 70 000 KZT, PageRank 0.000300, кластер 126 уз.",1,0,70000.0,0.0,0.0002997850469034108,0.0,3,False,False
100000004726132100,peripheral,0.5,0,0.4325881241562569,"Периферийный: получил 349 000 KZT, отправил 24 000 KZT; связей вход/выход 1/1. Активен 3 дн. Triage 0.43: оборот 373 000 KZT, PageRank 0.000316, кластер 277 уз.",1,1,349000.0,24000.0,0.0003164597796547427,0.06876790830945559,3,False,False
100000001785161100,terminal,0.75,30,0.39291710877428154,"Конечный в выборке: получил 30 000 KZT в 2 переводах; исходящих переводов 0. Triage 0.39: оборот 30 000 KZT, PageRank 0.000331, кластер 13 уз.",2,0,30000.0,0.0,0.00033101172713703936,0.0,3,False,False
100000002612809100,peripheral,0.5,37,0.4301933946312201,"Периферийный: получил 30 000 KZT, отправил 114 000 KZT; связей вход/выход 1/3. Активен 5 дн. AML-сигналы: структурный цикл. Triage 0.43: оборот 144 000 KZT, PageRank 0.000428, кластер 8 уз.",1,3,30000.0,114000.0,0.0004280080517662478,3.8,3,False,False
100000008769097100,terminal,0.75,1,0.40604653051345757,"Конечный в выборке: получил 31 100 KZT в 1 переводах; исходящих переводов 0. Triage 0.41: оборот 31 100 KZT, PageRank 0.000290, кластер 270 уз.",1,0,31100.0,0.0,0.00029042306509963634,0.0,3,False,False
100000004488265100,terminal,0.75,3,0.4082569460308325,"Конечный в выборке: получил 38 740 KZT в 1 переводах; исходящих переводов 0. Triage 0.41: оборот 38 740 KZT, PageRank 0.000293, кластер 126 уз.",1,0,38740.0,0.0,0.0002934407951093498,0.0,3,False,False
100000002509598100,terminal,0.75,12,0.44004985208675423,"Конечный в выборке: получил 305 550 KZT в 1 переводах; исходящих переводов 0. Triage 0.44: оборот 305 550 KZT, PageRank 0.000300, кластер 51 уз.",1,0,305550.0,0.0,0.00030010658986156407,0.0,3,False,False
100000008706846100,terminal,0.75,1,0.3922180503037464,"Конечный в выборке: получил 14 200 KZT в 1 переводах; исходящих переводов 0. Triage 0.39: оборот 14 200 KZT, PageRank 0.000288, кластер 270 уз.",1,0,14200.0,0.0,0.0002877904710720213,0.0,3,False,False
100000001280798100,terminal,0.75,8,0.39194255485155594,"Конечный в выборке: получил 23 785 KZT в 1 переводах; исходящих переводов 0. Triage 0.39: оборот 23 785 KZT, PageRank 0.000294, кластер 61 уз.",1,0,23785.0,0.0,0.0002944265028780353,0.0,3,False,False
100000006664478100,transit,0.872754553263298,27,0.6444201302890936,"Транзит: вход 55 000 KZT, выход 60 000 KZT; отношение 109% к наблюдаемому входу. AML: IN/OUT близко. Triage 0.64: PR 0.000616, кластер 15 уз.",1,2,55000.0,60000.0,0.0006163429881642737,1.0909090909090908,3,False,False
100000003781406100,terminal,0.75,11,0.4411328778102617,"Конечный в выборке: получил 45 000 KZT в 2 переводах; исходящих переводов 0. Triage 0.44: оборот 45 000 KZT, PageRank 0.000722, кластер 55 уз.",1,0,45000.0,0.0,0.0007220107840064763,0.0,3,False,False
100000008708595100,terminal,0.75,1,0.39558830414733437,"Конечный в выборке: получил 17 200 KZT в 1 переводах; исходящих переводов 0. Triage 0.40: оборот 17 200 KZT, PageRank 0.000288, кластер 270 уз.",1,0,17200.0,0.0,0.0002882577954556216,0.0,3,False,False
100000004611571100,terminal,0.75,0,0.4043297261125495,"Конечный в выборке: получил 22 550 KZT в 1 переводах; исходящих переводов 0. Triage 0.40: оборот 22 550 KZT, PageRank 0.000287, кластер 277 уз.",1,0,22550.0,0.0,0.00028684646194918794,0.0,3,False,False
100000008576243100,terminal,0.75,0,0.5137701914863486,"Конечный в выборке: получил 82 920 KZT в 4 переводах; исходящих переводов 0. Triage 0.51: оборот 82 920 KZT, PageRank 0.001648, кластер 277 уз.",2,0,82920.0,0.0,0.0016476732966699964,0.0,3,False,False
100000008662216100,terminal,0.75,1,0.40301107152053756,"Конечный в выборке: получил 26 200 KZT в 1 переводах; исходящих переводов 0. Triage 0.40: оборот 26 200 KZT, PageRank 0.000290, кластер 270 уз.",1,0,26200.0,0.0,0.0002896597686064225,0.0,3,False,False
100000002681544100,terminal,0.75,6,0.4495399851988787,"Конечный в выборке: получил 166 072 KZT в 2 переводах; исходящих переводов 0. Triage 0.45: оборот 166 072 KZT, PageRank 0.000336, кластер 106 уз.",2,0,166072.0,0.0,0.00033562567893518003,0.0,3,False,False
100000007864477100,peripheral,0.5,0,0.4863792963599572,"Периферийный: получил 76 000 KZT, отправил 203 500 KZT; связей вход/выход 2/6. Активен 9 дн. Triage 0.49: оборот 279 500 KZT, PageRank 0.000305, кластер 277 уз.",2,6,76000.0,203500.0,0.0003047306547424642,2.6776315789473686,3,False,False
100000004746397100,peripheral,0.5,4,0.4075174501522172,"Периферийный: получил 219 520 KZT, отправил 7 500 KZT; связей вход/выход 1/1. Triage 0.41: оборот 227 020 KZT, PageRank 0.000293, кластер 126 уз.",1,1,219520.0,7500.0,0.0002926722804871217,0.03416545189504373,3,False,False
100000003814002100,terminal,0.75,4,0.40587193261271515,"Конечный в выборке: получил 30 000 KZT в 1 переводах; исходящих переводов 0. Triage 0.41: оборот 30 000 KZT, PageRank 0.000287, кластер 126 уз.",1,0,30000.0,0.0,0.0002865479220915245,0.0,3,False,False
100000003962994100,terminal,0.75,38,0.3668184254708646,"Конечный в выборке: получил 10 000 KZT в 1 переводах; исходящих переводов 0. Triage 0.37: оборот 10 000 KZT, PageRank 0.000481, кластер 7 уз.",1,0,10000.0,0.0,0.000480874705732828,0.0,3,False,False
100000003366471100,peripheral,0.5,3,0.44842610825131196,"Периферийный: получил 329 789 KZT, отправил 20 000 KZT; связей вход/выход 2/1. Активен 4 дн. Triage 0.45: оборот 349 789 KZT, PageRank 0.000360, кластер 126 уз.",2,1,329789.0,20000.0,0.0003603019587608726,0.0606448365470043,3,False,False
100000003561031100,peripheral,0.5,3,0.39988117125377654,"Периферийный: получил 13 300 KZT, отправил 5 000 KZT; связей вход/выход 1/1. Triage 0.40: оборот 18 300 KZT, PageRank 0.000288, кластер 126 уз.",1,1,13300.0,5000.0,0.00028827771879326176,0.37593984962406013,3,False,False
100000001690439100,terminal,0.75,4,0.40315883989314266,"Конечный в выборке: получил 14 200 KZT в 1 переводах; исходящих переводов 0. Triage 0.40: оборот 14 200 KZT, PageRank 0.000477, кластер 126 уз.",1,0,14200.0,0.0,0.0004766724954349113,0.0,3,False,False
100000002954780100,terminal,0.75,7,0.4298699102189659,"Конечный в выборке: получил 133 400 KZT в 1 переводах; исходящих переводов 0. Triage 0.43: оборот 133 400 KZT, PageRank 0.000292, кластер 104 уз.",1,0,133400.0,0.0,0.0002924419270976243,0.0,3,False,False
100000008720668100,terminal,0.75,1,0.39431598898502873,"Конечный в выборке: получил 16 000 KZT в 1 переводах; исходящих переводов 0. Triage 0.39: оборот 16 000 KZT, PageRank 0.000288, кластер 270 уз.",1,0,16000.0,0.0,0.00028807086570218146,0.0,3,False,False
100000002459164100,terminal,0.75,0,0.41743233928976303,"Конечный в выборке: получил 20 000 KZT в 1 переводах; исходящих переводов 0. Triage 0.42: оборот 20 000 KZT, PageRank 0.000542, кластер 277 уз.",1,0,20000.0,0.0,0.0005415244882591784,0.0,3,False,False
100000005082652100,terminal,0.75,6,0.40981831855833956,"Конечный в выборке: получил 30 000 KZT в 1 переводах; исходящих переводов 0. Triage 0.41: оборот 30 000 KZT, PageRank 0.000408, кластер 106 уз.",1,0,30000.0,0.0,0.00040775157279665037,0.0,3,False,False
100000005041905100,peripheral,0.5,1,0.4265783477823805,"Периферийный: получил 5 000 KZT, отправил 1 080 351 KZT; связей вход/выход 1/1. AML-сигналы: структурный цикл. Triage 0.43: оборот 1 085 351 KZT, PageRank 0.000286, кластер 270 уз.",1,1,5000.0,1080351.0,0.0002863573429623137,216.0702,3,False,False
100000008653041100,terminal,0.75,1,0.4041865440397475,"Конечный в выборке: получил 28 000 KZT в 1 переводах; исходящих переводов 0. Triage 0.40: оборот 28 000 KZT, PageRank 0.000290, кластер 270 уз.",1,0,28000.0,0.0,0.0002899401632365827,0.0,3,False,False
100000008722417100,peripheral,0.5,4,0.5249692372394169,"Периферийный: получил 331 900 KZT, отправил 720 000 KZT; связей вход/выход 1/3. Активен 6 дн. Triage 0.52: оборот 1 051 900 KZT, PageRank 0.000296, кластер 126 уз.",1,3,331900.0,720000.0,0.0002963038518067567,2.16932811087677,3,False,False
100000008625905100,peripheral,0.5,58,0.456139309876035,"Периферийный: получил 197 800 KZT, отправил 635 000 KZT; связей вход/выход 1/2. Triage 0.46: оборот 832 800 KZT, PageRank 0.000545, кластер 4 уз.",1,2,197800.0,635000.0,0.0005449856177859259,3.210313447927199,3,False,False
100000007487729100,terminal,0.75,0,0.4065315005438498,"Конечный в выборке: получил 25 000 KZT в 1 переводах; исходящих переводов 0. Triage 0.41: оборот 25 000 KZT, PageRank 0.000294, кластер 277 уз.",1,0,25000.0,0.0,0.0002941115976155664,0.0,3,False,False
100000000838385100,peripheral,0.5,28,0.5868824627516965,"Периферийный: получил 436 900 KZT, отправил 177 500 KZT; связей вход/выход 1/2. Активен 7 дн. AML-сигналы: структурный цикл. Triage 0.59: оборот 614 400 KZT, PageRank 0.001938, кластер 14 уз.",1,2,436900.0,177500.0,0.0019383180857373379,0.40627145799954223,3,False,False
100000004750321100,terminal,0.75,8,0.4060438284091323,"Конечный в выборке: получил 50 185 KZT в 2 переводах; исходящих переводов 0. Triage 0.41: оборот 50 185 KZT, PageRank 0.000312, кластер 61 уз.",2,0,50185.0,0.0,0.0003124920580101547,0.0,3,False,False
100000008664774100,terminal,0.75,1,0.39464272039891257,"Конечный в выборке: получил 16 300 KZT в 1 переводах; исходящих переводов 0. Triage 0.39: оборот 16 300 KZT, PageRank 0.000288, кластер 270 уз.",1,0,16300.0,0.0,0.0002881175981405415,0.0,3,False,False
100000006274203100,peripheral,0.5,18,0.5137260445547697,"Периферийный: получил 3 417 512 KZT, отправил 72 000 KZT; связей вход/выход 2/3. Активен 21 дн. AML-сигналы: структурный цикл. Triage 0.51: оборот 3 489 512 KZT, PageRank 0.000631, кластер 30 уз.",2,3,3417512.0,72000.0,0.0006314490727696982,0.02106795821053445,3,False,False
100000002185328100,peripheral,0.5,21,0.3941097820861734,"Периферийный: получил 15 000 KZT, отправил 55 000 KZT; связей вход/выход 1/4. Triage 0.39: оборот 70 000 KZT, PageRank 0.000352, кластер 20 уз.",1,4,15000.0,55000.0,0.0003516906383550123,3.6666666666666665,3,False,False
100000008254576100,peripheral,0.5,35,0.3706255371031569,"Периферийный: получил 8 000 KZT, отправил 60 000 KZT; связей вход/выход 1/1. Triage 0.37: оборот 68 000 KZT, PageRank 0.000292, кластер 9 уз.",1,1,8000.0,60000.0,0.00029165268200522627,7.5,3,False,False
100000001689968100,terminal,0.75,4,0.4570926381240253,"Конечный в выборке: получил 344 334 KZT в 3 переводах; исходящих переводов 0. Triage 0.46: оборот 344 334 KZT, PageRank 0.000339, кластер 126 уз.",3,0,344333.75,0.0,0.0003390510434118976,0.0,3,False,False
100000002236528100,terminal,0.75,6,0.41755600783652336,"Конечный в выборке: получил 66 000 KZT в 1 переводах; исходящих переводов 0. Triage 0.42: оборот 66 000 KZT, PageRank 0.000307, кластер 106 уз.",1,0,66000.0,0.0,0.00030720917600671676,0.0,3,False,False
100000002670960100,terminal,0.75,12,0.4484348810533997,"Конечный в выборке: получил 480 310 KZT в 1 переводах; исходящих переводов 0. Triage 0.45: оборот 480 310 KZT, PageRank 0.000308, кластер 51 уз.",1,0,480310.0,0.0,0.00030841598080764916,0.0,3,False,False
100000003557488100,peripheral,0.5,31,0.4780202781555211,"Периферийный: получил 664 992 KZT, отправил 138 000 KZT; связей вход/выход 1/2. Активен 5 дн. AML-сигналы: структурный цикл. Triage 0.48: оборот 802 992 KZT, PageRank 0.000580, кластер 11 уз.",1,2,664992.0,138000.0,0.0005798917197031415,0.20752129348924497,3,False,False
100000003888197100,terminal,0.75,4,0.42559839193171595,"Конечный в выборке: получил 83 167 KZT в 1 переводах; исходящих переводов 0. Triage 0.43: оборот 83 167 KZT, PageRank 0.000288, кластер 126 уз.",1,0,83167.0,0.0,0.0002882660191937761,0.0,3,False,False
100000002799941100,terminal,0.75,18,0.45208339898028105,"Конечный в выборке: получил 600 000 KZT в 1 переводах; исходящих переводов 0. Triage 0.45: оборот 600 000 KZT, PageRank 0.000388, кластер 30 уз.",1,0,600000.0,0.0,0.0003880121885439124,0.0,3,False,False
100000001632325100,terminal,0.75,1,0.4320142366875502,"Конечный в выборке: получил 85 600 KZT в 3 переводах; исходящих переводов 0. Triage 0.43: оборот 85 600 KZT, PageRank 0.000299, кластер 270 уз.",1,0,85600.0,0.0,0.00029891279140170846,0.0,3,False,False
100000008620570100,peripheral,0.5,3,0.4541889361833276,"Периферийный: получил 145 000 KZT, отправил 31 800 KZT; связей вход/выход 2/2. Активен 3 дн. Triage 0.45: оборот 176 800 KZT, PageRank 0.000348, кластер 126 уз.",2,2,145000.0,31800.0,0.0003484444577631724,0.2193103448275862,3,False,False
100000005308954100,peripheral,0.5,5,0.4493381778829956,"Периферийный: получил 69 020 KZT, отправил 30 000 KZT; связей вход/выход 1/1. Triage 0.45: оборот 99 020 KZT, PageRank 0.000359, кластер 125 уз.",1,1,69020.0,30000.0,0.0003593081095677557,0.43465662126919735,3,False,False
100000008468762100,terminal,0.75,17,0.4403451117451395,"Конечный в выборке: получил 170 000 KZT в 2 переводах; исходящих переводов 0. Triage 0.44: оборот 170 000 KZT, PageRank 0.000310, кластер 30 уз.",2,0,170000.0,0.0,0.0003103852911055391,0.0,3,False,False
100000002305007100,terminal,0.75,1,0.4165349751878964,"Конечный в выборке: получил 56 000 KZT в 1 переводах; исходящих переводов 0. Triage 0.42: оборот 56 000 KZT, PageRank 0.000294, кластер 270 уз.",1,0,56000.0,0.0,0.00029430185748351883,0.0,3,False,False
100000008314863100,terminal,0.75,2,0.4025058757470248,"Конечный в выборке: получил 12 000 KZT в 1 переводах; исходящих переводов 0. Triage 0.40: оборот 12 000 KZT, PageRank 0.000517, кластер 148 уз.",1,0,12000.0,0.0,0.00051668283015705,0.0,3,False,False
100000005709551100,terminal,0.75,13,0.3914498898837814,"Конечный в выборке: получил 24 560 KZT в 1 переводах; исходящих переводов 0. Triage 0.39: оборот 24 560 KZT, PageRank 0.000295, кластер 50 уз.",1,0,24560.0,0.0,0.0002946512582815522,0.0,3,False,False
100000008297199100,terminal,0.75,0,0.4159118018107384,"Конечный в выборке: получил 42 268 KZT в 1 переводах; исходящих переводов 0. Triage 0.42: оборот 42 268 KZT, PageRank 0.000297, кластер 277 уз.",1,0,42268.0,0.0,0.00029657394288931183,0.0,3,False,False
100000003271151100,terminal,0.75,3,0.4301094226435896,"Конечный в выборке: получил 127 294 KZT в 1 переводах; исходящих переводов 0. Triage 0.43: оборот 127 294 KZT, PageRank 0.000311, кластер 126 уз.",1,0,127294.0,0.0,0.0003114129279747138,0.0,3,False,False
100000007005380100,terminal,0.75,4,0.38558456058590623,"Конечный в выборке: получил 9 400 KZT в 1 переводах; исходящих переводов 0. Triage 0.39: оборот 9 400 KZT, PageRank 0.000303, кластер 126 уз.",1,0,9400.0,0.0,0.0003030770725420994,0.0,3,False,False
100000004451012100,transit,0.8174664183201125,18,0.5880846163677079,"Транзит: получил 91 245 KZT, отправил 65 740 KZT; исходящий оборот — 72% наблюдаемого входящего. Активен 2 дн. Triage 0.59: оборот 156 985 KZT, PageRank 0.000301, кластер 30 уз.",1,3,91245.0,65740.0,0.00030115607689086153,0.7204778344018851,3,False,False
100000004779204100,transit,0.7974853662634744,0,0.5944661710363243,"Транзит: вход 30 450 KZT, выход 20 000 KZT; отношение 66% к наблюдаемому входу. AML: IN/OUT близко. Triage 0.59: PR 0.000287, кластер 277 уз.",1,1,30450.0,20000.0,0.00028729068121217586,0.6568144499178982,3,False,False
100000002793881100,terminal,0.75,7,0.4813908161213813,"Конечный в выборке: получил 785 600 KZT в 3 переводах; исходящих переводов 0. Triage 0.48: оборот 785 600 KZT, PageRank 0.000375, кластер 104 уз.",3,0,785600.0,0.0,0.00037503698984382467,0.0,3,False,False
100000008671129100,terminal,0.75,1,0.40301107152053756,"Конечный в выборке: получил 26 200 KZT в 1 переводах; исходящих переводов 0. Triage 0.40: оборот 26 200 KZT, PageRank 0.000290, кластер 270 уз.",1,0,26200.0,0.0,0.0002896597686064225,0.0,3,False,False
100000002095257100,terminal,0.75,11,0.378409203053583,"Конечный в выборке: получил 8 500 KZT в 1 переводах; исходящих переводов 0. Triage 0.38: оборот 8 500 KZT, PageRank 0.000396, кластер 55 уз.",1,0,8500.0,0.0,0.00039622453739840977,0.0,3,False,False
100000002194329100,terminal,0.75,0,0.4062593026848249,"Конечный в выборке: получил 25 170 KZT в 1 переводах; исходящих переводов 0. Triage 0.41: оборот 25 170 KZT, PageRank 0.000287, кластер 277 уз.",1,0,25170.0,0.0,0.00028699378529969786,0.0,3,False,False
100000001884825100,terminal,0.75,7,0.46339130075925056,"Конечный в выборке: получил 495 000 KZT в 3 переводах; исходящих переводов 0. Triage 0.46: оборот 495 000 KZT, PageRank 0.000340, кластер 104 уз.",3,0,495000.0,0.0,0.0003401328344759944,0.0,3,False,False
100000008692291100,transit,0.8939731017402106,10,0.6518178245838355,"Транзит: вход 160 000 KZT, выход 156 000 KZT; отношение 98% к наблюдаемому входу. AML: IN/OUT близко. Triage 0.65: PR 0.000308, кластер 56 уз.",3,3,160000.0,156000.0,0.00030794832533529283,0.975,3,False,False
100000002697752100,terminal,0.75,3,0.4384031603728555,"Конечный в выборке: получил 190 785 KZT в 2 переводах; исходящих переводов 0. Triage 0.44: оборот 190 785 KZT, PageRank 0.000329, кластер 126 уз.",2,0,190785.0,0.0,0.0003294718251701097,0.0,3,False,False
100000007170072100,transit,0.8993820539545083,3,0.6591770058772297,"Транзит: вход 100 000 KZT, выход 99 500 KZT; отношение 100% к наблюдаемому входу. AML: IN/OUT близко. Triage 0.66: PR 0.000308, кластер 126 уз.",1,2,100000.0,99500.0,0.00030761570810177623,0.995,3,False,False
100000002373144100,peripheral,0.5,0,0.4144062030930137,"Периферийный: получил 46 468 KZT, отправил 10 764 KZT; связей вход/выход 1/1. Triage 0.41: оборот 57 232 KZT, PageRank 0.000290, кластер 277 уз.",1,1,46468.0,10764.0,0.00028969019604977743,0.2316432813979513,3,False,False
100000000287768100,terminal,0.75,0,0.4123594934939238,"Конечный в выборке: получил 35 168 KZT в 1 переводах; исходящих переводов 0. Triage 0.41: оборот 35 168 KZT, PageRank 0.000289, кластер 277 уз.",1,0,35168.0,0.0,0.0002886903140712227,0.0,3,False,False
100000004508696100,peripheral,0.5,38,0.40657498494202454,"Периферийный: получил 7 000 KZT, отправил 111 000 KZT; связей вход/выход 1/3. Активен 3 дн. AML-сигналы: структурный цикл. Triage 0.41: оборот 118 000 KZT, PageRank 0.000422, кластер 7 уз.",1,3,7000.0,111000.0,0.00042228583470987354,15.857142857142858,3,False,False
100000008688109100,terminal,0.75,1,0.39039501246144004,"Конечный в выборке: получил 12 800 KZT в 1 переводах; исходящих переводов 0. Triage 0.39: оборот 12 800 KZT, PageRank 0.000288, кластер 270 уз.",1,0,12800.0,0.0,0.0002875723863596745,0.0,3,False,False
100000008724461100,transit,0.8109461979024887,7,0.6367957526331119,"Транзит: вход 100 111 KZT, выход 130 000 KZT; отношение 130% к наблюдаемому входу. AML: IN/OUT близко. Triage 0.64: PR 0.000291, кластер 104 уз.",1,1,100111.0,130000.0,0.00029072920103348287,1.298558599954051,3,False,False
100000001714413100,terminal,0.75,4,0.4509132358306955,"Конечный в выборке: получил 250 172 KZT в 1 переводах; исходящих переводов 0. Triage 0.45: оборот 250 172 KZT, PageRank 0.000294, кластер 126 уз.",1,0,250172.0,0.0,0.0002936628030364139,0.0,3,False,False
100000008672493100,terminal,0.75,1,0.3919688364169967,"Конечный в выборке: получил 14 000 KZT в 1 переводах; исходящих переводов 0. Triage 0.39: оборот 14 000 KZT, PageRank 0.000288, кластер 270 уз.",1,0,14000.0,0.0,0.0002877593161131146,0.0,3,False,False
100000003241965100,terminal,0.75,8,0.38370801215825684,"Конечный в выборке: получил 15 000 KZT в 1 переводах; исходящих переводов 0. Triage 0.38: оборот 15 000 KZT, PageRank 0.000291, кластер 61 уз.",1,0,15000.0,0.0,0.00029115847774835294,0.0,3,False,False
100000002241986100,peripheral,0.5,39,0.4467206291820015,"Периферийный: получил 280 000 KZT, отправил 3 077 000 KZT; связей вход/выход 1/6. Triage 0.45: оборот 3 357 000 KZT, PageRank 0.000295, кластер 7 уз.",1,6,280000.0,3077000.0,0.0002946266979405078,10.989285714285714,3,False,False
100000004140994100,terminal,0.75,1,0.39701320304016985,"Конечный в выборке: получил 18 650 KZT в 1 переводах; исходящих переводов 0. Triage 0.40: оборот 18 650 KZT, PageRank 0.000288, кластер 270 уз.",1,0,18650.0,0.0,0.00028848366890769504,0.0,3,False,False
100000008489922100,distributor,0.9500115358751612,7,0.6386331521330468,"Распределитель: отправил 3 789 900 KZT в 41 переводах 36 получателям. Активен 15 дн. AML-сигналы: fan-out, структурный цикл. Triage 0.64: оборот 4 051 910 KZT, PageRank 0.000586, кластер 104 уз.",3,36,262010.0,3789900.0,0.0005856816005556295,14.464715087210411,3,False,False
100000001252290100,peripheral,0.5,4,0.3972653723832818,"Периферийный: получил 141 005 KZT, отправил 5 000 KZT; связей вход/выход 1/1. Triage 0.40: оборот 146 005 KZT, PageRank 0.000290, кластер 126 уз.",1,1,141005.0,5000.0,0.00029013506014399006,0.03545973547037339,3,False,False
100000008667799100,terminal,0.75,1,0.4076282466851605,"Конечный в выборке: получил 34 000 KZT в 1 переводах; исходящих переводов 0. Triage 0.41: оборот 34 000 KZT, PageRank 0.000291, кластер 270 уз.",1,0,34000.0,0.0,0.00029087481200378327,0.0,3,False,False
100000008684951100,terminal,0.75,1,0.39558830414733437,"Конечный в выборке: получил 17 200 KZT в 1 переводах; исходящих переводов 0. Triage 0.40: оборот 17 200 KZT, PageRank 0.000288, кластер 270 уз.",1,0,17200.0,0.0,0.0002882577954556216,0.0,3,False,False
100000006126743100,terminal,0.75,4,0.417356710519126,"Конечный в выборке: получил 55 000 KZT в 1 переводах; исходящих переводов 0. Triage 0.42: оборот 55 000 KZT, PageRank 0.000287, кластер 126 уз.",1,0,55000.0,0.0,0.00028735579967642283,0.0,3,False,False
100000003009900100,terminal,0.75,8,0.3848534592033548,"Конечный в выборке: получил 15 998 KZT в 1 переводах; исходящих переводов 0. Triage 0.38: оборот 15 998 KZT, PageRank 0.000292, кластер 61 уз.",1,0,15998.0,0.0,0.00029152973433109886,0.0,3,False,False
100000001745217100,terminal,0.75,0,0.41866046293707254,"Конечный в выборке: получил 50 000 KZT в 1 переводах; исходящих переводов 0. Triage 0.42: оборот 50 000 KZT, PageRank 0.000290, кластер 277 уз.",1,0,50000.0,0.0,0.0002900027255319239,0.0,3,False,False
100000002886166100,terminal,0.75,24,0.4303685743809293,"Конечный в выборке: получил 185 000 KZT в 3 переводах; исходящих переводов 0. Triage 0.43: оборот 185 000 KZT, PageRank 0.000325, кластер 17 уз.",1,0,185000.0,0.0,0.0003245311953849029,0.0,3,False,False
100000002956779100,terminal,0.75,2,0.4573277696251911,"Конечный в выборке: получил 411 000 KZT в 1 переводах; исходящих переводов 0. Triage 0.46: оборот 411 000 KZT, PageRank 0.000403, кластер 148 уз.",1,0,411000.0,0.0,0.0004029260846272678,0.0,3,False,False
100000008568512100,terminal,0.75,4,0.44512987712872504,"Конечный в выборке: получил 199 640 KZT в 1 переводах; исходящих переводов 0. Triage 0.45: оборот 199 640 KZT, PageRank 0.000292, кластер 126 уз.",1,0,199640.0,0.0,0.0002920298562316106,0.0,3,False,False
100000008583360100,peripheral,0.5,8,0.48800315516807496,"Периферийный: получил 112 843 KZT, отправил 170 000 KZT; связей вход/выход 1/1. Triage 0.49: оборот 282 843 KZT, PageRank 0.000328, кластер 61 уз.",1,1,112843.0,170000.0,0.000327556130880227,1.5065179054083992,3,False,False
100000001130176100,terminal,0.75,0,0.4222902244581449,"Конечный в выборке: получил 25 000 KZT в 2 переводах; исходящих переводов 0. Triage 0.42: оборот 25 000 KZT, PageRank 0.000558, кластер 277 уз.",1,0,25000.0,0.0,0.0005576889989348208,0.0,3,False,False
100000001145749100,terminal,0.75,2,0.3970233323713288,"Конечный в выборке: получил 10 000 KZT в 1 переводах; исходящих переводов 0. Triage 0.40: оборот 10 000 KZT, PageRank 0.000478, кластер 148 уз.",1,0,10000.0,0.0,0.00047816543662914935,0.0,3,False,False
100000005367445100,transit,0.8999999999999999,10,0.6892045130230269,"Транзит: вход 5 000 KZT, выход 5 000 KZT; отношение 100% к наблюдаемому входу. AML: IN/OUT близко, структ. цикл. Triage 0.69: PR 0.001948, кластер 56 уз.",1,1,5000.0,5000.0,0.00194844228272434,1.0,3,False,False
100000003917461100,peripheral,0.5,11,0.4230874619483749,"Периферийный: получил 10 000 KZT, отправил 140 000 KZT; связей вход/выход 1/2. Активен 5 дн. AML-сигналы: структурный цикл. Triage 0.42: оборот 150 000 KZT, PageRank 0.000399, кластер 55 уз.",1,2,10000.0,140000.0,0.0003988778336560424,14.0,3,False,False
100000008200810100,terminal,0.75,12,0.4482259106151899,"Конечный в выборке: получил 475 000 KZT в 1 переводах; исходящих переводов 0. Triage 0.45: оборот 475 000 KZT, PageRank 0.000308, кластер 51 уз.",1,0,475000.0,0.0,0.00030816350389117105,0.0,3,False,False
100000002554175100,terminal,0.75,8,0.3925635565796262,"Конечный в выборке: получил 24 621 KZT в 1 переводах; исходящих переводов 0. Triage 0.39: оборот 24 621 KZT, PageRank 0.000295, кластер 61 уз.",1,0,24621.0,0.0,0.00029473749536618725,0.0,3,False,False
100000008751380100,terminal,0.75,7,0.4477009810131405,"Конечный в выборке: получил 345 780 KZT в 2 переводах; исходящих переводов 0. Triage 0.45: оборот 345 780 KZT, PageRank 0.000313, кластер 104 уз.",2,0,345780.0,0.0,0.0003128688565530963,0.0,3,False,False
100000004071444100,peripheral,0.5,0,0.4634420655598989,"Периферийный: получил 247 350 KZT, отправил 100 000 KZT; связей вход/выход 1/1. Triage 0.46: оборот 347 350 KZT, PageRank 0.000307, кластер 277 уз.",1,1,247350.0,100000.0,0.0003074652661042927,0.40428542551041036,3,False,False
100000001141268100,peripheral,0.5,17,0.4362974060135933,"Периферийный: получил 480 000 KZT, отправил 10 000 KZT; связей вход/выход 2/1. Активен 2 дн. Triage 0.44: оборот 490 000 KZT, PageRank 0.000365, кластер 30 уз.",2,1,480000.0,10000.0,0.0003647672179013991,0.020833333333333332,3,False,False
100000002645993100,peripheral,0.5,0,0.5095286361621013,"Периферийный: получил 49 650 KZT, отправил 86 980 KZT; связей вход/выход 2/5. Активен 2 дн. AML-сигналы: структурный цикл. Triage 0.51: оборот 136 630 KZT, PageRank 0.000293, кластер 277 уз.",2,5,49650.0,86980.0,0.0002933033091442224,1.7518630412890233,3,False,False
100000002546921100,terminal,0.75,14,0.3902263095134334,"Конечный в выборке: получил 20 000 KZT в 1 переводах; исходящих переводов 0. Triage 0.39: оборот 20 000 KZT, PageRank 0.000291, кластер 44 уз.",1,0,20000.0,0.0,0.0002912427237652121,0.0,3,False,False
100000008753897100,terminal,0.75,1,0.4014978838931328,"Конечный в выборке: получил 24 050 KZT в 1 переводах; исходящих переводов 0. Triage 0.40: оборот 24 050 KZT, PageRank 0.000289, кластер 270 уз.",1,0,24050.0,0.0,0.0002893248527981756,0.0,3,False,False
100000000870121100,terminal,0.75,13,0.380214222118404,"Конечный в выборке: получил 12 000 KZT в 1 переводах; исходящих переводов 0. Triage 0.38: оборот 12 000 KZT, PageRank 0.000316, кластер 50 уз.",1,0,12000.0,0.0,0.00031562662476380623,0.0,3,False,False
100000003171006100,terminal,0.75,7,0.4690992124662269,"Конечный в выборке: получил 485 000 KZT в 2 переводах; исходящих переводов 0. Triage 0.47: оборот 485 000 KZT, PageRank 0.000335, кластер 104 уз.",2,0,485000.0,0.0,0.0003349033489568764,0.0,3,False,False
100000001690558100,terminal,0.75,18,0.4571734972527933,"Конечный в выборке: получил 740 000 KZT в 1 переводах; исходящих переводов 0. Triage 0.46: оборот 740 000 KZT, PageRank 0.000412, кластер 30 уз.",1,0,740000.0,0.0,0.0004119133897732411,0.0,3,False,False
100000008667795100,terminal,0.75,1,0.4076282466851605,"Конечный в выборке: получил 34 000 KZT в 1 переводах; исходящих переводов 0. Triage 0.41: оборот 34 000 KZT, PageRank 0.000291, кластер 270 уз.",1,0,34000.0,0.0,0.00029087481200378327,0.0,3,False,False
100000005674387100,terminal,0.75,1,0.40301107152053756,"Конечный в выборке: получил 26 200 KZT в 1 переводах; исходящих переводов 0. Triage 0.40: оборот 26 200 KZT, PageRank 0.000290, кластер 270 уз.",1,0,26200.0,0.0,0.0002896597686064225,0.0,3,False,False
100000003636627100,peripheral,0.5,6,0.5165537950776324,"Периферийный: получил 77 000 KZT, отправил 10 000 KZT; связей вход/выход 1/1. Активен 9 дн. AML-сигналы: структурный цикл. Triage 0.52: оборот 87 000 KZT, PageRank 0.002094, кластер 106 уз.",1,1,77000.0,10000.0,0.0020937448337428107,0.12987012987012986,3,False,False
100000001275752100,terminal,0.75,7,0.43214449450684295,"Конечный в выборке: получил 151 500 KZT в 1 переводах; исходящих переводов 0. Triage 0.43: оборот 151 500 KZT, PageRank 0.000293, кластер 104 уз.",1,0,151500.0,0.0,0.00029337317591137546,0.0,3,False,False
100000002459240100,terminal,0.75,4,0.43832849292933873,"Конечный в выборке: получил 150 000 KZT в 1 переводах; исходящих переводов 0. Triage 0.44: оборот 150 000 KZT, PageRank 0.000290, кластер 126 уз.",1,0,150000.0,0.0,0.0002904257344990365,0.0,3,False,False
100000002644285100,terminal,0.75,12,0.4491915177832867,"Конечный в выборке: получил 500 000 KZT в 1 переводах; исходящих переводов 0. Triage 0.45: оборот 500 000 KZT, PageRank 0.000309, кластер 51 уз.",1,0,500000.0,0.0,0.0003093521899386197,0.0,3,False,False
100000005186109100,terminal,0.75,15,0.3819681310902656,"Конечный в выборке: получил 5 000 KZT в 1 переводах; исходящих переводов 0. Triage 0.38: оборот 5 000 KZT, PageRank 0.000605, кластер 41 уз.",1,0,5000.0,0.0,0.0006053393607184168,0.0,3,False,False
100000005317181100,peripheral,0.5,0,0.40905205755557933,"Периферийный: получил 141 250 KZT, отправил 14 500 KZT; связей вход/выход 1/1. Triage 0.41: оборот 155 750 KZT, PageRank 0.000322, кластер 277 уз.",1,1,141250.0,14500.0,0.00032232283087872866,0.10265486725663717,3,False,False
100000003001661100,peripheral,0.5,28,0.45577962337308653,"Периферийный: получил 110 000 KZT, отправил 439 500 KZT; связей вход/выход 1/5. Активен 9 дн. AML-сигналы: структурный цикл. Triage 0.46: оборот 549 500 KZT, PageRank 0.000545, кластер 14 уз.",1,5,110000.0,439500.0,0.0005453950935740949,3.9954545454545456,3,False,False
100000000288317100,peripheral,0.5,3,0.4906245539929557,"Периферийный: получил 100 000 KZT, отправил 53 500 KZT; связей вход/выход 2/3. Активен 4 дн. Triage 0.49: оборот 153 500 KZT, PageRank 0.000313, кластер 126 уз.",2,3,100000.0,53500.0,0.0003127922818941751,0.535,3,False,False
100000004368189100,peripheral,0.5,12,0.43296917239830335,"Периферийный: получил 384 600 KZT, отправил 28 200 KZT; связей вход/выход 1/2. Активен 3 дн. Triage 0.43: оборот 412 800 KZT, PageRank 0.000304, кластер 51 уз.",1,2,384600.0,28200.0,0.00030386521514359674,0.07332293291731669,3,False,False
100000004493586100,terminal,0.75,0,0.38520788283531293,"Конечный в выборке: получил 7 500 KZT в 1 переводах; исходящих переводов 0. Triage 0.39: оборот 7 500 KZT, PageRank 0.000289, кластер 277 уз.",1,0,7500.0,0.0,0.00028864287815526344,0.0,3,False,False
100000004114962100,terminal,0.75,4,0.4647665750575176,"Конечный в выборке: получил 165 000 KZT в 2 переводах; исходящих переводов 0. Triage 0.46: оборот 165 000 KZT, PageRank 0.000711, кластер 126 уз.",2,0,165000.0,0.0,0.0007105376951430055,0.0,3,False,False
100000008088082100,transit,0.8171817947405042,13,0.5726546254661904,"Транзит: получил 39 138 KZT, отправил 50 000 KZT; исходящий оборот — 128% наблюдаемого входящего. Triage 0.57: оборот 89 138 KZT, PageRank 0.000300, кластер 50 уз.",1,1,39138.0,50000.0,0.0003000365645640196,1.2775307884920026,3,False,False
100000008595687100,peripheral,0.5,5,0.4220480387296065,"Периферийный: получил 64 395 KZT, отправил 10 400 KZT; связей вход/выход 1/1. Активен 2 дн. AML-сигналы: структурный цикл. Triage 0.42: оборот 74 795 KZT, PageRank 0.000305, кластер 125 уз.",1,1,64395.0,10400.0,0.00030484293980486115,0.161503222299868,3,False,False
100000001248999100,terminal,0.75,16,0.39018604043755073,"Конечный в выборке: получил 23 425 KZT в 1 переводах; исходящих переводов 0. Triage 0.39: оборот 23 425 KZT, PageRank 0.000289, кластер 41 уз.",1,0,23425.0,0.0,0.0002892584993233549,0.0,3,False,False
100000002736316100,terminal,0.75,0,0.46102483393884086,"Конечный в выборке: получил 266 921 KZT в 3 переводах; исходящих переводов 0. Triage 0.46: оборот 266 921 KZT, PageRank 0.000384, кластер 277 уз.",3,0,266921.0,0.0,0.00038363313239494416,0.0,3,False,False
100000008596924100,terminal,0.75,6,0.4313001337447567,"Конечный в выборке: получил 100 000 KZT в 1 переводах; исходящих переводов 0. Triage 0.43: оборот 100 000 KZT, PageRank 0.000416, кластер 106 уз.",1,0,100000.0,0.0,0.00041587755072335726,0.0,3,False,False
100000008598972100,terminal,0.75,3,0.42804199349358296,"Конечный в выборке: получил 120 000 KZT в 1 переводах; исходящих переводов 0. Triage 0.43: оборот 120 000 KZT, PageRank 0.000294, кластер 126 уз.",1,0,120000.0,0.0,0.000294111445615316,0.0,3,False,False
100000002769809100,terminal,0.75,18,0.4223973700122238,"Конечный в выборке: получил 113 422 KZT в 1 переводах; исходящих переводов 0. Triage 0.42: оборот 113 422 KZT, PageRank 0.000378, кластер 30 уз.",1,0,113422.0,0.0,0.00037763103470200897,0.0,3,False,False
100000003089553100,terminal,0.75,10,0.4283272072654093,"Конечный в выборке: получил 150 000 KZT в 1 переводах; исходящих переводов 0. Triage 0.43: оборот 150 000 KZT, PageRank 0.000307, кластер 56 уз.",1,0,150000.0,0.0,0.00030707515742714453,0.0,3,False,False
100000002343825100,peripheral,0.5,10,0.4787769213866685,"Периферийный: получил 350 000 KZT, отправил 89 800 KZT; связей вход/выход 3/2. Активен 3 дн. Triage 0.48: оборот 439 800 KZT, PageRank 0.000334, кластер 56 уз.",3,2,350000.0,89800.0,0.0003336286971289218,0.25657142857142856,3,False,False
100000002015633100,terminal,0.75,4,0.42834449502738997,"Конечный в выборке: получил 94 970 KZT в 1 переводах; исходящих переводов 0. Triage 0.43: оборот 94 970 KZT, PageRank 0.000289, кластер 126 уз.",1,0,94970.0,0.0,0.0002886474343591583,0.0,3,False,False
100000002906470100,terminal,0.75,18,0.42060216063405376,"Конечный в выборке: получил 130 000 KZT в 1 переводах; исходящих переводов 0. Triage 0.42: оборот 130 000 KZT, PageRank 0.000308, кластер 30 уз.",1,0,130000.0,0.0,0.00030777244155973744,0.0,3,False,False
100000005628518100,terminal,0.75,18,0.42491693859963336,"Конечный в выборке: получил 77 000 KZT в 3 переводах; исходящих переводов 0. Triage 0.42: оборот 77 000 KZT, PageRank 0.000533, кластер 30 уз.",1,0,77000.0,0.0,0.0005327153671549289,0.0,3,False,False
100000002958139100,terminal,0.75,7,0.43821359673635685,"Конечный в выборке: получил 209 500 KZT в 2 переводах; исходящих переводов 0. Triage 0.44: оборот 209 500 KZT, PageRank 0.000300, кластер 104 уз.",1,0,209500.0,0.0,0.0003003443929931604,0.0,3,False,False
100000008754747100,terminal,0.75,1,0.4128161777415788,"Конечный в выборке: получил 45 500 KZT в 1 переводах; исходящих переводов 0. Triage 0.41: оборот 45 500 KZT, PageRank 0.000293, кластер 270 уз.",1,0,45500.0,0.0,0.00029266622214091777,0.0,3,False,False
100000008776720100,terminal,0.75,1,0.40297729436112545,"Конечный в выборке: получил 26 150 KZT в 1 переводах; исходящих переводов 0. Triage 0.40: оборот 26 150 KZT, PageRank 0.000290, кластер 270 уз.",1,0,26150.0,0.0,0.00028965197986669585,0.0,3,False,False
100000008576528100,terminal,0.75,4,0.4045956325737804,"Конечный в выборке: получил 28 000 KZT в 1 переводах; исходящих переводов 0. Triage 0.40: оборот 28 000 KZT, PageRank 0.000286, кластер 126 уз.",1,0,28000.0,0.0,0.00028648329188473267,0.0,3,False,False
100000004603109100,consolidator,0.7000000000000001,23,0.7632277289822744,"Сборщик: вход 2 730 000 KZT от 3 контрагентов. AML: fan-in, структ. цикл. Triage 0.76: PR 0.003387, кластер 17 уз.",3,2,2730000.0,400000.0,0.003386712858913213,0.14652014652014653,3,False,False
100000008721637100,peripheral,0.5,6,0.4463254737608571,"Периферийный: получил 24 041 KZT, отправил 127 000 KZT; связей вход/выход 1/2. Активен 2 дн. Triage 0.45: оборот 151 041 KZT, PageRank 0.000290, кластер 106 уз.",1,2,24041.0,127000.0,0.00029045761669857235,5.282642152988644,3,False,False
100000004491749100,terminal,0.75,6,0.41531652263500435,"Конечный в выборке: получил 50 000 KZT в 1 переводах; исходящих переводов 0. Triage 0.42: оборот 50 000 KZT, PageRank 0.000351, кластер 106 уз.",1,0,50000.0,0.0,0.0003507280098565019,0.0,3,False,False
100000005171642100,transit,0.8943259706683718,27,0.7870701980354509,"Транзит: вход 696 800 KZT, выход 683 600 KZT; отношение 98% к наблюдаемому входу. AML: IN/OUT близко, структ. цикл. Triage 0.79: PR 0.002932, кластер 15 уз.",2,1,696800.0,683600.0,0.002932015923827467,0.9810562571756601,3,False,False
100000008682426100,terminal,0.75,14,0.3902263095134334,"Конечный в выборке: получил 20 000 KZT в 1 переводах; исходящих переводов 0. Triage 0.39: оборот 20 000 KZT, PageRank 0.000291, кластер 44 уз.",1,0,20000.0,0.0,0.0002912427237652121,0.0,3,False,False
100000006209210100,terminal,0.75,6,0.44245717217540964,"Конечный в выборке: получил 229 111 KZT в 1 переводах; исходящих переводов 0. Triage 0.44: оборот 229 111 KZT, PageRank 0.000361, кластер 106 уз.",1,0,229111.0,0.0,0.000360666846495525,0.0,3,False,False
100000003888527100,terminal,0.75,41,0.3866992146671262,"Конечный в выборке: получил 30 000 KZT в 1 переводах; исходящих переводов 0. Triage 0.39: оборот 30 000 KZT, PageRank 0.000367, кластер 7 уз.",1,0,30000.0,0.0,0.00036652608058519097,0.0,3,False,False
100000008490127100,peripheral,0.5,4,0.5137653119782681,"Периферийный: получил 431 755 KZT, отправил 923 000 KZT; связей вход/выход 1/6. Triage 0.51: оборот 1 354 755 KZT, PageRank 0.000300, кластер 126 уз.",1,6,431755.0,923000.0,0.00029953067645635756,2.137786476126507,3,False,False
100000004336228100,terminal,0.75,3,0.427528335613822,"Конечный в выборке: получил 51 407 KZT в 2 переводах; исходящих переводов 0. Triage 0.43: оборот 51 407 KZT, PageRank 0.000296, кластер 126 уз.",1,0,51407.0,0.0,0.00029601157685840197,0.0,3,False,False
100000006844004100,terminal,0.75,0,0.41816344782721965,"Конечный в выборке: получил 20 600 KZT в 1 переводах; исходящих переводов 0. Triage 0.42: оборот 20 600 KZT, PageRank 0.000545, кластер 277 уз.",1,0,20600.0,0.0,0.000545130789880091,0.0,3,False,False
100000001688676100,terminal,0.75,18,0.4211294361779482,"Конечный в выборке: получил 133 700 KZT в 1 переводах; исходящих переводов 0. Triage 0.42: оборот 133 700 KZT, PageRank 0.000308, кластер 30 уз.",1,0,133700.0,0.0,0.00030840411616365543,0.0,3,False,False
100000008712036100,terminal,0.75,1,0.39910460619740723,"Конечный в выборке: получил 21 000 KZT в 1 переводах; исходящих переводов 0. Triage 0.40: оборот 21 000 KZT, PageRank 0.000289, кластер 270 уз.",1,0,21000.0,0.0,0.00028884973967484865,0.0,3,False,False
100000004697956100,transit,0.8999999999999999,6,0.608708546166951,"Транзит: вход 10 000 KZT, выход 10 000 KZT; отношение 100% к наблюдаемому входу. AML: структ. цикл. Triage 0.61: PR 0.000468, кластер 106 уз.",1,1,10000.0,10000.0,0.00046813594739007866,1.0,3,False,False
100000004921657100,peripheral,0.5,2,0.45486891358217796,"Периферийный: получил 8 300 KZT, отправил 22 190 KZT; связей вход/выход 1/1. Triage 0.45: оборот 30 490 KZT, PageRank 0.000361, кластер 148 уз.",1,1,8300.0,22190.0,0.00036115745288365324,2.6734939759036145,3,False,False
100000000408846100,terminal,0.75,26,0.39449543525182573,"Конечный в выборке: получил 40 500 KZT в 1 переводах; исходящих переводов 0. Triage 0.39: оборот 40 500 KZT, PageRank 0.000296, кластер 15 уз.",1,0,40500.0,0.0,0.00029569893422397954,0.0,3,False,False
100000003406094100,transit,0.8023197185432196,5,0.6195018510811491,"Транзит: вход 70 000 KZT, выход 47 000 KZT; отношение 67% к наблюдаемому входу. AML: IN/OUT близко, структ. цикл. Triage 0.62: PR 0.000776, кластер 125 уз.",1,3,70000.0,47000.0,0.0007764443989682146,0.6714285714285714,3,False,False
100000008695566100,terminal,0.75,1,0.4074708987090397,"Конечный в выборке: получил 33 700 KZT в 1 переводах; исходящих переводов 0. Triage 0.41: оборот 33 700 KZT, PageRank 0.000291, кластер 270 уз.",1,0,33700.0,0.0,0.00029082807956542323,0.0,3,False,False
100000005974542100,terminal,0.75,22,0.4211812717143545,"Конечный в выборке: получил 94 500 KZT в 3 переводах; исходящих переводов 0. Triage 0.42: оборот 94 500 KZT, PageRank 0.000485, кластер 18 уз.",1,0,94500.0,0.0,0.0004851066956201044,0.0,3,False,False
100000001887715100,peripheral,0.5,17,0.5671911067137304,"Периферийный: получил 1 331 500 KZT, отправил 750 000 KZT; связей вход/выход 3/1. Triage 0.57: оборот 2 081 500 KZT, PageRank 0.000730, кластер 30 уз.",3,1,1331500.0,750000.0,0.0007304305440519728,0.5632745024408562,3,False,False
100000002472632100,peripheral,0.5,25,0.4409473660552327,"Периферийный: получил 502 400 KZT, отправил 20 000 KZT; связей вход/выход 2/1. Triage 0.44: оборот 522 400 KZT, PageRank 0.000984, кластер 15 уз.",2,1,502400.0,20000.0,0.0009841667669027363,0.03980891719745223,3,False,False
100000004629688100,peripheral,0.5,15,0.4075240854813725,"Периферийный: получил 5 000 KZT, отправил 15 000 KZT; связей вход/выход 1/1. Активен 3 дн. AML-сигналы: структурный цикл. Triage 0.41: оборот 20 000 KZT, PageRank 0.000388, кластер 41 уз.",1,1,5000.0,15000.0,0.00038751571617642904,3.0,3,False,False
100000002459832100,terminal,0.75,3,0.46908138993250736,"Конечный в выборке: получил 880 606 KZT в 2 переводах; исходящих переводов 0. Triage 0.47: оборот 880 606 KZT, PageRank 0.000393, кластер 126 уз.",2,0,880606.0,0.0,0.0003929759982153978,0.0,3,False,False
100000006100920100,terminal,0.75,0,0.43264996408337086,"Конечный в выборке: получил 100 000 KZT в 1 переводах; исходящих переводов 0. Triage 0.43: оборот 100 000 KZT, PageRank 0.000326, кластер 277 уз.",1,0,100000.0,0.0,0.0003264372578645384,0.0,3,False,False
100000001439416100,peripheral,0.5,0,0.40646971822317235,"Периферийный: получил 10 000 KZT, отправил 165 000 KZT; связей вход/выход 1/2. AML-сигналы: структурный цикл. Triage 0.41: оборот 175 000 KZT, PageRank 0.000343, кластер 277 уз.",1,2,10000.0,165000.0,0.00034295702084111764,16.5,3,False,False
100000002121357100,peripheral,0.5,10,0.45904459076365883,"Периферийный: получил 255 300 KZT, отправил 113 000 KZT; связей вход/выход 2/1. Triage 0.46: оборот 368 300 KZT, PageRank 0.000326, кластер 56 уз.",2,1,255300.0,113000.0,0.0003262384023959751,0.4426165295730513,3,False,False
100000002970466100,peripheral,0.5,0,0.44045518156927493,"Периферийный: получил 23 317 KZT, отправил 93 000 KZT; связей вход/выход 1/2. Активен 4 дн. Triage 0.44: оборот 116 317 KZT, PageRank 0.000287, кластер 277 уз.",1,2,23317.0,93000.0,0.00028688959057889826,3.9885062400823434,3,False,False
100000002581346100,terminal,0.75,4,0.4407378896752969,"Конечный в выборке: получил 166 400 KZT в 1 переводах; исходящих переводов 0. Triage 0.44: оборот 166 400 KZT, PageRank 0.000291, кластер 126 уз.",1,0,166400.0,0.0,0.0002909557021947298,0.0,3,False,False
100000008738658100,terminal,0.75,1,0.40536100165869193,"Конечный в выборке: получил 29 920 KZT в 1 переводах; исходящих переводов 0. Triage 0.41: оборот 29 920 KZT, PageRank 0.000290, кластер 270 уз.",1,0,29920.0,0.0,0.00029023925084208687,0.0,3,False,False
100000005910114100,distributor,0.7893820470392375,0,0.6466118569597077,"Распределитель: выход 1 469 993 KZT к 19 получателям. AML: fan-out, split, структ. цикл. Triage 0.65: PR 0.000361, кластер 277 уз.",3,19,326144.0,1469993.0,0.00036147741865414523,4.507190075549451,3,False,False
100000001046626100,terminal,0.75,4,0.43832849292933873,"Конечный в выборке: получил 150 000 KZT в 1 переводах; исходящих переводов 0. Triage 0.44: оборот 150 000 KZT, PageRank 0.000290, кластер 126 уз.",1,0,150000.0,0.0,0.0002904257344990365,0.0,3,False,False
100000006492770100,peripheral,0.5,0,0.4377223163102288,"Периферийный: получил 269 000 KZT, отправил 20 000 KZT; связей вход/выход 1/1. Активен 2 дн. Triage 0.44: оборот 289 000 KZT, PageRank 0.000301, кластер 277 уз.",1,1,269000.0,20000.0,0.0003007044160458168,0.07434944237918216,3,False,False
100000001674850100,terminal,0.75,10,0.45090326263087427,"Конечный в выборке: получил 237 000 KZT в 2 переводах; исходящих переводов 0. Triage 0.45: оборот 237 000 KZT, PageRank 0.000314, кластер 56 уз.",2,0,237000.0,0.0,0.0003140875786089381,0.0,3,False,False
100000000860514100,peripheral,0.5,25,0.3844754358889571,"Периферийный: получил 12 000 KZT, отправил 50 000 KZT; связей вход/выход 1/1. Triage 0.38: оборот 62 000 KZT, PageRank 0.000306, кластер 15 уз.",1,1,12000.0,50000.0,0.0003062500133678667,4.166666666666667,3,False,False
100000003650146100,terminal,0.75,5,0.3917404622994472,"Конечный в выборке: получил 14 400 KZT в 1 переводах; исходящих переводов 0. Triage 0.39: оборот 14 400 KZT, PageRank 0.000300, кластер 125 уз.",1,0,14400.0,0.0,0.00030010931842391794,0.0,3,False,False
100000001227106100,terminal,0.75,4,0.44050588049101486,"Конечный в выборке: получил 164 765 KZT в 1 переводах; исходящих переводов 0. Triage 0.44: оборот 164 765 KZT, PageRank 0.000291, кластер 126 уз.",1,0,164765.0,0.0,0.0002909028670006774,0.0,3,False,False
100000003647799100,terminal,0.75,4,0.42942851036703694,"Конечный в выборке: получил 100 000 KZT в 1 переводах; исходящих переводов 0. Triage 0.43: оборот 100 000 KZT, PageRank 0.000289, кластер 126 уз.",1,0,100000.0,0.0,0.00028880997932923983,0.0,3,False,False
100000008293431100,peripheral,0.5,0,0.4144932624489231,"Периферийный: получил 15 000 KZT, отправил 297 000 KZT; связей вход/выход 1/5. AML-сигналы: структурный цикл. Triage 0.41: оборот 312 000 KZT, PageRank 0.000287, кластер 277 уз.",1,5,15000.0,297000.0,0.00028690574595232975,19.8,3,False,False
100000002975287100,terminal,0.75,16,0.3824034477843285,"Конечный в выборке: получил 15 000 KZT в 1 переводах; исходящих переводов 0. Triage 0.38: оборот 15 000 KZT, PageRank 0.000289, кластер 41 уз.",1,0,15000.0,0.0,0.0002891958901167666,0.0,3,False,False
100000008507703100,terminal,0.75,1,0.4044998567963156,"Конечный в выборке: получил 28 500 KZT в 1 переводах; исходящих переводов 0. Triage 0.40: оборот 28 500 KZT, PageRank 0.000290, кластер 270 уз.",1,0,28500.0,0.0,0.0002900180506338494,0.0,3,False,False
100000001733687100,terminal,0.75,7,0.44485673783879437,"Конечный в выборке: получил 300 000 KZT в 1 переводах; исходящих переводов 0. Triage 0.44: оборот 300 000 KZT, PageRank 0.000307, кластер 104 уз.",1,0,300000.0,0.0,0.0003067229902357284,0.0,3,False,False
100000004552204100,peripheral,0.5,32,0.4285829043943644,"Периферийный: получил 22 500 KZT, отправил 10 000 KZT; связей вход/выход 1/2. AML-сигналы: структурный цикл. Triage 0.43: оборот 32 500 KZT, PageRank 0.000862, кластер 10 уз.",1,2,22500.0,10000.0,0.0008622914374704857,0.4444444444444444,3,False,False
100000008223756100,terminal,0.75,3,0.44968032393229457,"Конечный в выборке: получил 331 682 KZT в 2 переводах; исходящих переводов 0. Triage 0.45: оборот 331 682 KZT, PageRank 0.000356, кластер 126 уз.",2,0,331682.0,0.0,0.00035612585209394396,0.0,3,False,False
100000002956769100,terminal,0.75,12,0.4784034507572016,"Конечный в выборке: получил 840 000 KZT в 3 переводах; исходящих переводов 0. Triage 0.48: оборот 840 000 KZT, PageRank 0.000385, кластер 51 уз.",3,0,840000.0,0.0,0.00038467006845118823,0.0,3,False,False
100000008555233100,terminal,0.75,17,0.445938450002251,"Конечный в выборке: получил 440 600 KZT в 1 переводах; исходящих переводов 0. Triage 0.45: оборот 440 600 KZT, PageRank 0.000363, кластер 30 уз.",1,0,440600.0,0.0,0.00036331668531654573,0.0,3,False,False
100000002346166100,terminal,0.75,1,0.37711979617659636,"Конечный в выборке: получил 6 000 KZT в 1 переводах; исходящих переводов 0. Triage 0.38: оборот 6 000 KZT, PageRank 0.000287, кластер 270 уз.",1,0,6000.0,0.0,0.00028651311775684715,0.0,3,False,False
100000000878006100,terminal,0.75,4,0.4143241497797942,"Конечный в выборке: получил 47 003 KZT в 1 переводах; исходящих переводов 0. Triage 0.41: оборот 47 003 KZT, PageRank 0.000287, кластер 126 уз.",1,0,47003.0,0.0,0.00028709737579456554,0.0,3,False,False
100000004997515100,peripheral,0.5,7,0.4439904846516056,"Периферийный: получил 395 000 KZT, отправил 54 500 KZT; связей вход/выход 4/4. Активен 8 дн. Triage 0.44: оборот 449 500 KZT, PageRank 0.000357, кластер 104 уз.",4,4,395000.0,54500.0,0.00035653174119832244,0.1379746835443038,3,False,False
100000007653003100,terminal,0.75,16,0.4162411952059987,"Конечный в выборке: получил 100 000 KZT в 1 переводах; исходящих переводов 0. Triage 0.42: оборот 100 000 KZT, PageRank 0.000301, кластер 41 уз.",1,0,100000.0,0.0,0.00030128831032884973,0.0,3,False,False
100000000661131100,terminal,0.75,1,0.3938707690650965,"Конечный в выборке: получил 15 600 KZT в 1 переводах; исходящих переводов 0. Triage 0.39: оборот 15 600 KZT, PageRank 0.000288, кластер 270 уз.",1,0,15600.0,0.0,0.0002880085557843681,0.0,3,False,False
100000003880331100,distributor,0.7704154150039262,3,0.6313562071624185,"Распределитель: выход 3 904 908 KZT к 16 получателям. AML: fan-out, структ. цикл. Triage 0.63: PR 0.000308, кластер 126 уз.",1,16,100000.0,3904908.0,0.00030761570810177623,39.04908,3,False,False
100000003204491100,transit,0.8147267455738193,0,0.6385690879969478,"Транзит: вход 140 000 KZT, выход 100 000 KZT; отношение 71% к наблюдаемому входу. AML: IN/OUT близко. Triage 0.64: PR 0.000298, кластер 277 уз.",1,1,140000.0,100000.0,0.0002979663873080232,0.7142857142857143,3,False,False
100000008463968100,terminal,0.75,1,0.3860642742080312,"Конечный в выборке: получил 10 000 KZT в 1 переводах; исходящих переводов 0. Triage 0.39: оборот 10 000 KZT, PageRank 0.000287, кластер 270 уз.",1,0,10000.0,0.0,0.00028713621693498084,0.0,3,False,False
100000002712416100,terminal,0.75,12,0.42343142807067524,"Конечный в выборке: получил 116 800 KZT в 2 переводах; исходящих переводов 0. Triage 0.42: оборот 116 800 KZT, PageRank 0.000303, кластер 51 уз.",2,0,116800.0,0.0,0.0003026436140738338,0.0,3,False,False
100000008754997100,terminal,0.75,1,0.3963885377232647,"Конечный в выборке: получил 18 000 KZT в 1 переводах; исходящих переводов 0. Triage 0.40: оборот 18 000 KZT, PageRank 0.000288, кластер 270 уз.",1,0,18000.0,0.0,0.00028838241529124833,0.0,3,False,False
100000008011573100,terminal,0.75,16,0.3824034477843285,"Конечный в выборке: получил 15 000 KZT в 1 переводах; исходящих переводов 0. Triage 0.38: оборот 15 000 KZT, PageRank 0.000289, кластер 41 уз.",1,0,15000.0,0.0,0.0002891958901167666,0.0,3,False,False
100000003178549100,peripheral,0.5,16,0.44640590399891433,"Периферийный: получил 250 000 KZT, отправил 89 080 KZT; связей вход/выход 2/4. AML-сигналы: структурный цикл. Triage 0.45: оборот 339 080 KZT, PageRank 0.000352, кластер 41 уз.",2,4,250000.0,89080.0,0.00035203908555198375,0.35632,3,False,False
100000000534581100,transit,0.8148799162059034,3,0.5813401142215061,"Транзит: получил 55 960 KZT, отправил 40 000 KZT; исходящий оборот — 71% наблюдаемого входящего. Triage 0.58: оборот 95 960 KZT, PageRank 0.000298, кластер 126 уз.",2,1,55960.0,40000.0,0.00029843177491613093,0.7147962830593281,3,False,False
100000007138613100,peripheral,0.5,0,0.47277349494781423,"Периферийный: получил 1 002 000 KZT, отправил 179 000 KZT; связей вход/выход 3/2. Triage 0.47: оборот 1 181 000 KZT, PageRank 0.000354, кластер 277 уз.",3,2,1002000.0,179000.0,0.00035405885838312633,0.17864271457085829,3,False,False
100000002380341100,terminal,0.75,0,0.42197732927173287,"Конечный в выборке: получил 57 566 KZT в 1 переводах; исходящих переводов 0. Triage 0.42: оборот 57 566 KZT, PageRank 0.000309, кластер 277 уз.",1,0,57566.4,0.0,0.00030909940282852224,0.0,3,False,False
100000008309514100,terminal,0.75,1,0.39558830414733437,"Конечный в выборке: получил 17 200 KZT в 1 переводах; исходящих переводов 0. Triage 0.40: оборот 17 200 KZT, PageRank 0.000288, кластер 270 уз.",1,0,17200.0,0.0,0.0002882577954556216,0.0,3,False,False
100000003134474100,terminal,0.75,4,0.43260210923385295,"Конечный в выборке: получил 116 000 KZT в 1 переводах; исходящих переводов 0. Triage 0.43: оборот 116 000 KZT, PageRank 0.000289, кластер 126 уз.",1,0,116000.0,0.0,0.00028932702098357477,0.0,3,False,False
100000002373386100,terminal,0.75,1,0.40146112581457466,"Конечный в выборке: получил 24 000 KZT в 1 переводах; исходящих переводов 0. Triage 0.40: оборот 24 000 KZT, PageRank 0.000289, кластер 270 уз.",1,0,24000.0,0.0,0.00028931706405844896,0.0,3,False,False
100000008684767100,terminal,0.75,1,0.40604653051345757,"Конечный в выборке: получил 31 100 KZT в 1 переводах; исходящих переводов 0. Triage 0.41: оборот 31 100 KZT, PageRank 0.000290, кластер 270 уз.",1,0,31100.0,0.0,0.00029042306509963634,0.0,3,False,False
100000008332511100,terminal,0.75,6,0.472826695123127,"Конечный в выборке: получил 100 000 KZT в 1 переводах; исходящих переводов 0. Triage 0.47: оборот 100 000 KZT, PageRank 0.001110, кластер 106 уз.",1,0,100000.0,0.0,0.001110315080561307,0.0,3,False,False
100000005754335100,terminal,0.75,41,0.395657691995887,"Конечный в выборке: получил 44 037 KZT в 1 переводах; исходящих переводов 0. Triage 0.40: оборот 44 037 KZT, PageRank 0.000404, кластер 7 уз.",1,0,44037.0,0.0,0.0004044014680507462,0.0,3,False,False
100000008547295100,terminal,0.75,6,0.40694494346015125,"Конечный в выборке: получил 15 000 KZT в 1 переводах; исходящих переводов 0. Triage 0.41: оборот 15 000 KZT, PageRank 0.000562, кластер 106 уз.",1,0,15000.0,0.0,0.0005618341849549537,0.0,3,False,False
100000001875167100,terminal,0.75,4,0.498537456216596,"Конечный в выборке: получил 1 000 000 KZT в 2 переводах; исходящих переводов 0. Triage 0.50: оборот 1 000 000 KZT, PageRank 0.000318, кластер 126 уз.",1,0,1000000.0,0.0,0.0003178935723855795,0.0,3,False,False
100000004670388100,peripheral,0.5,49,0.4741835141865969,"Периферийный: получил 160 354 KZT, отправил 720 000 KZT; связей вход/выход 1/2. Активен 3 дн. AML-сигналы: структурный цикл. Triage 0.47: оборот 880 354 KZT, PageRank 0.000513, кластер 5 уз.",1,2,160354.0,720000.0,0.0005134367678213023,4.490065729573319,3,False,False
100000004097972100,peripheral,0.5,0,0.43744404790843894,"Периферийный: получил 118 878 KZT, отправил 10 000 KZT; связей вход/выход 1/2. Активен 2 дн. Triage 0.44: оборот 128 878 KZT, PageRank 0.000317, кластер 277 уз.",1,2,118878.0,10000.0,0.0003165030442296487,0.0841198539679335,3,False,False
100000000481716100,terminal,0.75,8,0.3778799262733599,"Конечный в выборке: получил 8 000 KZT в 1 переводах; исходящих переводов 0. Triage 0.38: оборот 8 000 KZT, PageRank 0.000377, кластер 61 уз.",1,0,8000.0,0.0,0.0003770015516161068,0.0,3,False,False
100000005089460100,terminal,0.75,1,0.38969553030250903,"Конечный в выборке: получил 12 300 KZT в 1 переводах; исходящих переводов 0. Triage 0.39: оборот 12 300 KZT, PageRank 0.000287, кластер 270 уз.",1,0,12300.0,0.0,0.00028749449896240775,0.0,3,False,False
100000003105929100,peripheral,0.5,4,0.48355061560985796,"Периферийный: получил 429 567 KZT, отправил 156 354 KZT; связей вход/выход 1/1. Triage 0.48: оборот 585 921 KZT, PageRank 0.000299, кластер 126 уз.",1,1,429567.0,156354.0,0.00029945997101012725,0.3639804733603838,3,False,False
100000008379273100,transit,0.8838198312743024,8,0.6108529958751988,"Транзит: получил 36 000 KZT, отправил 38 000 KZT; исходящий оборот — 106% наблюдаемого входящего. Активен 5 дн. Triage 0.61: оборот 74 000 KZT, PageRank 0.000299, кластер 61 уз.",2,4,36000.0,38000.0,0.0002990005129779532,1.0555555555555556,3,False,False
100000005357705100,peripheral,0.5,3,0.45872460065054715,"Периферийный: получил 52 595 KZT, отправил 387 080 KZT; связей вход/выход 1/4. Активен 4 дн. Triage 0.46: оборот 439 675 KZT, PageRank 0.000296, кластер 126 уз.",1,4,52595.0,387080.0,0.00029625268278070984,7.35963494628767,3,False,False
100000003111305100,terminal,0.75,27,0.4503024050369366,"Конечный в выборке: получил 509 338 KZT в 4 переводах; исходящих переводов 0. Triage 0.45: оборот 509 338 KZT, PageRank 0.000404, кластер 15 уз.",4,0,509338.0,0.0,0.0004035484669072045,0.0,3,False,False
100000008503177100,terminal,0.75,3,0.4058959848932783,"Конечный в выборке: получил 33 951 KZT в 1 переводах; исходящих переводов 0. Triage 0.41: оборот 33 951 KZT, PageRank 0.000292, кластер 126 уз.",1,0,33951.0,0.0,0.00029246886222893527,0.0,3,False,False
100000000955529100,peripheral,0.5,2,0.43604230695046475,"Периферийный: получил 27 000 KZT, отправил 63 500 KZT; связей вход/выход 1/1. Triage 0.44: оборот 90 500 KZT, PageRank 0.000296, кластер 148 уз.",1,1,27000.0,63500.0,0.0002956224847553181,2.3518518518518516,3,False,False
100000008695689100,terminal,0.75,1,0.40301107152053756,"Конечный в выборке: получил 26 200 KZT в 1 переводах; исходящих переводов 0. Triage 0.40: оборот 26 200 KZT, PageRank 0.000290, кластер 270 уз.",1,0,26200.0,0.0,0.0002896597686064225,0.0,3,False,False
100000004184158100,terminal,0.75,0,0.4448705945577358,"Конечный в выборке: получил 203 805 KZT в 1 переводах; исходящих переводов 0. Triage 0.44: оборот 203 805 KZT, PageRank 0.000304, кластер 277 уз.",1,0,203805.0,0.0,0.00030361218108162336,0.0,3,False,False
100000005475379100,transit,0.8257321789631596,9,0.5911909633482337,"Транзит: получил 108 370 KZT, отправил 81 000 KZT; исходящий оборот — 75% наблюдаемого входящего. Triage 0.59: оборот 189 370 KZT, PageRank 0.000421, кластер 59 уз.",1,3,108370.0,81000.0,0.00042138796540777104,0.7474393282273692,3,False,False
100000003093299100,terminal,0.75,0,0.3971835926920587,"Конечный в выборке: получил 15 000 KZT в 1 переводах; исходящих переводов 0. Triage 0.40: оборот 15 000 KZT, PageRank 0.000286, кластер 277 уз.",1,0,15000.0,0.0,0.000286421923286459,0.0,3,False,False
100000008767027100,terminal,0.75,17,0.36323397196308405,"Конечный в выборке: получил 5 000 KZT в 1 переводах; исходящих переводов 0. Triage 0.36: оборот 5 000 KZT, PageRank 0.000286, кластер 30 уз.",1,0,5000.0,0.0,0.0002863410658777237,0.0,3,False,False
100000004539443100,terminal,0.75,2,0.4715301167510689,"Конечный в выборке: получил 61 990 KZT в 2 переводах; исходящих переводов 0. Triage 0.47: оборот 61 990 KZT, PageRank 0.000955, кластер 148 уз.",2,0,61990.0,0.0,0.0009549771905739211,0.0,3,False,False
100000007863304100,terminal,0.75,4,0.4025096042882689,"Конечный в выборке: получил 25 000 KZT в 1 переводах; исходящих переводов 0. Triage 0.40: оборот 25 000 KZT, PageRank 0.000286, кластер 126 уз.",1,0,25000.0,0.0,0.00028638634657454485,0.0,3,False,False
100000004959752100,terminal,0.75,2,0.42920672691523376,"Конечный в выборке: получил 22 200 KZT в 1 переводах; исходящих переводов 0. Triage 0.43: оборот 22 200 KZT, PageRank 0.000784, кластер 148 уз.",1,0,22200.0,0.0,0.0007837981267211542,0.0,3,False,False
100000002214664100,peripheral,0.5,1,0.43423012382693255,"Периферийный: получил 7 950 KZT, отправил 76 950 KZT; связей вход/выход 1/1. Triage 0.43: оборот 84 900 KZT, PageRank 0.000287, кластер 270 уз.",1,1,7950.0,76950.0,0.00028681687860618733,9.679245283018869,3,False,False
100000008192264100,transit,0.8541908009582727,4,0.6575427813327269,"Транзит: вход 162 810 KZT, выход 187 910 KZT; отношение 115% к наблюдаемому входу. AML: IN/OUT близко. Triage 0.66: PR 0.000291, кластер 126 уз.",1,1,162810.0,187910.0,0.00029083969097353835,1.1541674344327744,3,False,False
100000000942301100,terminal,0.75,0,0.4215693670949353,"Конечный в выборке: получил 57 580 KZT в 2 переводах; исходящих переводов 0. Triage 0.42: оборот 57 580 KZT, PageRank 0.000301, кластер 277 уз.",1,0,57580.0,0.0,0.000300557161786626,0.0,3,False,False
100000002578653100,terminal,0.75,46,0.3781144676036391,"Конечный в выборке: получил 20 000 KZT в 1 переводах; исходящих переводов 0. Triage 0.38: оборот 20 000 KZT, PageRank 0.000311, кластер 6 уз.",1,0,20000.0,0.0,0.000311279506039034,0.0,3,False,False
100000002511581100,terminal,0.75,1,0.395992925507265,"Конечный в выборке: получил 17 600 KZT в 1 переводах; исходящих переводов 0. Triage 0.40: оборот 17 600 KZT, PageRank 0.000288, кластер 270 уз.",1,0,17600.0,0.0,0.00028832010537343497,0.0,3,False,False
100000005610717100,peripheral,0.5,0,0.5402768140440711,"Периферийный: получил 484 500 KZT, отправил 265 200 KZT; связей вход/выход 4/1. Активен 8 дн. Triage 0.54: оборот 749 700 KZT, PageRank 0.000344, кластер 277 уз.",4,1,484500.0,265200.0,0.0003443951285209848,0.5473684210526316,3,False,False
100000005704413100,peripheral,0.5,8,0.5051602097825849,"peripheral: вход 97 835 KZT, выход 1 363 593 KZT. AML: fan-out, структ. цикл. Triage 0.51: PR 0.000599, кластер 61 уз.",3,32,97834.67,1363593.0,0.0005991815854291042,13.9377278014021,3,False,False
100000000976943100,transit,0.8405001379189599,9,0.6277809662003535,"Транзит: вход 70 000 KZT, выход 84 000 KZT; отношение 120% к наблюдаемому входу. AML: IN/OUT близко. Triage 0.63: PR 0.000373, кластер 59 уз.",1,1,70000.0,84000.0,0.00037330260619799496,1.2,3,False,False
100000008708061100,terminal,0.75,1,0.3835228403864739,"Конечный в выборке: получил 8 650 KZT в 1 переводах; исходящих переводов 0. Triage 0.38: оборот 8 650 KZT, PageRank 0.000287, кластер 270 уз.",1,0,8650.0,0.0,0.00028692592096236073,0.0,3,False,False
100000003986141100,terminal,0.75,16,0.36407628452395674,"Конечный в выборке: получил 5 286 KZT в 1 переводах; исходящих переводов 0. Triage 0.36: оборот 5 286 KZT, PageRank 0.000287, кластер 41 уз.",1,0,5286.32,0.0,0.0002868533253664943,0.0,3,False,False
100000005037490100,peripheral,0.5,13,0.45722647102878045,"Периферийный: получил 15 000 KZT, отправил 30 000 KZT; связей вход/выход 1/2. Активен 3 дн. AML-сигналы: структурный цикл. Triage 0.46: оборот 45 000 KZT, PageRank 0.000323, кластер 50 уз.",1,2,15000.0,30000.0,0.0003231386637073462,2.0,3,False,False
100000004257714100,terminal,0.75,1,0.4152810297131933,"Конечный в выборке: получил 52 220 KZT в 1 переводах; исходящих переводов 0. Triage 0.42: оборот 52 220 KZT, PageRank 0.000294, кластер 270 уз.",1,0,52220.0,0.0,0.00029371302876018247,0.0,3,False,False
100000000569479100,terminal,0.75,0,0.45704650983461453,"Конечный в выборке: получил 320 000 KZT в 1 переводах; исходящих переводов 0. Triage 0.46: оборот 320 000 KZT, PageRank 0.000395, кластер 277 уз.",1,0,320000.0,0.0,0.0003948025154014213,0.0,3,False,False
100000007303047100,terminal,0.75,1,0.41529132477783226,"Конечный в выборке: получил 52 250 KZT в 1 переводах; исходящих переводов 0. Triage 0.42: оборот 52 250 KZT, PageRank 0.000294, кластер 270 уз.",1,0,52250.0,0.0,0.0002937177020040185,0.0,3,False,False
100000008708743100,terminal,0.75,1,0.3938143223279671,"Конечный в выборке: получил 15 550 KZT в 1 переводах; исходящих переводов 0. Triage 0.39: оборот 15 550 KZT, PageRank 0.000288, кластер 270 уз.",1,0,15550.0,0.0,0.0002880007670446414,0.0,3,False,False
100000008745863100,terminal,0.75,1,0.40063272145107787,"Конечный в выборке: получил 22 900 KZT в 1 переводах; исходящих переводов 0. Triage 0.40: оборот 22 900 KZT, PageRank 0.000289, кластер 270 уз.",1,0,22900.0,0.0,0.0002891457117844622,0.0,3,False,False
100000005048668100,peripheral,0.5,3,0.4349646373963893,"Периферийный: получил 16 668 KZT, отправил 159 400 KZT; связей вход/выход 2/8. Активен 10 дн. AML-сигналы: структурный цикл. Triage 0.43: оборот 176 068 KZT, PageRank 0.000289, кластер 126 уз.",2,8,16668.0,159400.0,0.0002885514046334113,9.563234941204703,3,False,False
100000006522972100,terminal,0.75,4,0.385809401222694,"Конечный в выборке: получил 9 515 KZT в 1 переводах; исходящих переводов 0. Triage 0.39: оборот 9 515 KZT, PageRank 0.000303, кластер 126 уз.",1,0,9515.0,0.0,0.0003032911512025815,0.0,3,False,False
100000008759857100,peripheral,0.5,17,0.43174856069809,"Периферийный: получил 5 000 KZT, отправил 994 000 KZT; связей вход/выход 1/2. Активен 3 дн. Triage 0.43: оборот 999 000 KZT, PageRank 0.000286, кластер 30 уз.",1,2,5000.0,994000.0,0.0002863410658777237,198.8,3,False,False
100000005342513100,peripheral,0.5,1,0.5006423908743692,"Периферийный: получил 235 000 KZT, отправил 30 000 KZT; связей вход/выход 1/1. Активен 2 дн. AML-сигналы: структурный цикл. Triage 0.50: оборот 265 000 KZT, PageRank 0.001143, кластер 270 уз.",1,1,235000.0,30000.0,0.0011428675499592232,0.1276595744680851,3,False,False
100000004750897100,terminal,0.75,15,0.3871244331401309,"Конечный в выборке: получил 10 000 KZT в 1 переводах; исходящих переводов 0. Triage 0.39: оборот 10 000 KZT, PageRank 0.000489, кластер 41 уз.",1,0,10000.0,0.0,0.0004894529633632115,0.0,3,False,False
100000001140785100,terminal,0.75,10,0.44927801733805056,"Конечный в выборке: получил 215 000 KZT в 2 переводах; исходящих переводов 0. Triage 0.45: оборот 215 000 KZT, PageRank 0.000315, кластер 56 уз.",2,0,215000.0,0.0,0.00031532056238334525,0.0,3,False,False
100000002821425100,terminal,0.75,12,0.43812589519452083,"Конечный в выборке: получил 275 000 KZT в 1 переводах; исходящих переводов 0. Triage 0.44: оборот 275 000 KZT, PageRank 0.000299, кластер 51 уз.",1,0,275000.0,0.0,0.0002986540155115818,0.0,3,False,False
100000003221510100,peripheral,0.5,0,0.4238266724855967,"Периферийный: получил 24 000 KZT, отправил 120 000 KZT; связей вход/выход 1/2. Triage 0.42: оборот 144 000 KZT, PageRank 0.000287, кластер 277 уз.",1,2,24000.0,120000.0,0.00028692799586454645,5.0,3,False,False
100000003031003100,terminal,0.75,12,0.44701599189148555,"Конечный в выборке: получил 280 090 KZT в 3 переводах; исходящих переводов 0. Triage 0.45: оборот 280 090 KZT, PageRank 0.000311, кластер 51 уз.",3,0,280090.0,0.0,0.0003114719130320872,0.0,3,False,False
100000003060187100,terminal,0.75,18,0.4143916621561012,"Конечный в выборке: получил 93 046 KZT в 1 переводах; исходящих переводов 0. Triage 0.41: оборот 93 046 KZT, PageRank 0.000301, кластер 30 уз.",1,0,93046.0,0.0,0.00030146354877239024,0.0,3,False,False
100000008718811100,terminal,0.75,1,0.42139083654665244,"Конечный в выборке: получил 73 300 KZT в 1 переводах; исходящих переводов 0. Triage 0.42: оборот 73 300 KZT, PageRank 0.000297, кластер 270 уз.",1,0,73300.0,0.0,0.00029699676142894724,0.0,3,False,False
100000008043184100,terminal,0.75,16,0.40386804062230064,"Конечный в выборке: получил 50 564 KZT в 1 переводах; исходящих переводов 0. Triage 0.40: оборот 50 564 KZT, PageRank 0.000294, кластер 41 уз.",1,0,50564.0,0.0,0.00029352199316440123,0.0,3,False,False
100000002530224100,terminal,0.75,7,0.42691281559262156,"Конечный в выборке: получил 113 000 KZT в 1 переводах; исходящих переводов 0. Triage 0.43: оборот 113 000 KZT, PageRank 0.000291, кластер 104 уз.",1,0,113000.0,0.0,0.0002913923427992529,0.0,3,False,False
100000008754608100,terminal,0.75,1,0.38969553030250903,"Конечный в выборке: получил 12 300 KZT в 1 переводах; исходящих переводов 0. Triage 0.39: оборот 12 300 KZT, PageRank 0.000287, кластер 270 уз.",1,0,12300.0,0.0,0.00028749449896240775,0.0,3,False,False
100000006989232100,terminal,0.75,0,0.40418837609531844,"Конечный в выборке: получил 22 194 KZT в 1 переводах; исходящих переводов 0. Triage 0.40: оборот 22 194 KZT, PageRank 0.000288, кластер 277 уз.",1,0,22194.0,0.0,0.00028754230798363264,0.0,3,False,False
100000006532229100,terminal,0.75,10,0.42172149424128375,"Конечный в выборке: получил 105 000 KZT в 1 переводах; исходящих переводов 0. Triage 0.42: оборот 105 000 KZT, PageRank 0.000301, кластер 56 уз.",1,0,105000.0,0.0,0.00030062615089589514,0.0,3,False,False
100000005661829100,transit,0.8809367933953921,18,0.6265666913158223,"Транзит: вход 37 790 KZT, выход 40 362 KZT; отношение 107% к наблюдаемому входу. AML: IN/OUT близко. Triage 0.63: PR 0.000292, кластер 30 уз.",1,2,37790.0,40362.0,0.00029203008609290606,1.0680603334215402,3,False,False
100000004553349100,terminal,0.75,4,0.38204696573780794,"Конечный в выборке: получил 7 755 KZT в 1 переводах; исходящих переводов 0. Triage 0.38: оборот 7 755 KZT, PageRank 0.000300, кластер 126 уз.",1,0,7755.0,0.0,0.0003000148169204201,0.0,3,False,False
100000002945626100,terminal,0.75,7,0.466130282198107,"Конечный в выборке: получил 584 000 KZT в 3 переводах; исходящих переводов 0. Triage 0.47: оборот 584 000 KZT, PageRank 0.000338, кластер 104 уз.",3,0,584000.0,0.0,0.00033769933229714017,0.0,3,False,False
100000008775471100,terminal,0.75,17,0.4646129001130728,"Конечный в выборке: получил 580 000 KZT в 2 переводах; исходящих переводов 0. Triage 0.46: оборот 580 000 KZT, PageRank 0.000358, кластер 30 уз.",1,0,580000.0,0.0,0.00035829931811460087,0.0,3,False,False
100000000404740100,peripheral,0.5,25,0.33022075484842484,"Depth=4: граф обрезан, terminal не подтверждён. Роль peripheral. Получил 25 000 KZT, исходящих 0. Triage 0.33: оборот 25 000 KZT, PageRank 0.000558, кластер 15 уз.",1,0,25000.0,0.0,0.0005576048555076805,0.0,4,False,True
100000004268036100,peripheral,0.5,19,0.28835672952463953,"Depth=4: граф обрезан, terminal не подтверждён. Роль peripheral. Получил 5 500 KZT, исходящих 0. Triage 0.29: оборот 5 500 KZT, PageRank 0.000289, кластер 29 уз.",1,0,5500.0,0.0,0.0002885182485113871,0.0,4,False,True
100000001256409100,peripheral,0.5,3,0.3293885779127422,"Depth=4: граф обрезан, terminal не подтверждён. Роль peripheral. Получил 8 000 KZT, исходящих 0. Triage 0.33: оборот 8 000 KZT, PageRank 0.000547, кластер 126 уз.",1,0,8000.0,0.0,0.0005468401756604944,0.0,4,False,True
100000005360814100,peripheral,0.5,3,0.3730151506306373,"Depth=4: граф обрезан, terminal не подтверждён. Роль peripheral. Получил 144 000 KZT, исходящих 0. Triage 0.37: оборот 144 000 KZT, PageRank 0.000434, кластер 126 уз.",1,0,144000.0,0.0,0.00043350886390675894,0.0,4,False,True
100000002369454100,peripheral,0.5,3,0.3421909101280797,"Depth=4: граф обрезан, terminal не подтверждён. Роль peripheral. Получил 25 000 KZT, исходящих 0. Triage 0.34: оборот 25 000 KZT, PageRank 0.000429, кластер 126 уз.",1,0,25000.0,0.0,0.00042866088632308386,0.0,4,False,True
100000004272302100,peripheral,0.5,46,0.29811982983640123,"Depth=4: граф обрезан, terminal не подтверждён. Роль peripheral. Получил 10 000 KZT, исходящих 0. Triage 0.30: оборот 10 000 KZT, PageRank 0.000288, кластер 6 уз.",1,0,10000.0,0.0,0.0002877407335368741,0.0,4,False,True
100000008727982100,peripheral,0.5,27,0.34989889320805395,"Depth=4: граф обрезан, terminal не подтверждён. Роль peripheral. Получил 30 000 KZT, исходящих 0. Triage 0.35: оборот 30 000 KZT, PageRank 0.000515, кластер 15 уз.",1,0,30000.0,0.0,0.000515481728541389,0.0,4,False,True
100000000600707100,peripheral,0.5,37,0.3477492388960876,"Depth=4: граф обрезан, terminal не подтверждён. Роль peripheral. Получил 89 000 KZT, исходящих 0. Triage 0.35: оборот 89 000 KZT, PageRank 0.000570, кластер 8 уз.",1,0,89000.0,0.0,0.0005696031103676724,0.0,4,False,True
100000004500781100,peripheral,0.5,14,0.3798708308649039,"Depth=4: граф обрезан, terminal не подтверждён. Роль peripheral. Получил 74 000 KZT, исходящих 0. Triage 0.38: оборот 74 000 KZT, PageRank 0.000680, кластер 44 уз.",1,0,74000.0,0.0,0.0006803524250434264,0.0,4,False,True
100000008703533100,peripheral,0.5,10,0.34904868389514987,"Depth=4: граф обрезан, terminal не подтверждён. Роль peripheral. Получил 75 000 KZT, исходящих 0. Triage 0.35: оборот 75 000 KZT, PageRank 0.000296, кластер 56 уз.",1,0,75000.0,0.0,0.0002955244431833592,0.0,4,False,True
100000004549591100,peripheral,0.5,38,0.3258287709869875,"Depth=4: граф обрезан, terminal не подтверждён. Роль peripheral. Получил 49 000 KZT, исходящих 0. Triage 0.33: оборот 49 000 KZT, PageRank 0.000444, кластер 7 уз.",1,0,49000.0,0.0,0.0004440307664328148,0.0,4,False,True
100000002700161100,peripheral,0.5,50,0.3485082409441963,"Depth=4: граф обрезан, terminal не подтверждён. Роль peripheral. Получил 39 000 KZT, исходящих 0. Triage 0.35: оборот 39 000 KZT, PageRank 0.000901, кластер 5 уз.",1,0,39000.0,0.0,0.0009010894839243727,0.0,4,False,True
100000003134550100,peripheral,0.5,10,0.3542638184537943,"Depth=4: граф обрезан, terminal не подтверждён. Роль peripheral. Получил 100 000 KZT, исходящих 0. Triage 0.35: оборот 100 000 KZT, PageRank 0.000299, кластер 56 уз.",1,0,100000.0,0.0,0.0002988397679145968,0.0,4,False,True
100000001957974100,peripheral,0.5,14,0.38158785493407765,"Depth=4: граф обрезан, terminal не подтверждён. Роль peripheral. Получил 500 000 KZT, исходящих 0. Triage 0.38: оборот 500 000 KZT, PageRank 0.000320, кластер 44 уз.",1,0,500000.0,0.0,0.0003201348786808101,0.0,4,False,True
100000001246806100,peripheral,0.5,7,0.37728625120629855,"Depth=4: граф обрезан, terminal не подтверждён. Роль peripheral. Получил 130 000 KZT, исходящих 0. Triage 0.38: оборот 130 000 KZT, PageRank 0.000533, кластер 104 уз.",1,0,130000.0,0.0,0.0005326982898748413,0.0,4,False,True
100000003622955100,peripheral,0.5,9,0.38056443772258225,"Depth=4: граф обрезан, terminal не подтверждён. Роль peripheral. Получил 15 000 KZT, исходящих 0. Triage 0.38: оборот 15 000 KZT, PageRank 0.001328, кластер 59 уз.",1,0,15000.0,0.0,0.0013275142414664372,0.0,4,False,True
100000003692843100,peripheral,0.5,62,0.37330422006606867,"Depth=4: граф обрезан, terminal не подтверждён. Роль peripheral. Получил 510 000 KZT, исходящих 0. Triage 0.37: оборот 510 000 KZT, PageRank 0.000529, кластер 3 уз.",1,0,510000.0,0.0,0.0005291770324973584,0.0,4,False,True
100000008629504100,peripheral,0.5,0,0.3366090953954428,"Depth=4: граф обрезан, terminal не подтверждён. Роль peripheral. Получил 20 000 KZT, исходящих 0. Triage 0.34: оборот 20 000 KZT, PageRank 0.000302, кластер 277 уз.",1,0,20000.0,0.0,0.00030200068340487275,0.0,4,False,True
100000005621418100,peripheral,0.5,26,0.3234833431407067,"Depth=4: граф обрезан, terminal не подтверждён. Роль peripheral. Получил 30 000 KZT, исходящих 0. Triage 0.32: оборот 30 000 KZT, PageRank 0.000308, кластер 15 уз.",1,0,30000.0,0.0,0.0003077616276206755,0.0,4,False,True
100000004167082100,peripheral,0.5,13,0.3196444284477275,"Depth=4: граф обрезан, terminal не подтверждён. Роль peripheral. Получил 13 300 KZT, исходящих 0. Triage 0.32: оборот 13 300 KZT, PageRank 0.000385, кластер 50 уз.",1,0,13300.0,0.0,0.0003848018741372438,0.0,4,False,True
100000004379306100,peripheral,0.5,3,0.3394488211794708,"Depth=4: граф обрезан, terminal не подтверждён. Роль peripheral. Получил 15 000 KZT, исходящих 0. Triage 0.34: оборот 15 000 KZT, PageRank 0.000532, кластер 126 уз.",1,0,15000.0,0.0,0.0005317703365594794,0.0,4,False,True
100000004856746100,peripheral,0.5,34,0.3116712502262139,"Depth=4: граф обрезан, terminal не подтверждён. Роль peripheral. Получил 20 000 KZT, исходящих 0. Triage 0.31: оборот 20 000 KZT, PageRank 0.000300, кластер 10 уз.",1,0,20000.0,0.0,0.0002999993677244593,0.0,4,False,True
100000004891562100,peripheral,0.5,19,0.3426469435764558,"Depth=4: граф обрезан, terminal не подтверждён. Роль peripheral. Получил 103 400 KZT, исходящих 0. Triage 0.34: оборот 103 400 KZT, PageRank 0.000341, кластер 29 уз.",1,0,103400.0,0.0,0.00034084632399837,0.0,4,False,True
100000007042175100,peripheral,0.5,0,0.36962402827192486,"Depth=4: граф обрезан, terminal не подтверждён. Роль peripheral. Получил 60 000 KZT, исходящих 0. Triage 0.37: оборот 60 000 KZT, PageRank 0.000534, кластер 277 уз.",1,0,60000.0,0.0,0.0005337212116689944,0.0,4,False,True
100000002670463100,peripheral,0.5,19,0.3196206901298987,"Depth=4: граф обрезан, terminal не подтверждён. Роль peripheral. Получил 31 500 KZT, исходящих 0. Triage 0.32: оборот 31 500 KZT, PageRank 0.000302, кластер 29 уз.",1,0,31500.0,0.0,0.0003024153880687064,0.0,4,False,True
100000005567828100,peripheral,0.5,8,0.35097800553306957,"Depth=4: граф обрезан, terminal не подтверждён. Роль peripheral. Получил 94 000 KZT, исходящих 0. Triage 0.35: оборот 94 000 KZT, PageRank 0.000321, кластер 61 уз.",1,0,94000.0,0.0,0.0003206876318243732,0.0,4,False,True
100000004200745100,peripheral,0.5,11,0.37168197303518585,"Depth=4: граф обрезан, terminal не подтверждён. Роль peripheral. Получил 130 000 KZT, исходящих 0. Triage 0.37: оборот 130 000 KZT, PageRank 0.000600, кластер 55 уз.",1,0,130000.0,0.0,0.000600407044849059,0.0,4,False,True
100000003989033100,peripheral,0.5,9,0.3944541381702977,"Depth=4: граф обрезан, terminal не подтверждён. Роль peripheral. Получил 373 400 KZT, исходящих 0. Triage 0.39: оборот 373 400 KZT, PageRank 0.000598, кластер 59 уз.",1,0,373400.0,0.0,0.0005984572026237207,0.0,4,False,True
100000005146665100,peripheral,0.5,57,0.28448258056456466,"Depth=4: граф обрезан, terminal не подтверждён. Роль peripheral. Получил 5 500 KZT, исходящих 0. Triage 0.28: оборот 5 500 KZT, PageRank 0.000286, кластер 4 уз.",1,0,5500.0,0.0,0.00028646203916433326,0.0,4,False,True
100000003096787100,peripheral,0.5,8,0.3187966461482055,"Depth=4: граф обрезан, terminal не подтверждён. Роль peripheral. Получил 16 400 KZT, исходящих 0. Triage 0.32: оборот 16 400 KZT, PageRank 0.000292, кластер 61 уз.",1,0,16400.0,0.0,0.0002917038973991095,0.0,4,False,True
100000003074515100,peripheral,0.5,7,0.3596090288063227,"Depth=4: граф обрезан, terminal не подтверждён. Роль peripheral. Получил 105 000 KZT, исходящих 0. Triage 0.36: оборот 105 000 KZT, PageRank 0.000299, кластер 104 уз.",1,0,105000.0,0.0,0.00029937093920028403,0.0,4,False,True
100000004377043100,peripheral,0.5,28,0.29473246991008134,"Depth=4: граф обрезан, terminal не подтверждён. Роль peripheral. Получил 5 700 KZT, исходящих 0. Triage 0.29: оборот 5 700 KZT, PageRank 0.000363, кластер 14 уз.",1,0,5700.0,0.0,0.00036335872824940917,0.0,4,False,True
100000008680061100,peripheral,0.5,4,0.3453476617724206,"Depth=4: граф обрезан, terminal не подтверждён. Роль peripheral. Получил 41 300 KZT, исходящих 0. Triage 0.35: оборот 41 300 KZT, PageRank 0.000311, кластер 126 уз.",1,0,41300.0,0.0,0.00031063296374965764,0.0,4,False,True
100000008471634100,peripheral,0.5,25,0.36008685488823805,"Depth=4: граф обрезан, terminal не подтверждён. Роль peripheral. Получил 20 000 KZT, исходящих 0. Triage 0.36: оборот 20 000 KZT, PageRank 0.001122, кластер 15 уз.",1,0,20000.0,0.0,0.0011221202208852579,0.0,4,False,True
100000002119762100,peripheral,0.5,4,0.38346359643896916,"Depth=4: граф обрезан, terminal не подтверждён. Роль peripheral. Получил 77 000 KZT, исходящих 0. Triage 0.38: оборот 77 000 KZT, PageRank 0.000529, кластер 126 уз.",1,0,77000.0,0.0,0.0005292540741256133,0.0,4,False,True
100000008628818100,peripheral,0.5,8,0.33756720296394044,"Depth=4: граф обрезан, terminal не подтверждён. Роль peripheral. Получил 46 310 KZT, исходящих 0. Triage 0.34: оборот 46 310 KZT, PageRank 0.000303, кластер 61 уз.",1,0,46310.0,0.0,0.0003028753342117337,0.0,4,False,True
100000007510567100,peripheral,0.5,8,0.33971520108692105,"Depth=4: граф обрезан, terminal не подтверждён. Роль peripheral. Получил 52 000 KZT, исходящих 0. Triage 0.34: оборот 52 000 KZT, PageRank 0.000305, кластер 61 уз.",1,0,52000.0,0.0,0.0003050005590684315,0.0,4,False,True
100000004780327100,peripheral,0.5,19,0.3021680958095466,"Depth=4: граф обрезан, terminal не подтверждён. Роль peripheral. Получил 12 000 KZT, исходящих 0. Triage 0.30: оборот 12 000 KZT, PageRank 0.000292, кластер 29 уз.",1,0,12000.0,0.0,0.00029199253340071697,0.0,4,False,True
100000008376785100,peripheral,0.5,4,0.38882220130309686,"Depth=4: граф обрезан, terminal не подтверждён. Роль peripheral. Получил 234 250 KZT, исходящих 0. Triage 0.39: оборот 234 250 KZT, PageRank 0.000532, кластер 126 уз.",1,0,234250.0,0.0,0.0005315256643189216,0.0,4,False,True
100000005745873100,peripheral,0.5,40,0.35332344092981155,"Depth=4: граф обрезан, terminal не подтверждён. Роль peripheral. Получил 223 000 KZT, исходящих 0. Triage 0.35: оборот 223 000 KZT, PageRank 0.000316, кластер 7 уз.",1,0,223000.0,0.0,0.00031629542554038013,0.0,4,False,True
100000002594214100,peripheral,0.5,39,0.38444666673160066,"Depth=4: граф обрезан, terminal не подтверждён. Роль peripheral. Получил 1 000 000 KZT, исходящих 0. Triage 0.38: оборот 1 000 000 KZT, PageRank 0.000367, кластер 7 уз.",1,0,1000000.0,0.0,0.00036696705958318815,0.0,4,False,True
100000001299323100,peripheral,0.5,7,0.3602924508842182,"Depth=4: граф обрезан, terminal не подтверждён. Роль peripheral. Получил 109 000 KZT, исходящих 0. Triage 0.36: оборот 109 000 KZT, PageRank 0.000300, кластер 104 уз.",1,0,109000.0,0.0,0.0002998963666368798,0.0,4,False,True
100000003838587100,peripheral,0.5,14,0.3184924914692036,"Depth=4: граф обрезан, terminal не подтверждён. Роль peripheral. Получил 6 000 KZT, исходящих 0. Triage 0.32: оборот 6 000 KZT, PageRank 0.000555, кластер 44 уз.",1,0,6000.0,0.0,0.0005548005587148693,0.0,4,False,True
100000000673915100,peripheral,0.5,36,0.31143193047157613,"Depth=4: граф обрезан, terminal не подтверждён. Роль peripheral. Получил 20 200 KZT, исходящих 0. Triage 0.31: оборот 20 200 KZT, PageRank 0.000288, кластер 8 уз.",1,0,20200.0,0.0,0.0002875833333213754,0.0,4,False,True
100000003061115100,peripheral,0.5,0,0.3646007300807308,"Depth=4: граф обрезан, terminal не подтверждён. Роль peripheral. Получил 45 000 KZT, исходящих 0. Triage 0.36: оборот 45 000 KZT, PageRank 0.000534, кластер 277 уз.",1,0,45000.0,0.0,0.0005336132547503201,0.0,4,False,True
100000004326224100,peripheral,0.5,4,0.36525224706969933,"Depth=4: граф обрезан, terminal не подтверждён. Роль peripheral. Получил 60 000 KZT, исходящих 0. Triage 0.37: оборот 60 000 KZT, PageRank 0.000535, кластер 126 уз.",1,0,60000.0,0.0,0.00053458201064068,0.0,4,False,True
100000004988240100,peripheral,0.5,0,0.35022267236878063,"Depth=4: граф обрезан, terminal не подтверждён. Роль peripheral. Получил 20 000 KZT, исходящих 0. Triage 0.35: оборот 20 000 KZT, PageRank 0.000530, кластер 277 уз.",1,0,20000.0,0.0,0.0005296569189912968,0.0,4,False,True
100000008525136100,peripheral,0.5,0,0.32970785722007356,"Depth=4: граф обрезан, terminal не подтверждён. Роль peripheral. Получил 14 100 KZT, исходящих 0. Triage 0.33: оборот 14 100 KZT, PageRank 0.000289, кластер 277 уз.",1,0,14100.0,0.0,0.00028852563054939355,0.0,4,False,True
100000001991973100,peripheral,0.5,19,0.31204111062873413,"Depth=4: граф обрезан, terminal не подтверждён. Роль peripheral. Получил 20 800 KZT, исходящих 0. Triage 0.31: оборот 20 800 KZT, PageRank 0.000297, кластер 29 уз.",1,0,20800.0,0.0,0.00029669618063550194,0.0,4,False,True
100000004569637100,peripheral,0.5,3,0.3232110132174151,"Depth=4: граф обрезан, terminal не подтверждён. Роль peripheral. Получил 5 500 KZT, исходящих 0. Triage 0.32: оборот 5 500 KZT, PageRank 0.000553, кластер 126 уз.",1,0,5500.0,0.0,0.000552789973191707,0.0,4,False,True
100000008675322100,peripheral,0.5,36,0.362564547491279,"Depth=4: граф обрезан, terminal не подтверждён. Роль peripheral. Получил 340 000 KZT, исходящих 0. Triage 0.36: оборот 340 000 KZT, PageRank 0.000319, кластер 8 уз.",1,0,340000.0,0.0,0.0003193237102167659,0.0,4,False,True
100000004235471100,peripheral,0.5,4,0.3732860349936763,"Depth=4: граф обрезан, terminal не подтверждён. Роль peripheral. Получил 180 000 KZT, исходящих 0. Triage 0.37: оборот 180 000 KZT, PageRank 0.000349, кластер 126 уз.",1,0,180000.0,0.0,0.00034854303750032065,0.0,4,False,True
100000003194831100,peripheral,0.5,9,0.30334776875498437,"Depth=4: граф обрезан, terminal не подтверждён. Роль peripheral. Получил 6 265 KZT, исходящих 0. Triage 0.30: оборот 6 265 KZT, PageRank 0.000291, кластер 59 уз.",1,0,6265.0,0.0,0.00029082802781722414,0.0,4,False,True
100000008588665100,peripheral,0.5,0,0.3435123349649983,"Depth=4: граф обрезан, terminal не подтверждён. Роль peripheral. Получил 25 000 KZT, исходящих 0. Triage 0.34: оборот 25 000 KZT, PageRank 0.000352, кластер 277 уз.",1,0,25000.0,0.0,0.0003523686608842911,0.0,4,False,True
100000003230329100,peripheral,0.5,7,0.36045956752232244,"Depth=4: граф обрезан, terminal не подтверждён. Роль peripheral. Получил 110 000 KZT, исходящих 0. Triage 0.36: оборот 110 000 KZT, PageRank 0.000300, кластер 104 уз.",1,0,110000.0,0.0,0.00030002772349602873,0.0,4,False,True
100000002217806100,peripheral,0.5,38,0.32900341859585996,"Depth=4: граф обрезан, terminal не подтверждён. Роль peripheral. Получил 55 000 KZT, исходящих 0. Triage 0.33: оборот 55 000 KZT, PageRank 0.000463, кластер 7 уз.",1,0,55000.0,0.0,0.000463433088568713,0.0,4,False,True
100000004041294100,peripheral,0.5,25,0.32312297051195726,"Depth=4: граф обрезан, terminal не подтверждён. Роль peripheral. Получил 17 800 KZT, исходящих 0. Triage 0.32: оборот 17 800 KZT, PageRank 0.000301, кластер 15 уз.",1,0,17800.0,0.0,0.00030084408817928845,0.0,4,False,True
100000008583971100,peripheral,0.5,0,0.35458817663502956,"Depth=4: граф обрезан, terminal не подтверждён. Роль peripheral. Получил 51 000 KZT, исходящих 0. Triage 0.35: оборот 51 000 KZT, PageRank 0.000330, кластер 277 уз.",2,0,51000.0,0.0,0.00032967452070710565,0.0,4,False,True
100000008251939100,peripheral,0.5,8,0.33677343700368134,"Depth=4: граф обрезан, terminal не подтверждён. Роль peripheral. Получил 44 360 KZT, исходящих 0. Triage 0.34: оборот 44 360 KZT, PageRank 0.000302, кластер 61 уз.",1,0,44360.0,0.0,0.00030214700583377927,0.0,4,False,True
100000004049912100,peripheral,0.5,18,0.3103712330059605,"Depth=4: граф обрезан, terminal не подтверждён. Роль peripheral. Получил 10 000 KZT, исходящих 0. Triage 0.31: оборот 10 000 KZT, PageRank 0.000325, кластер 30 уз.",1,0,10000.0,0.0,0.0003245171159875598,0.0,4,False,True
100000002227960100,peripheral,0.5,21,0.29893556233147445,"Depth=4: граф обрезан, terminal не подтверждён. Роль peripheral. Получил 10 000 KZT, исходящих 0. Triage 0.30: оборот 10 000 KZT, PageRank 0.000299, кластер 20 уз.",1,0,10000.0,0.0,0.0002994105126138655,0.0,4,False,True
100000008677368100,peripheral,0.5,6,0.3369278817902103,"Depth=4: граф обрезан, terminal не подтверждён. Роль peripheral. Получил 13 500 KZT, исходящих 0. Triage 0.34: оборот 13 500 KZT, PageRank 0.000534, кластер 106 уз.",1,0,13500.0,0.0,0.0005337435102675832,0.0,4,False,True
100000008631800100,peripheral,0.5,19,0.3033886560329466,"Depth=4: граф обрезан, terminal не подтверждён. Роль peripheral. Получил 12 850 KZT, исходящих 0. Triage 0.30: оборот 12 850 KZT, PageRank 0.000292, кластер 29 уз.",1,0,12850.0,0.0,0.00029244686296316775,0.0,4,False,True
100000003220685100,peripheral,0.5,4,0.4333128214164903,"Depth=4: граф обрезан, terminal не подтверждён. Роль peripheral. Получил 1 306 000 KZT, исходящих 0. Triage 0.43: оборот 1 306 000 KZT, PageRank 0.000537, кластер 126 уз.",1,0,1306000.0,0.0,0.0005372899274388335,0.0,4,False,True
100000003072205100,peripheral,0.5,7,0.3826288599068724,"Depth=4: граф обрезан, terminal не подтверждён. Роль peripheral. Получил 163 000 KZT, исходящих 0. Triage 0.38: оборот 163 000 KZT, PageRank 0.000319, кластер 104 уз.",2,0,163000.0,0.0,0.00031894811329131296,0.0,4,False,True
100000001202637100,peripheral,0.5,8,0.32552281767765573,"Depth=4: граф обрезан, terminal не подтверждён. Роль peripheral. Получил 10 000 KZT, исходящих 0. Triage 0.33: оборот 10 000 KZT, PageRank 0.000548, кластер 61 уз.",1,0,10000.0,0.0,0.0005484411009348082,0.0,4,False,True
100000002835874100,peripheral,0.5,7,0.349104227379637,"Depth=4: граф обрезан, terminal не подтверждён. Роль peripheral. Получил 58 700 KZT, исходящих 0. Triage 0.35: оборот 58 700 KZT, PageRank 0.000293, кластер 104 уз.",1,0,58700.0,0.0,0.00029328911662168867,0.0,4,False,True
100000002707106100,peripheral,0.5,14,0.3184329334149673,"Depth=4: граф обрезан, terminal не подтверждён. Роль peripheral. Получил 15 000 KZT, исходящих 0. Triage 0.32: оборот 15 000 KZT, PageRank 0.000287, кластер 44 уз.",1,0,15000.0,0.0,0.00028661516128038146,0.0,4,False,True
100000008343415100,peripheral,0.5,3,0.3823337905068158,"Depth=4: граф обрезан, terminal не подтверждён. Роль peripheral. Получил 100 000 KZT, исходящих 0. Triage 0.38: оборот 100 000 KZT, PageRank 0.000434, кластер 126 уз.",1,0,100000.0,0.0,0.00043380808249702824,0.0,4,False,True
100000004981068100,peripheral,0.5,3,0.3232259595166238,"Depth=4: граф обрезан, terminal не подтверждён. Роль peripheral. Получил 10 000 KZT, исходящих 0. Triage 0.32: оборот 10 000 KZT, PageRank 0.000379, кластер 126 уз.",1,0,10000.0,0.0,0.0003787161385201926,0.0,4,False,True
100000004241142100,peripheral,0.5,0,0.35553404612898337,"Depth=4: граф обрезан, terminal не подтверждён. Роль peripheral. Получил 27 102 KZT, исходящих 0. Triage 0.36: оборот 27 102 KZT, PageRank 0.000530, кластер 277 уз.",1,0,27102.0,0.0,0.000529862058322346,0.0,4,False,True
100000008190411100,peripheral,0.5,51,0.3560915280702376,"Depth=4: граф обрезан, terminal не подтверждён. Роль peripheral. Получил 198 450 KZT, исходящих 0. Triage 0.36: оборот 198 450 KZT, PageRank 0.000424, кластер 5 уз.",1,0,198450.0,0.0,0.00042398544723627366,0.0,4,False,True
100000008699083100,peripheral,0.5,12,0.3696048776072388,"Depth=4: граф обрезан, terminal не подтверждён. Роль peripheral. Получил 238 500 KZT, исходящих 0. Triage 0.37: оборот 238 500 KZT, PageRank 0.000306, кластер 51 уз.",1,0,238500.0,0.0,0.00030638764045964607,0.0,4,False,True
100000008136608100,peripheral,0.5,8,0.37586056798285616,"Depth=4: граф обрезан, terminal не подтверждён. Роль peripheral. Получил 170 000 KZT, исходящих 0. Triage 0.38: оборот 170 000 KZT, PageRank 0.000564, кластер 61 уз.",1,0,170000.0,0.0,0.0005640011802456652,0.0,4,False,True
100000008695157100,peripheral,0.5,3,0.39572314154336374,"Depth=4: граф обрезан, terminal не подтверждён. Роль peripheral. Получил 425 546 KZT, исходящих 0. Triage 0.40: оборот 425 546 KZT, PageRank 0.000497, кластер 126 уз.",1,0,425546.0,0.0,0.0004972505293263417,0.0,4,False,True
100000000369781100,peripheral,0.5,4,0.3217778662367523,"Depth=4: граф обрезан, terminal не подтверждён. Роль peripheral. Получил 5 000 KZT, исходящих 0. Triage 0.32: оборот 5 000 KZT, PageRank 0.000532, кластер 126 уз.",1,0,5000.0,0.0,0.0005321932701187808,0.0,4,False,True
100000003133045100,peripheral,0.5,51,0.3265824159343285,"Depth=4: граф обрезан, terminal не подтверждён. Роль peripheral. Получил 68 000 KZT, исходящих 0. Triage 0.33: оборот 68 000 KZT, PageRank 0.000333, кластер 5 уз.",1,0,68000.0,0.0,0.0003330043925007105,0.0,4,False,True
100000002474570100,peripheral,0.5,19,0.2919675425245752,"Depth=4: граф обрезан, terminal не подтверждён. Роль peripheral. Получил 6 750 KZT, исходящих 0. Triage 0.29: оборот 6 750 KZT, PageRank 0.000289, кластер 29 уз.",1,0,6750.0,0.0,0.00028918638022087364,0.0,4,False,True
100000002514975100,peripheral,0.5,26,0.3278328885499573,"Depth=4: граф обрезан, terminal не подтверждён. Роль peripheral. Получил 17 920 KZT, исходящих 0. Triage 0.33: оборот 17 920 KZT, PageRank 0.000531, кластер 15 уз.",1,0,17920.0,0.0,0.0005307628231354528,0.0,4,False,True
100000001089055100,peripheral,0.5,16,0.3158009536224674,"Depth=4: граф обрезан, terminal не подтверждён. Роль peripheral. Получил 13 000 KZT, исходящих 0. Triage 0.32: оборот 13 000 KZT, PageRank 0.000329, кластер 41 уз.",1,0,13000.0,0.0,0.00032924743952693147,0.0,4,False,True
100000000608031100,peripheral,0.5,16,0.34288684900376754,"Depth=4: граф обрезан, terminal не подтверждён. Роль peripheral. Получил 30 000 KZT, исходящих 0. Triage 0.34: оборот 30 000 KZT, PageRank 0.000538, кластер 41 уз.",1,0,30000.0,0.0,0.0005383351914915334,0.0,4,False,True
100000002659103100,peripheral,0.5,44,0.3507048931090247,"Depth=4: граф обрезан, terminal не подтверждён. Роль peripheral. Получил 165 000 KZT, исходящих 0. Triage 0.35: оборот 165 000 KZT, PageRank 0.000349, кластер 6 уз.",1,0,165000.0,0.0,0.00034946240830625776,0.0,4,False,True
100000000733940100,peripheral,0.5,31,0.38467169790797573,"Depth=4: граф обрезан, terminal не подтверждён. Роль peripheral. Получил 752 000 KZT, исходящих 0. Triage 0.38: оборот 752 000 KZT, PageRank 0.000411, кластер 11 уз.",1,0,752000.0,0.0,0.0004109533934572588,0.0,4,False,True
100000001537524100,peripheral,0.5,12,0.36105602163936684,"Depth=4: граф обрезан, terminal не подтверждён. Роль peripheral. Получил 150 000 KZT, исходящих 0. Triage 0.36: оборот 150 000 KZT, PageRank 0.000299, кластер 51 уз.",1,0,150000.0,0.0,0.00029866599821606134,0.0,4,False,True
100000002971593100,peripheral,0.5,4,0.36147055536542266,"Depth=4: граф обрезан, terminal не подтверждён. Роль peripheral. Получил 49 050 KZT, исходящих 0. Triage 0.36: оборот 49 050 KZT, PageRank 0.000530, кластер 126 уз.",1,0,49050.0,0.0,0.0005301055771001302,0.0,4,False,True
100000006918814100,peripheral,0.5,2,0.33221447719058916,"Depth=4: граф обрезан, terminal не подтверждён. Роль peripheral. Получил 20 000 KZT, исходящих 0. Triage 0.33: оборот 20 000 KZT, PageRank 0.000304, кластер 148 уз.",1,0,20000.0,0.0,0.00030431530131586943,0.0,4,False,True
100000007381662100,peripheral,0.5,0,0.3258748684497136,"Depth=4: граф обрезан, terminal не подтверждён. Роль peripheral. Получил 11 000 KZT, исходящих 0. Triage 0.33: оборот 11 000 KZT, PageRank 0.000297, кластер 277 уз.",1,0,11000.0,0.0,0.00029683009187665325,0.0,4,False,True
100000003199390100,peripheral,0.5,4,0.38137224967990446,"Depth=4: граф обрезан, terminal не подтверждён. Роль peripheral. Получил 260 000 KZT, исходящих 0. Triage 0.38: оборот 260 000 KZT, PageRank 0.000377, кластер 126 уз.",1,0,260000.0,0.0,0.00037652729017173135,0.0,4,False,True
100000007749747100,peripheral,0.5,10,0.3508251653137882,"Depth=4: граф обрезан, terminal не подтверждён. Роль peripheral. Получил 50 000 KZT, исходящих 0. Triage 0.35: оборот 50 000 KZT, PageRank 0.000443, кластер 56 уз.",1,0,50000.0,0.0,0.0004434762376801517,0.0,4,False,True
100000003447411100,peripheral,0.5,3,0.378337631441711,"Depth=4: граф обрезан, terminal не подтверждён. Роль peripheral. Получил 302 000 KZT, исходящих 0. Triage 0.38: оборот 302 000 KZT, PageRank 0.000306, кластер 126 уз.",1,0,302000.0,0.0,0.00030580044407124327,0.0,4,False,True
100000000500040100,peripheral,0.5,0,0.3368504791523059,"Depth=4: граф обрезан, terminal не подтверждён. Роль peripheral. Получил 20 000 KZT, исходящих 0. Triage 0.34: оборот 20 000 KZT, PageRank 0.000306, кластер 277 уз.",1,0,20000.0,0.0,0.0003060359651478406,0.0,4,False,True
100000008551752100,peripheral,0.5,40,0.36527999834801417,"Depth=4: граф обрезан, terminal не подтверждён. Роль peripheral. Получил 406 000 KZT, исходящих 0. Triage 0.37: оборот 406 000 KZT, PageRank 0.000342, кластер 7 уз.",1,0,406000.0,0.0,0.0003415026140999507,0.0,4,False,True
100000002876914100,peripheral,0.5,19,0.3021680958095466,"Depth=4: граф обрезан, terminal не подтверждён. Роль peripheral. Получил 12 000 KZT, исходящих 0. Triage 0.30: оборот 12 000 KZT, PageRank 0.000292, кластер 29 уз.",1,0,12000.0,0.0,0.00029199253340071697,0.0,4,False,True
100000004571634100,peripheral,0.5,9,0.3285631087779029,"Depth=4: граф обрезан, terminal не подтверждён. Роль peripheral. Получил 20 000 KZT, исходящих 0. Triage 0.33: оборот 20 000 KZT, PageRank 0.000374, кластер 59 уз.",1,0,20000.0,0.0,0.0003740179185223214,0.0,4,False,True
100000004610802100,peripheral,0.5,60,0.3608366439913316,"Depth=4: граф обрезан, terminal не подтверждён. Роль peripheral. Получил 241 000 KZT, исходящих 0. Triage 0.36: оборот 241 000 KZT, PageRank 0.000474, кластер 4 уз.",1,0,241000.0,0.0,0.00047371653968863645,0.0,4,False,True
100000001311175100,peripheral,0.5,12,0.38704931001157766,"Depth=4: граф обрезан, terminal не подтверждён. Роль peripheral. Получил 300 000 KZT, исходящих 0. Triage 0.39: оборот 300 000 KZT, PageRank 0.000531, кластер 51 уз.",1,0,300000.0,0.0,0.0005312031060445024,0.0,4,False,True
100000008740295100,peripheral,0.5,7,0.379448696256914,"Depth=4: граф обрезан, terminal не подтверждён. Роль peripheral. Получил 300 000 KZT, исходящих 0. Triage 0.38: оборот 300 000 KZT, PageRank 0.000325, кластер 104 уз.",1,0,300000.0,0.0,0.0003249855267343252,0.0,4,False,True
100000002596039100,peripheral,0.5,3,0.37692730955343323,"Depth=4: граф обрезан, terminal не подтверждён. Роль peripheral. Получил 280 000 KZT, исходящих 0. Triage 0.38: оборот 280 000 KZT, PageRank 0.000304, кластер 126 уз.",1,0,280000.0,0.0,0.0003043273200586766,0.0,4,False,True
100000002126791100,peripheral,0.5,7,0.4199302466477243,"Depth=4: граф обрезан, terminal не подтверждён. Роль peripheral. Получил 1 313 000 KZT, исходящих 0. Triage 0.42: оборот 1 313 000 KZT, PageRank 0.000571, кластер 104 уз.",1,0,1313000.0,0.0,0.0005714180243268463,0.0,4,False,True
100000005783452100,peripheral,0.5,12,0.38746088513898175,"Depth=4: граф обрезан, terminal не подтверждён. Роль peripheral. Получил 286 500 KZT, исходящих 0. Triage 0.39: оборот 286 500 KZT, PageRank 0.000314, кластер 51 уз.",2,0,286500.0,0.0,0.0003143908762745819,0.0,4,False,True
100000006693788100,peripheral,0.5,0,0.33954847080651585,"Depth=4: граф обрезан, terminal не подтверждён. Роль peripheral. Получил 10 764 KZT, исходящих 0. Triage 0.34: оборот 10 764 KZT, PageRank 0.000532, кластер 277 уз.",1,0,10764.0,0.0,0.0005318151356386742,0.0,4,False,True
100000002832753100,peripheral,0.5,15,0.34031130101375434,"Depth=4: граф обрезан, terminal не подтверждён. Роль peripheral. Получил 12 500 KZT, исходящих 0. Triage 0.34: оборот 12 500 KZT, PageRank 0.000754, кластер 41 уз.",1,0,12500.0,0.0,0.0007536014839324167,0.0,4,False,True
100000002981489100,peripheral,0.5,4,0.3192817105084936,"Depth=4: граф обрезан, terminal не подтверждён. Роль peripheral. Получил 10 000 KZT, исходящих 0. Triage 0.32: оборот 10 000 KZT, PageRank 0.000288, кластер 126 уз.",1,0,10000.0,0.0,0.0002883368771694403,0.0,4,False,True
100000003084870100,peripheral,0.5,12,0.3090973290512899,"Depth=4: граф обрезан, terminal не подтверждён. Роль peripheral. Получил 6 500 KZT, исходящих 0. Triage 0.31: оборот 6 500 KZT, PageRank 0.000345, кластер 51 уз.",1,0,6500.0,0.0,0.0003451123453625098,0.0,4,False,True
100000002791494100,peripheral,0.5,8,0.3492166326519751,"Depth=4: граф обрезан, terminal не подтверждён. Роль peripheral. Получил 85 860 KZT, исходящих 0. Triage 0.35: оборот 85 860 KZT, PageRank 0.000318, кластер 61 уз.",1,0,85860.0,0.0,0.0003176473277235788,0.0,4,False,True
100000003345947100,peripheral,0.5,3,0.3819620274854075,"Depth=4: граф обрезан, terminal не подтверждён. Роль peripheral. Получил 79 500 KZT, исходящих 0. Triage 0.38: оборот 79 500 KZT, PageRank 0.000494, кластер 126 уз.",1,0,79500.0,0.0,0.0004944943632163514,0.0,4,False,True
100000002733083100,peripheral,0.5,8,0.3174447962200153,"Depth=4: граф обрезан, terminal не подтверждён. Роль peripheral. Получил 15 200 KZT, исходящих 0. Triage 0.32: оборот 15 200 KZT, PageRank 0.000291, кластер 61 уз.",1,0,15200.0,0.0,0.0002912556953203683,0.0,4,False,True
100000003247600100,peripheral,0.5,2,0.38280938211187837,"Depth=4: граф обрезан, terminal не подтверждён. Роль peripheral. Получил 58 000 KZT, исходящих 0. Triage 0.38: оборот 58 000 KZT, PageRank 0.000840, кластер 148 уз.",1,0,58000.0,0.0,0.0008399097665965493,0.0,4,False,True
100000001378288100,peripheral,0.5,3,0.38920661520218663,"Depth=4: граф обрезан, terminal не подтверждён. Роль peripheral. Получил 268 000 KZT, исходящих 0. Triage 0.39: оборот 268 000 KZT, PageRank 0.000523, кластер 126 уз.",1,0,268000.0,0.0,0.0005231219886901705,0.0,4,False,True
100000002305477100,peripheral,0.5,21,0.3118497489347911,"Depth=4: граф обрезан, terminal не подтверждён. Роль peripheral. Получил 20 000 KZT, исходящих 0. Triage 0.31: оборот 20 000 KZT, PageRank 0.000313, кластер 20 уз.",1,0,20000.0,0.0,0.00031324255623808444,0.0,4,False,True
100000006638021100,peripheral,0.5,47,0.38710015929125957,"Depth=4: граф обрезан, terminal не подтверждён. Роль peripheral. Получил 388 500 KZT, исходящих 0. Triage 0.39: оборот 388 500 KZT, PageRank 0.000544, кластер 6 уз.",2,0,388500.0,0.0,0.0005441914209458203,0.0,4,False,True
100000008517061100,peripheral,0.5,14,0.4255620924429062,"Depth=4: граф обрезан, terminal не подтверждён. Роль peripheral. Получил 1 844 000 KZT, исходящих 0. Triage 0.43: оборот 1 844 000 KZT, PageRank 0.000413, кластер 44 уз.",1,0,1844000.0,0.0,0.0004130225079306579,0.0,4,False,True
100000005910895100,peripheral,0.5,33,0.3019713503129996,"Depth=4: граф обрезан, terminal не подтверждён. Роль peripheral. Получил 5 100 KZT, исходящих 0. Triage 0.30: оборот 5 100 KZT, PageRank 0.000597, кластер 10 уз.",1,0,5100.0,0.0,0.0005971307877608721,0.0,4,False,True
100000002723439100,peripheral,0.5,33,0.32129348068557123,"Depth=4: граф обрезан, terminal не подтверждён. Роль peripheral. Получил 18 000 KZT, исходящих 0. Triage 0.32: оборот 18 000 KZT, PageRank 0.000553, кластер 10 уз.",1,0,18000.0,0.0,0.0005525059559972211,0.0,4,False,True
100000002320495100,peripheral,0.5,16,0.32880452518234554,"Depth=4: граф обрезан, terminal не подтверждён. Роль peripheral. Получил 13 526 KZT, исходящих 0. Triage 0.33: оборот 13 526 KZT, PageRank 0.000535, кластер 41 уз.",1,0,13526.27,0.0,0.0005351308672647516,0.0,4,False,True
100000002229615100,peripheral,0.5,21,0.33992384308120294,"Depth=4: граф обрезан, terminal не подтверждён. Роль peripheral. Получил 25 000 KZT, исходящих 0. Triage 0.34: оборот 25 000 KZT, PageRank 0.000718, кластер 20 уз.",1,0,25000.0,0.0,0.000717645492628942,0.0,4,False,True
100000008327791100,peripheral,0.5,16,0.32527981254493793,"Depth=4: граф обрезан, terminal не подтверждён. Роль peripheral. Получил 11 000 KZT, исходящих 0. Triage 0.33: оборот 11 000 KZT, PageRank 0.000536, кластер 41 уз.",1,0,11000.0,0.0,0.0005364743755456533,0.0,4,False,True
100000002208836100,peripheral,0.5,4,0.36007534212892045,"Depth=4: граф обрезан, terminal не подтверждён. Роль peripheral. Получил 90 000 KZT, исходящих 0. Triage 0.36: оборот 90 000 KZT, PageRank 0.000330, кластер 126 уз.",1,0,90000.0,0.0,0.00032976555960755006,0.0,4,False,True
100000001724740100,peripheral,0.5,7,0.39782767471618913,"Depth=4: граф обрезан, terminal не подтверждён. Роль peripheral. Получил 185 000 KZT, исходящих 0. Triage 0.40: оборот 185 000 KZT, PageRank 0.000536, кластер 104 уз.",1,0,185000.0,0.0,0.0005361920498754836,0.0,4,False,True
100000004386286100,peripheral,0.5,11,0.3306130078935525,"Depth=4: граф обрезан, terminal не подтверждён. Роль peripheral. Получил 12 500 KZT, исходящих 0. Triage 0.33: оборот 12 500 KZT, PageRank 0.000597, кластер 55 уз.",1,0,12500.0,0.0,0.0005965431965524114,0.0,4,False,True
100000001714883100,peripheral,0.5,19,0.2923555748937599,"Depth=4: граф обрезан, terminal не подтверждён. Роль peripheral. Получил 6 900 KZT, исходящих 0. Triage 0.29: оборот 6 900 KZT, PageRank 0.000289, кластер 29 уз.",1,0,6900.0,0.0,0.000289266556026012,0.0,4,False,True
100000008337304100,peripheral,0.5,3,0.3770204092782788,"Depth=4: граф обрезан, terminal не подтверждён. Роль peripheral. Получил 105 465 KZT, исходящих 0. Triage 0.38: оборот 105 465 KZT, PageRank 0.000354, кластер 126 уз.",1,0,105465.0,0.0,0.00035418869377981584,0.0,4,False,True
100000000655469100,peripheral,0.5,21,0.3137687460989152,"Depth=4: граф обрезан, terminal не подтверждён. Роль peripheral. Получил 20 000 KZT, исходящих 0. Triage 0.31: оборот 20 000 KZT, PageRank 0.000345, кластер 20 уз.",1,0,20000.0,0.0,0.00034533343027598343,0.0,4,False,True
100000008722541100,peripheral,0.5,4,0.38308298362546706,"Depth=4: граф обрезан, terminal не подтверждён. Роль peripheral. Получил 280 000 KZT, исходящих 0. Triage 0.38: оборот 280 000 KZT, PageRank 0.000384, кластер 126 уз.",1,0,280000.0,0.0,0.000383523353339584,0.0,4,False,True
100000004222274100,peripheral,0.5,0,0.34670072857707196,"Depth=4: граф обрезан, terminal не подтверждён. Роль peripheral. Получил 15 500 KZT, исходящих 0. Triage 0.35: оборот 15 500 KZT, PageRank 0.000545, кластер 277 уз.",1,0,15500.0,0.0,0.0005450905758141588,0.0,4,False,True
100000006232642100,peripheral,0.5,41,0.3713075888512982,"Depth=4: граф обрезан, terminal не подтверждён. Роль peripheral. Получил 456 000 KZT, исходящих 0. Triage 0.37: оборот 456 000 KZT, PageRank 0.000428, кластер 7 уз.",1,0,456000.0,0.0,0.0004275942955204783,0.0,4,False,True
100000004066370100,peripheral,0.5,37,0.34341407673710594,"Depth=4: граф обрезан, terminal не подтверждён. Роль peripheral. Получил 65 000 KZT, исходящих 0. Triage 0.34: оборот 65 000 KZT, PageRank 0.000589, кластер 8 уз.",1,0,65000.0,0.0,0.0005887508389998989,0.0,4,False,True
100000005685783100,peripheral,0.5,1,0.3509564285971733,"Depth=4: граф обрезан, terminal не подтверждён. Роль peripheral. Получил 26 150 KZT, исходящих 0. Triage 0.35: оборот 26 150 KZT, PageRank 0.000532, кластер 270 уз.",1,0,26150.0,0.0,0.0005317826518830495,0.0,4,False,True
100000006171671100,peripheral,0.5,0,0.3380842710982166,"Depth=4: граф обрезан, terminal не подтверждён. Роль peripheral. Получил 10 000 KZT, исходящих 0. Triage 0.34: оборот 10 000 KZT, PageRank 0.000529, кластер 277 уз.",1,0,10000.0,0.0,0.0005287981250723102,0.0,4,False,True
100000003481025100,peripheral,0.5,0,0.336363859418328,"Depth=4: граф обрезан, terminal не подтверждён. Роль peripheral. Получил 9 000 KZT, исходящих 0. Triage 0.34: оборот 9 000 KZT, PageRank 0.000531, кластер 277 уз.",1,0,9000.0,0.0,0.0005307512655755768,0.0,4,False,True
100000003646145100,peripheral,0.5,32,0.3027319516737003,"Depth=4: граф обрезан, terminal не подтверждён. Роль peripheral. Получил 5 000 KZT, исходящих 0. Triage 0.30: оборот 5 000 KZT, PageRank 0.000652, кластер 10 уз.",1,0,5000.0,0.0,0.0006520523299290656,0.0,4,False,True
100000002659265100,peripheral,0.5,7,0.3659638996368419,"Depth=4: граф обрезан, terminal не подтверждён. Роль peripheral. Получил 141 000 KZT, исходящих 0. Triage 0.37: оборот 141 000 KZT, PageRank 0.000320, кластер 104 уз.",1,0,141000.0,0.0,0.00031966998340982435,0.0,4,False,True
100000003289281100,peripheral,0.5,0,0.3663551624873091,"Depth=4: граф обрезан, terminal не подтверждён. Роль peripheral. Получил 40 000 KZT, исходящих 0. Triage 0.37: оборот 40 000 KZT, PageRank 0.000597, кластер 277 уз.",1,0,40000.0,0.0,0.0005973004977567558,0.0,4,False,True
100000004840086100,peripheral,0.5,0,0.39301860662371435,"Depth=4: граф обрезан, terminal не подтверждён. Роль peripheral. Получил 100 000 KZT, исходящих 0. Triage 0.39: оборот 100 000 KZT, PageRank 0.000539, кластер 277 уз.",1,0,100000.0,0.0,0.0005388498982084439,0.0,4,False,True
100000008554390100,peripheral,0.5,19,0.30492007524004866,"Depth=4: граф обрезан, terminal не подтверждён. Роль peripheral. Получил 14 000 KZT, исходящих 0. Triage 0.30: оборот 14 000 KZT, PageRank 0.000293, кластер 29 уз.",1,0,14000.0,0.0,0.00029306154413589536,0.0,4,False,True
100000004691350100,peripheral,0.5,49,0.33549785486419015,"Depth=4: граф обрезан, terminal не подтверждён. Роль peripheral. Получил 13 300 KZT, исходящих 0. Triage 0.34: оборот 13 300 KZT, PageRank 0.000885, кластер 5 уз.",1,0,13300.0,0.0,0.000885232425587008,0.0,4,False,True
100000004652395100,peripheral,0.5,0,0.382613012410987,"Depth=4: граф обрезан, terminal не подтверждён. Роль peripheral. Получил 101 528 KZT, исходящих 0. Triage 0.38: оборот 101 528 KZT, PageRank 0.000336, кластер 277 уз.",3,0,101528.0,0.0,0.0003356476289717922,0.0,4,False,True
100000004979264100,peripheral,0.5,10,0.34492021035993253,"Depth=4: граф обрезан, terminal не подтверждён. Роль peripheral. Получил 39 800 KZT, исходящих 0. Triage 0.34: оборот 39 800 KZT, PageRank 0.000411, кластер 56 уз.",1,0,39800.0,0.0,0.00041126509286728863,0.0,4,False,True
100000008074304100,peripheral,0.5,4,0.31149058366603816,"Depth=4: граф обрезан, terminal не подтверждён. Роль peripheral. Получил 5 500 KZT, исходящих 0. Triage 0.31: оборот 5 500 KZT, PageRank 0.000332, кластер 126 уз.",1,0,5500.0,0.0,0.00033237173255159375,0.0,4,False,True
100000002227989100,peripheral,0.5,21,0.31669586469090705,"Depth=4: граф обрезан, terminal не подтверждён. Роль peripheral. Получил 20 000 KZT, исходящих 0. Triage 0.32: оборот 20 000 KZT, PageRank 0.000394, кластер 20 уз.",1,0,20000.0,0.0,0.0003942828481207339,0.0,4,False,True
100000003207060100,peripheral,0.5,0,0.36108933294819967,"Depth=4: граф обрезан, terminal не подтверждён. Роль peripheral. Получил 53 000 KZT, исходящих 0. Triage 0.36: оборот 53 000 KZT, PageRank 0.000427, кластер 277 уз.",1,0,53000.0,0.0,0.00042717367580629307,0.0,4,False,True
100000004601193100,peripheral,0.5,9,0.36727516922915937,"Depth=4: граф обрезан, terminal не подтверждён. Роль peripheral. Получил 84 000 KZT, исходящих 0. Triage 0.37: оборот 84 000 KZT, PageRank 0.000603, кластер 59 уз.",1,0,84000.0,0.0,0.0006028856842672041,0.0,4,False,True
100000004991593100,peripheral,0.5,3,0.34802554992095636,"Depth=4: граф обрезан, terminal не подтверждён. Роль peripheral. Получил 45 000 KZT, исходящих 0. Triage 0.35: оборот 45 000 KZT, PageRank 0.000355, кластер 126 уз.",1,0,45000.0,0.0,0.00035481994469559706,0.0,4,False,True
100000003128638100,peripheral,0.5,7,0.3814296931471928,"Depth=4: граф обрезан, terminal не подтверждён. Роль peripheral. Получил 300 000 KZT, исходящих 0. Triage 0.38: оборот 300 000 KZT, PageRank 0.000358, кластер 104 уз.",1,0,300000.0,0.0,0.00035811360605385464,0.0,4,False,True
100000005878334100,peripheral,0.5,3,0.35988777030955715,"Depth=4: граф обрезан, terminal не подтверждён. Роль peripheral. Получил 76 400 KZT, исходящих 0. Triage 0.36: оборот 76 400 KZT, PageRank 0.000399, кластер 126 уз.",1,0,76400.0,0.0,0.00039882589370928616,0.0,4,False,True
100000002878483100,peripheral,0.5,19,0.2898898537871016,"Depth=4: граф обрезан, terminal не подтверждён. Роль peripheral. Получил 6 000 KZT, исходящих 0. Triage 0.29: оборот 6 000 KZT, PageRank 0.000289, кластер 29 уз.",1,0,6000.0,0.0,0.0002887855011951817,0.0,4,False,True
100000000981693100,peripheral,0.5,0,0.3468176376027722,"Depth=4: граф обрезан, terminal не подтверждён. Роль peripheral. Получил 16 500 KZT, исходящих 0. Triage 0.35: оборот 16 500 KZT, PageRank 0.000529, кластер 277 уз.",1,0,16500.0,0.0,0.0005288138976676611,0.0,4,False,True
100000006416061100,peripheral,0.5,3,0.3457294537957577,"Depth=4: граф обрезан, terminal не подтверждён. Роль peripheral. Получил 30 000 KZT, исходящих 0. Triage 0.35: оборот 30 000 KZT, PageRank 0.000435, кластер 126 уз.",1,0,30000.0,0.0,0.00043466637905551024,0.0,4,False,True
100000008168850100,peripheral,0.5,4,0.3850539123243425,"Depth=4: граф обрезан, terminal не подтверждён. Роль peripheral. Получил 187 910 KZT, исходящих 0. Triage 0.39: оборот 187 910 KZT, PageRank 0.000533, кластер 126 уз.",1,0,187910.0,0.0,0.0005327922063239209,0.0,4,False,True
100000004747154100,peripheral,0.5,51,0.32628235070915906,"Depth=4: граф обрезан, terminal не подтверждён. Роль peripheral. Получил 67 000 KZT, исходящих 0. Triage 0.33: оборот 67 000 KZT, PageRank 0.000332, кластер 5 уз.",1,0,67000.0,0.0,0.0003323069524490772,0.0,4,False,True
100000008524903100,peripheral,0.5,0,0.3333701520537224,"Depth=4: граф обрезан, terminal не подтверждён. Роль peripheral. Получил 15 000 KZT, исходящих 0. Triage 0.33: оборот 15 000 KZT, PageRank 0.000332, кластер 277 уз.",1,0,15000.0,0.0,0.0003317288183212864,0.0,4,False,True
100000005049404100,peripheral,0.5,4,0.36053457798362903,"Depth=4: граф обрезан, terminal не подтверждён. Роль peripheral. Получил 98 000 KZT, исходящих 0. Triage 0.36: оборот 98 000 KZT, PageRank 0.000313, кластер 126 уз.",1,0,98000.0,0.0,0.00031261086915162573,0.0,4,False,True
100000002258492100,peripheral,0.5,20,0.3171576303435407,"Depth=4: граф обрезан, terminal не подтверждён. Роль peripheral. Получил 9 000 KZT, исходящих 0. Triage 0.32: оборот 9 000 KZT, PageRank 0.000540, кластер 26 уз.",1,0,9000.0,0.0,0.0005398269542802607,0.0,4,False,True
100000005497148100,peripheral,0.5,4,0.34659345370621575,"Depth=4: граф обрезан, terminal не подтверждён. Роль peripheral. Получил 24 000 KZT, исходящих 0. Triage 0.35: оборот 24 000 KZT, PageRank 0.000490, кластер 126 уз.",1,0,24000.0,0.0,0.0004897672554417798,0.0,4,False,True
100000004596284100,peripheral,0.5,5,0.35543395303634767,"Depth=4: граф обрезан, terminal не подтверждён. Роль peripheral. Получил 30 000 KZT, исходящих 0. Triage 0.36: оборот 30 000 KZT, PageRank 0.000591, кластер 125 уз.",1,0,30000.0,0.0,0.0005909903621311079,0.0,4,False,True
100000007960337100,peripheral,0.5,3,0.3407768913311111,"Depth=4: граф обрезан, terminal не подтверждён. Роль peripheral. Получил 35 500 KZT, исходящих 0. Triage 0.34: оборот 35 500 KZT, PageRank 0.000303, кластер 126 уз.",1,0,35500.0,0.0,0.0003027557647535283,0.0,4,False,True
100000003180305100,peripheral,0.5,0,0.3845302684743719,"Depth=4: граф обрезан, terminal не подтверждён. Роль peripheral. Получил 144 000 KZT, исходящих 0. Triage 0.38: оборот 144 000 KZT, PageRank 0.000528, кластер 277 уз.",1,0,144000.0,0.0,0.0005276835207624982,0.0,4,False,True
100000007653094100,peripheral,0.5,13,0.3342249954436082,"Depth=4: граф обрезан, terminal не подтверждён. Роль peripheral. Получил 16 000 KZT, исходящих 0. Triage 0.33: оборот 16 000 KZT, PageRank 0.000575, кластер 50 уз.",1,0,16000.0,0.0,0.0005747319227030969,0.0,4,False,True
100000008175078100,peripheral,0.5,36,0.4137090713089929,"Depth=4: граф обрезан, terminal не подтверждён. Роль peripheral. Получил 1 846 711 KZT, исходящих 0. Triage 0.41: оборот 1 846 711 KZT, PageRank 0.000469, кластер 8 уз.",1,0,1846711.0,0.0,0.0004688658459654549,0.0,4,False,True
100000004263867100,peripheral,0.5,19,0.297055752396864,"Depth=4: граф обрезан, terminal не подтверждён. Роль peripheral. Получил 9 000 KZT, исходящих 0. Triage 0.30: оборот 9 000 KZT, PageRank 0.000290, кластер 29 уз.",1,0,9000.0,0.0,0.00029038901729794937,0.0,4,False,True
100000002194320100,peripheral,0.5,58,0.3623929675110595,"Depth=4: граф обрезан, terminal не подтверждён. Роль peripheral. Получил 275 000 KZT, исходящих 0. Triage 0.36: оборот 275 000 KZT, PageRank 0.000486, кластер 4 уз.",1,0,275000.0,0.0,0.00048619325349560265,0.0,4,False,True
100000001222245100,peripheral,0.5,4,0.4000372560886081,"Depth=4: граф обрезан, terminal не подтверждён. Роль peripheral. Получил 420 000 KZT, исходящих 0. Triage 0.40: оборот 420 000 KZT, PageRank 0.000549, кластер 126 уз.",1,0,420000.0,0.0,0.0005487993635313254,0.0,4,False,True
100000008151098100,peripheral,0.5,26,0.32357534817298267,"Depth=4: граф обрезан, terminal не подтверждён. Роль peripheral. Получил 30 000 KZT, исходящих 0. Triage 0.32: оборот 30 000 KZT, PageRank 0.000309, кластер 15 уз.",1,0,30000.0,0.0,0.000309300203058972,0.0,4,False,True
100000008735802100,peripheral,0.5,0,0.37418739990338473,"Depth=4: граф обрезан, terminal не подтверждён. Роль peripheral. Получил 85 000 KZT, исходящих 0. Triage 0.37: оборот 85 000 KZT, PageRank 0.000508, кластер 277 уз.",1,0,85000.0,0.0,0.0005084577476981258,0.0,4,False,True
100000004047887100,peripheral,0.5,39,0.31857480176502,"Depth=4: граф обрезан, terminal не подтверждён. Роль peripheral. Получил 30 000 KZT, исходящих 0. Triage 0.32: оборот 30 000 KZT, PageRank 0.000288, кластер 7 уз.",1,0,30000.0,0.0,0.0002880201267074528,0.0,4,False,True
100000003146511100,peripheral,0.5,13,0.31030560800078266,"Depth=4: граф обрезан, terminal не подтверждён. Роль peripheral. Получил 10 000 KZT, исходящих 0. Triage 0.31: оборот 10 000 KZT, PageRank 0.000312, кластер 50 уз.",1,0,10000.0,0.0,0.00031179099305865733,0.0,4,False,True
100000007511780100,peripheral,0.5,0,0.3877120609766972,"Depth=4: граф обрезан, terminal не подтверждён. Роль peripheral. Получил 155 000 KZT, исходящих 0. Triage 0.39: оборот 155 000 KZT, PageRank 0.000559, кластер 277 уз.",1,0,155000.0,0.0,0.0005594244538294388,0.0,4,False,True
100000007867364100,peripheral,0.5,18,0.34275173581543356,"Depth=4: граф обрезан, terminal не подтверждён. Роль peripheral. Получил 41 852 KZT, исходящих 0. Triage 0.34: оборот 41 852 KZT, PageRank 0.000449, кластер 30 уз.",1,0,41852.0,0.0,0.0004485444944053132,0.0,4,False,True
100000006288612100,peripheral,0.5,11,0.32846605484601354,"Depth=4: граф обрезан, terminal не подтверждён. Роль peripheral. Получил 30 805 KZT, исходящих 0. Triage 0.33: оборот 30 805 KZT, PageRank 0.000298, кластер 55 уз.",1,0,30805.0,0.0,0.00029761799294863403,0.0,4,False,True
100000006735545100,peripheral,0.5,3,0.30603032605315417,"Depth=4: граф обрезан, terminal не подтверждён. Роль peripheral. Получил 5 000 KZT, исходящих 0. Triage 0.31: оборот 5 000 KZT, PageRank 0.000293, кластер 126 уз.",1,0,5000.0,0.0,0.0002932719662903077,0.0,4,False,True
100000004403641100,peripheral,0.5,12,0.3635041283906486,"Depth=4: граф обрезан, terminal не подтверждён. Роль peripheral. Получил 171 500 KZT, исходящих 0. Triage 0.36: оборот 171 500 KZT, PageRank 0.000301, кластер 51 уз.",1,0,171500.0,0.0,0.0003005418774051808,0.0,4,False,True
100000003370425100,peripheral,0.5,13,0.34243897852288957,"Depth=4: граф обрезан, terminal не подтверждён. Роль peripheral. Получил 20 000 KZT, исходящих 0. Triage 0.34: оборот 20 000 KZT, PageRank 0.000647, кластер 50 уз.",1,0,20000.0,0.0,0.0006470202861314595,0.0,4,False,True
100000004350094100,peripheral,0.5,18,0.3563131944862449,"Depth=4: граф обрезан, terminal не подтверждён. Роль peripheral. Получил 20 000 KZT, исходящих 0. Triage 0.36: оборот 20 000 KZT, PageRank 0.000891, кластер 30 уз.",1,0,20000.0,0.0,0.0008906637659612448,0.0,4,False,True
100000004911971100,peripheral,0.5,36,0.3289087301554601,"Depth=4: граф обрезан, terminal не подтверждён. Роль peripheral. Получил 35 000 KZT, исходящих 0. Triage 0.33: оборот 35 000 KZT, PageRank 0.000289, кластер 8 уз.",1,0,35000.0,0.0,0.00028905224382185,0.0,4,False,True
100000001202787100,peripheral,0.5,0,0.334351710746536,"Depth=4: граф обрезан, terminal не подтверждён. Роль peripheral. Получил 14 850 KZT, исходящих 0. Triage 0.33: оборот 14 850 KZT, PageRank 0.000351, кластер 277 уз.",2,0,14850.0,0.0,0.00035107393890933876,0.0,4,False,True
100000008469048100,peripheral,0.5,0,0.4010066717392727,"Depth=4: граф обрезан, terminal не подтверждён. Роль peripheral. Получил 265 200 KZT, исходящих 0. Triage 0.40: оборот 265 200 KZT, PageRank 0.000578, кластер 277 уз.",1,0,265200.0,0.0,0.000578314328241023,0.0,4,False,True
100000002635746100,peripheral,0.5,19,0.287704487197653,"Depth=4: граф обрезан, terminal не подтверждён. Роль peripheral. Получил 5 300 KZT, исходящих 0. Triage 0.29: оборот 5 300 KZT, PageRank 0.000288, кластер 29 уз.",1,0,5300.0,0.0,0.0002884113474378693,0.0,4,False,True
100000008321975100,peripheral,0.5,21,0.28996226848265516,"Depth=4: граф обрезан, terminal не подтверждён. Роль peripheral. Получил 5 900 KZT, исходящих 0. Triage 0.29: оборот 5 900 KZT, PageRank 0.000303, кластер 20 уз.",1,0,5900.0,0.0,0.0003032061825691159,0.0,4,False,True
100000003078839100,peripheral,0.5,3,0.3252689488646928,"Depth=4: граф обрезан, terminal не подтверждён. Роль peripheral. Получил 14 000 KZT, исходящих 0. Triage 0.33: оборот 14 000 KZT, PageRank 0.000315, кластер 126 уз.",1,0,14000.0,0.0,0.0003147631932875594,0.0,4,False,True
100000004006327100,peripheral,0.5,10,0.38873636619262775,"Depth=4: граф обрезан, terminal не подтверждён. Роль peripheral. Получил 300 000 KZT, исходящих 0. Triage 0.39: оборот 300 000 KZT, PageRank 0.000555, кластер 56 уз.",1,0,300000.0,0.0,0.0005549278249851597,0.0,4,False,True
100000007865484100,peripheral,0.5,40,0.37310898701152956,"Depth=4: граф обрезан, terminal не подтверждён. Роль peripheral. Получил 584 600 KZT, исходящих 0. Triage 0.37: оборот 584 600 KZT, PageRank 0.000366, кластер 7 уз.",1,0,584600.0,0.0,0.00036610372818049344,0.0,4,False,True
100000005367180100,peripheral,0.5,3,0.3427675545123057,"Depth=4: граф обрезан, terminal не подтверждён. Роль peripheral. Получил 7 700 KZT, исходящих 0. Triage 0.34: оборот 7 700 KZT, PageRank 0.000782, кластер 126 уз.",1,0,7700.0,0.0,0.0007817182667205467,0.0,4,False,True
100000001669260100,peripheral,0.5,3,0.4022723364122044,"Depth=4: граф обрезан, terminal не подтверждён. Роль peripheral. Получил 500 000 KZT, исходящих 0. Triage 0.40: оборот 500 000 KZT, PageRank 0.000560, кластер 126 уз.",1,0,500000.0,0.0,0.0005597499648763999,0.0,4,False,True
100000001297206100,peripheral,0.5,0,0.3174800533115576,"Depth=4: граф обрезан, terminal не подтверждён. Роль peripheral. Получил 6 758 KZT, исходящих 0. Triage 0.32: оборот 6 758 KZT, PageRank 0.000299, кластер 277 уз.",1,0,6758.0,0.0,0.00029850290254194675,0.0,4,False,True
100000002645046100,peripheral,0.5,19,0.3021680958095466,"Depth=4: граф обрезан, terminal не подтверждён. Роль peripheral. Получил 12 000 KZT, исходящих 0. Triage 0.30: оборот 12 000 KZT, PageRank 0.000292, кластер 29 уз.",1,0,12000.0,0.0,0.00029199253340071697,0.0,4,False,True
100000006308406100,peripheral,0.5,21,0.36393740965855176,"Depth=4: граф обрезан, terminal не подтверждён. Роль peripheral. Получил 183 000 KZT, исходящих 0. Triage 0.36: оборот 183 000 KZT, PageRank 0.000539, кластер 20 уз.",1,0,183000.0,0.0,0.0005387048673128534,0.0,4,False,True
100000002728246100,peripheral,0.5,4,0.33423074723331087,"Depth=4: граф обрезан, terminal не подтверждён. Роль peripheral. Получил 10 000 KZT, исходящих 0. Triage 0.33: оборот 10 000 KZT, PageRank 0.000538, кластер 126 уз.",1,0,10000.0,0.0,0.0005383256022663871,0.0,4,False,True
100000001590795100,peripheral,0.5,19,0.2868888346899354,"Depth=4: граф обрезан, terminal не подтверждён. Роль peripheral. Получил 5 060 KZT, исходящих 0. Triage 0.29: оборот 5 060 KZT, PageRank 0.000288, кластер 29 уз.",1,0,5060.0,0.0,0.0002882830661496479,0.0,4,False,True
100000006257675100,peripheral,0.5,21,0.3520116110181029,"Depth=4: граф обрезан, terminal не подтверждён. Роль peripheral. Получил 70 000 KZT, исходящих 0. Triage 0.35: оборот 70 000 KZT, PageRank 0.000382, кластер 20 уз.",1,0,70000.0,0.0,0.0003824027743591792,0.0,4,False,True
100000002130400100,peripheral,0.5,37,0.2945518538294837,"Depth=4: граф обрезан, terminal не подтверждён. Роль peripheral. Получил 10 000 KZT, исходящих 0. Triage 0.29: оборот 10 000 KZT, PageRank 0.000317, кластер 8 уз.",1,0,10000.0,0.0,0.0003174913500433573,0.0,4,False,True
100000000557536100,peripheral,0.5,36,0.35032862564381034,"Depth=4: граф обрезан, terminal не подтверждён. Роль peripheral. Получил 153 000 KZT, исходящих 0. Triage 0.35: оборот 153 000 KZT, PageRank 0.000301, кластер 8 уз.",1,0,153000.0,0.0,0.00030076382754185027,0.0,4,False,True
100000002689717100,peripheral,0.5,8,0.33803623537808125,"Depth=4: граф обрезан, terminal не подтверждён. Роль peripheral. Получил 47 500 KZT, исходящих 0. Triage 0.34: оборот 47 500 KZT, PageRank 0.000303, кластер 61 уз.",1,0,47500.0,0.0,0.000303319801273152,0.0,4,False,True
100000005189258100,peripheral,0.5,4,0.3489969622927718,"Depth=4: граф обрезан, terminal не подтверждён. Роль peripheral. Получил 50 000 KZT, исходящих 0. Triage 0.35: оборот 50 000 KZT, PageRank 0.000316, кластер 126 уз.",1,0,50000.0,0.0,0.00031591078710104014,0.0,4,False,True
100000002748511100,peripheral,0.5,5,0.3468939891188094,"Depth=4: граф обрезан, terminal не подтверждён. Роль peripheral. Получил 20 000 KZT, исходящих 0. Triage 0.35: оборот 20 000 KZT, PageRank 0.000566, кластер 125 уз.",1,0,20000.0,0.0,0.0005664200601160948,0.0,4,False,True
100000002371892100,peripheral,0.5,62,0.3171922136767295,"Depth=4: граф обрезан, terminal не подтверждён. Роль peripheral. Получил 43 830 KZT, исходящих 0. Triage 0.32: оборот 43 830 KZT, PageRank 0.000307, кластер 3 уз.",1,0,43830.0,0.0,0.0003065136161240446,0.0,4,False,True
100000008130868100,peripheral,0.5,12,0.3373237863466411,"Depth=4: граф обрезан, terminal не подтверждён. Роль peripheral. Получил 22 782 KZT, исходящих 0. Triage 0.34: оборот 22 782 KZT, PageRank 0.000451, кластер 51 уз.",1,0,22782.0,0.0,0.0004514137881619248,0.0,4,False,True
100000007153161100,peripheral,0.5,0,0.3644236669721305,"Depth=4: граф обрезан, terminal не подтверждён. Роль peripheral. Получил 44 997 KZT, исходящих 0. Triage 0.36: оборот 44 997 KZT, PageRank 0.000531, кластер 277 уз.",1,0,44997.0,0.0,0.0005306717182170274,0.0,4,False,True
100000002994441100,peripheral,0.5,3,0.3215557494110576,"Depth=4: граф обрезан, terminal не подтверждён. Роль peripheral. Получил 5 000 KZT, исходящих 0. Triage 0.32: оборот 5 000 KZT, PageRank 0.000553, кластер 126 уз.",1,0,5000.0,0.0,0.000552899516054982,0.0,4,False,True
100000001065481100,peripheral,0.5,13,0.32569385790038974,"Depth=4: граф обрезан, terminal не подтверждён. Роль peripheral. Получил 16 000 KZT, исходящих 0. Triage 0.33: оборот 16 000 KZT, PageRank 0.000432, кластер 50 уз.",1,0,16000.0,0.0,0.00043206799654109884,0.0,4,False,True
100000007731977100,peripheral,0.5,0,0.3546644386158558,"Depth=4: граф обрезан, terminal не подтверждён. Роль peripheral. Получил 50 000 KZT, исходящих 0. Triage 0.35: оборот 50 000 KZT, PageRank 0.000337, кластер 277 уз.",1,0,50000.0,0.0,0.00033672220938513165,0.0,4,False,True
100000003252446100,peripheral,0.5,10,0.3557707574160784,"Depth=4: граф обрезан, terminal не подтверждён. Роль peripheral. Получил 108 600 KZT, исходящих 0. Triage 0.36: оборот 108 600 KZT, PageRank 0.000300, кластер 56 уз.",1,0,108600.0,0.0,0.0002999802396221425,0.0,4,False,True
100000002671326100,peripheral,0.5,10,0.4150063486487645,"Depth=4: граф обрезан, terminal не подтверждён. Роль peripheral. Получил 1 050 000 KZT, исходящих 0. Triage 0.42: оборот 1 050 000 KZT, PageRank 0.000629, кластер 56 уз.",1,0,1050000.0,0.0,0.0006288902144634949,0.0,4,False,True
100000005087923100,peripheral,0.5,27,0.32534333341616767,"Depth=4: граф обрезан, terminal не подтверждён. Роль peripheral. Получил 20 000 KZT, исходящих 0. Triage 0.33: оборот 20 000 KZT, PageRank 0.000460, кластер 15 уз.",1,0,20000.0,0.0,0.0004602089823082566,0.0,4,False,True
100000008770483100,peripheral,0.5,47,0.28174745979923144,"Depth=4: граф обрезан, terminal не подтверждён. Роль peripheral. Получил 5 000 KZT, исходящих 0. Triage 0.28: оборот 5 000 KZT, PageRank 0.000289, кластер 6 уз.",1,0,5000.0,0.0,0.00028889732801078963,0.0,4,False,True
100000002748040100,peripheral,0.5,8,0.32045570822980096,"Depth=4: граф обрезан, terminal не подтверждён. Роль peripheral. Получил 18 000 KZT, исходящих 0. Triage 0.32: оборот 18 000 KZT, PageRank 0.000292, кластер 61 уз.",1,0,18000.0,0.0,0.0002923015001707644,0.0,4,False,True
100000004800648100,peripheral,0.5,11,0.3560509231033476,"Depth=4: граф обрезан, terminal не подтверждён. Роль peripheral. Получил 131 000 KZT, исходящих 0. Triage 0.36: оборот 131 000 KZT, PageRank 0.000337, кластер 55 уз.",1,0,131000.0,0.0,0.00033677722369269356,0.0,4,False,True
100000005025629100,peripheral,0.5,4,0.3095117676880507,"Depth=4: граф обрезан, terminal не подтверждён. Роль peripheral. Получил 5 227 KZT, исходящих 0. Triage 0.31: оборот 5 227 KZT, PageRank 0.000314, кластер 126 уз.",1,0,5227.0,0.0,0.00031412443072705487,0.0,4,False,True
100000000581682100,peripheral,0.5,28,0.2881120831030917,"Depth=4: граф обрезан, terminal не подтверждён. Роль peripheral. Получил 5 000 KZT, исходящих 0. Triage 0.29: оборот 5 000 KZT, PageRank 0.000291, кластер 14 уз.",1,0,5000.0,0.0,0.0002908524829777854,0.0,4,False,True
100000004976946100,peripheral,0.5,40,0.355224709105293,"Depth=4: граф обрезан, terminal не подтверждён. Роль peripheral. Получил 246 000 KZT, исходящих 0. Triage 0.36: оборот 246 000 KZT, PageRank 0.000319, кластер 7 уз.",1,0,246000.0,0.0,0.00031946354213529887,0.0,4,False,True
100000000957746100,peripheral,0.5,16,0.3012300995860488,"Depth=4: граф обрезан, terminal не подтверждён. Роль peripheral. Получил 5 300 KZT, исходящих 0. Triage 0.30: оборот 5 300 KZT, PageRank 0.000347, кластер 41 уз.",1,0,5300.0,0.0,0.0003472143605372305,0.0,4,False,True
100000003001138100,peripheral,0.5,28,0.32093289207315506,"Depth=4: граф обрезан, terminal не подтверждён. Роль peripheral. Получил 30 000 KZT, исходящих 0. Triage 0.32: оборот 30 000 KZT, PageRank 0.000317, кластер 14 уз.",1,0,30000.0,0.0,0.0003172225529184797,0.0,4,False,True
100000001325618100,peripheral,0.5,19,0.2976371063533811,"Depth=4: граф обрезан, terminal не подтверждён. Роль peripheral. Получил 9 300 KZT, исходящих 0. Triage 0.30: оборот 9 300 KZT, PageRank 0.000291, кластер 29 уз.",1,0,9300.0,0.0,0.0002905493689082261,0.0,4,False,True
100000003792647100,peripheral,0.5,4,0.32206764698519247,"Depth=4: граф обрезан, terminal не подтверждён. Роль peripheral. Получил 8 000 KZT, исходящих 0. Triage 0.32: оборот 8 000 KZT, PageRank 0.000400, кластер 126 уз.",1,0,8000.0,0.0,0.00039999356858326377,0.0,4,False,True
100000004107228100,peripheral,0.5,2,0.3071082235953393,"Depth=4: граф обрезан, terminal не подтверждён. Роль peripheral. Получил 5 000 KZT, исходящих 0. Triage 0.31: оборот 5 000 KZT, PageRank 0.000289, кластер 148 уз.",1,0,5000.0,0.0,0.0002887127397695734,0.0,4,False,True
100000003500764100,peripheral,0.5,16,0.3361563550021148,"Depth=4: граф обрезан, terminal не подтверждён. Роль peripheral. Получил 21 000 KZT, исходящих 0. Triage 0.34: оборот 21 000 KZT, PageRank 0.000530, кластер 41 уз.",1,0,21000.0,0.0,0.0005297961524800735,0.0,4,False,True
100000004261340100,peripheral,0.5,0,0.3547664195751543,"Depth=4: граф обрезан, terminal не подтверждён. Роль peripheral. Получил 48 500 KZT, исходящих 0. Triage 0.35: оборот 48 500 KZT, PageRank 0.000347, кластер 277 уз.",1,0,48500.0,0.0,0.0003473107601056594,0.0,4,False,True
100000008172721100,peripheral,0.5,3,0.373440656177285,"Depth=4: граф обрезан, terminal не подтверждён. Роль peripheral. Получил 168 335 KZT, исходящих 0. Triage 0.37: оборот 168 335 KZT, PageRank 0.000395, кластер 126 уз.",1,0,168335.0,0.0,0.0003950887538239816,0.0,4,False,True
100000005079473100,peripheral,0.5,3,0.34394338358093585,"Depth=4: граф обрезан, terminal не подтверждён. Роль peripheral. Получил 39 312 KZT, исходящих 0. Triage 0.34: оборот 39 312 KZT, PageRank 0.000326, кластер 126 уз.",1,0,39312.0,0.0,0.00032596346680201823,0.0,4,False,True
100000004850609100,peripheral,0.5,0,0.3251801345806902,"Depth=4: граф обрезан, terminal не подтверждён. Роль peripheral. Получил 10 000 KZT, исходящих 0. Triage 0.33: оборот 10 000 KZT, PageRank 0.000313, кластер 277 уз.",1,0,10000.0,0.0,0.00031300571605353265,0.0,4,False,True
100000005042822100,peripheral,0.5,31,0.3921146947063931,"Depth=4: граф обрезан, terminal не подтверждён. Роль peripheral. Получил 1 000 000 KZT, исходящих 0. Triage 0.39: оборот 1 000 000 KZT, PageRank 0.000452, кластер 11 уз.",1,0,1000000.0,0.0,0.0004523004430157267,0.0,4,False,True
100000002794374100,peripheral,0.5,47,0.3402792793976789,"Depth=4: граф обрезан, terminal не подтверждён. Роль peripheral. Получил 111 000 KZT, исходящих 0. Triage 0.34: оборот 111 000 KZT, PageRank 0.000364, кластер 6 уз.",1,0,111000.0,0.0,0.0003636827753391603,0.0,4,False,True
100000002860934100,peripheral,0.5,28,0.37559067913909916,"Depth=4: граф обрезан, terminal не подтверждён. Роль peripheral. Получил 279 500 KZT, исходящих 0. Triage 0.38: оборот 279 500 KZT, PageRank 0.000580, кластер 14 уз.",1,0,279500.0,0.0,0.0005803958509266092,0.0,4,False,True
100000003097947100,peripheral,0.5,3,0.34879291112372796,"Depth=4: граф обрезан, terminal не подтверждён. Роль peripheral. Получил 52 980 KZT, исходящих 0. Triage 0.35: оборот 52 980 KZT, PageRank 0.000320, кластер 126 уз.",1,0,52980.0,0.0,0.0003200445924370762,0.0,4,False,True
100000004260869100,peripheral,0.5,5,0.3512283896531527,"Depth=4: граф обрезан, terminal не подтверждён. Роль peripheral. Получил 10 000 KZT, исходящих 0. Triage 0.35: оборот 10 000 KZT, PageRank 0.000841, кластер 125 уз.",1,0,10000.0,0.0,0.0008410315053695963,0.0,4,False,True
100000008762885100,peripheral,0.5,7,0.31166160599570397,"Depth=4: граф обрезан, terminal не подтверждён. Роль peripheral. Получил 7 000 KZT, исходящих 0. Triage 0.31: оборот 7 000 KZT, PageRank 0.000287, кластер 104 уз.",1,0,7000.0,0.0,0.0002872709555211447,0.0,4,False,True
100000002986245100,peripheral,0.5,19,0.2891397846691166,"Depth=4: граф обрезан, terminal не подтверждён. Роль peripheral. Получил 5 750 KZT, исходящих 0. Triage 0.29: оборот 5 750 KZT, PageRank 0.000289, кластер 29 уз.",1,0,5750.0,0.0,0.00028865187485328445,0.0,4,False,True
100000001471706100,peripheral,0.5,20,0.38470420240332454,"Depth=4: граф обрезан, terminal не подтверждён. Роль peripheral. Получил 377 000 KZT, исходящих 0. Triage 0.38: оборот 377 000 KZT, PageRank 0.000540, кластер 26 уз.",1,0,377000.0,0.0,0.0005398269542802607,0.0,4,False,True
100000002304943100,peripheral,0.5,21,0.3064195300880215,"Depth=4: граф обрезан, terminal не подтверждён. Роль peripheral. Получил 15 000 KZT, исходящих 0. Triage 0.31: оборот 15 000 KZT, PageRank 0.000306, кластер 20 уз.",1,0,15000.0,0.0,0.00030632653442597493,0.0,4,False,True
100000002695812100,peripheral,0.5,8,0.3511848818719043,"Depth=4: граф обрезан, terminal не подтверждён. Роль peripheral. Получил 95 000 KZT, исходящих 0. Triage 0.35: оборот 95 000 KZT, PageRank 0.000321, кластер 61 уз.",1,0,95000.0,0.0,0.0003210611335566576,0.0,4,False,True
100000008761220100,peripheral,0.5,7,0.3178583191050885,"Depth=4: граф обрезан, terminal не подтверждён. Роль peripheral. Получил 10 000 KZT, исходящих 0. Triage 0.32: оборот 10 000 KZT, PageRank 0.000287, кластер 104 уз.",1,0,10000.0,0.0,0.0002868920375811358,0.0,4,False,True
100000004890713100,peripheral,0.5,8,0.33509286995921767,"Depth=4: граф обрезан, terminal не подтверждён. Роль peripheral. Получил 40 485 KZT, исходящих 0. Triage 0.34: оборот 40 485 KZT, PageRank 0.000301, кластер 61 уз.",1,0,40485.0,0.0,0.0003006996866211775,0.0,4,False,True
100000003083865100,peripheral,0.5,8,0.3172093586293248,"Depth=4: граф обрезан, terminal не подтверждён. Роль peripheral. Получил 15 000 KZT, исходящих 0. Triage 0.32: оборот 15 000 KZT, PageRank 0.000291, кластер 61 уз.",1,0,15000.0,0.0,0.0002911809949739114,0.0,4,False,True
100000004030553100,peripheral,0.5,3,0.36623942441592905,"Depth=4: граф обрезан, terminal не подтверждён. Роль peripheral. Получил 70 000 KZT, исходящих 0. Triage 0.37: оборот 70 000 KZT, PageRank 0.000531, кластер 126 уз.",1,0,70000.0,0.0,0.0005305565790367391,0.0,4,False,True
100000002653187100,peripheral,0.5,11,0.32637381010235966,"Depth=4: граф обрезан, terminal не подтверждён. Роль peripheral. Получил 15 000 KZT, исходящих 0. Triage 0.33: оборот 15 000 KZT, PageRank 0.000472, кластер 55 уз.",1,0,15000.0,0.0,0.0004724855523459223,0.0,4,False,True
100000006412162100,peripheral,0.5,19,0.32033475930229466,"Depth=4: граф обрезан, terminal не подтверждён. Роль peripheral. Получил 15 000 KZT, исходящих 0. Triage 0.32: оборот 15 000 KZT, PageRank 0.000294, кластер 29 уз.",1,0,15000.0,0.0,0.00029359604950348456,0.0,4,False,True
100000004674178100,peripheral,0.5,25,0.3110883178904466,"Depth=4: граф обрезан, terminal не подтверждён. Роль peripheral. Получил 20 000 KZT, исходящих 0. Triage 0.31: оборот 20 000 KZT, PageRank 0.000303, кластер 15 уз.",1,0,20000.0,0.0,0.00030273085010160377,0.0,4,False,True
100000004070530100,peripheral,0.5,39,0.31145544406360853,"Depth=4: граф обрезан, terminal не подтверждён. Роль peripheral. Получил 20 000 KZT, исходящих 0. Triage 0.31: оборот 20 000 KZT, PageRank 0.000287, кластер 7 уз.",1,0,20000.0,0.0,0.00028720624080151737,0.0,4,False,True
100000006706519100,peripheral,0.5,0,0.35215701187583043,"Depth=4: граф обрезан, terminal не подтверждён. Роль peripheral. Получил 36 000 KZT, исходящих 0. Triage 0.35: оборот 36 000 KZT, PageRank 0.000391, кластер 277 уз.",1,0,36000.0,0.0,0.00039059419218150386,0.0,4,False,True
100000005636951100,peripheral,0.5,27,0.34787351852310183,"Depth=4: граф обрезан, terminal не подтверждён. Роль peripheral. Получил 40 000 KZT, исходящих 0. Triage 0.35: оборот 40 000 KZT, PageRank 0.000635, кластер 15 уз.",1,0,40000.0,0.0,0.0006348394956268667,0.0,4,False,True
100000003040087100,peripheral,0.5,8,0.3290181902116694,"Depth=4: граф обрезан, terminal не подтверждён. Роль peripheral. Получил 29 000 KZT, исходящих 0. Triage 0.33: оборот 29 000 KZT, PageRank 0.000296, кластер 61 уз.",1,0,29000.0,0.0,0.00029641001922589197,0.0,4,False,True
100000008766764100,peripheral,0.5,7,0.3057328691304359,"Depth=4: граф обрезан, terminal не подтверждён. Роль peripheral. Получил 5 000 KZT, исходящих 0. Triage 0.31: оборот 5 000 KZT, PageRank 0.000286, кластер 104 уз.",1,0,5000.0,0.0,0.00028623525328539117,0.0,4,False,True
100000000299820100,peripheral,0.5,3,0.3274872621588218,"Depth=4: граф обрезан, terminal не подтверждён. Роль peripheral. Получил 10 000 KZT, исходящих 0. Triage 0.33: оборот 10 000 KZT, PageRank 0.000450, кластер 126 уз.",1,0,10000.0,0.0,0.0004499767589407261,0.0,4,False,True
100000008349740100,peripheral,0.5,36,0.3334005161584758,"Depth=4: граф обрезан, terminal не подтверждён. Роль peripheral. Получил 70 000 KZT, исходящих 0. Triage 0.33: оборот 70 000 KZT, PageRank 0.000293, кластер 8 уз.",1,0,70000.0,0.0,0.00029252601865405344,0.0,4,False,True
100000008761132100,peripheral,0.5,7,0.3178583191050885,"Depth=4: граф обрезан, terminal не подтверждён. Роль peripheral. Получил 10 000 KZT, исходящих 0. Triage 0.32: оборот 10 000 KZT, PageRank 0.000287, кластер 104 уз.",1,0,10000.0,0.0,0.0002868920375811358,0.0,4,False,True
100000002540033100,peripheral,0.5,17,0.32731530306149326,"Depth=4: граф обрезан, terminal не подтверждён. Роль peripheral. Получил 10 000 KZT, исходящих 0. Triage 0.33: оборот 10 000 KZT, PageRank 0.000596, кластер 30 уз.",1,0,10000.0,0.0,0.0005956306042146677,0.0,4,False,True
100000001845505100,peripheral,0.5,3,0.3480572753551518,"Depth=4: граф обрезан, terminal не подтверждён. Роль peripheral. Получил 20 000 KZT, исходящих 0. Triage 0.35: оборот 20 000 KZT, PageRank 0.000592, кластер 126 уз.",1,0,20000.0,0.0,0.0005918351339454428,0.0,4,False,True
100000003782913100,peripheral,0.5,14,0.3643686171005407,"Depth=4: граф обрезан, terminal не подтверждён. Роль peripheral. Получил 200 000 KZT, исходящих 0. Triage 0.36: оборот 200 000 KZT, PageRank 0.000299, кластер 44 уз.",1,0,200000.0,0.0,0.000299401032866112,0.0,4,False,True
100000008778753100,peripheral,0.5,25,0.2984884252236614,"Depth=4: граф обрезан, terminal не подтверждён. Роль peripheral. Получил 10 000 KZT, исходящих 0. Triage 0.30: оборот 10 000 KZT, PageRank 0.000294, кластер 15 уз.",1,0,10000.0,0.0,0.0002941546595456251,0.0,4,False,True
100000008710913100,peripheral,0.5,7,0.32379891320845616,"Depth=4: граф обрезан, terminal не подтверждён. Роль peripheral. Получил 14 000 KZT, исходящих 0. Triage 0.32: оборот 14 000 KZT, PageRank 0.000288, кластер 104 уз.",1,0,14000.0,0.0,0.0002881176861621921,0.0,4,False,True
100000005495211100,peripheral,0.5,0,0.34640259208203844,"Depth=4: граф обрезан, terminal не подтверждён. Роль peripheral. Получил 14 500 KZT, исходящих 0. Triage 0.35: оборот 14 500 KZT, PageRank 0.000560, кластер 277 уз.",1,0,14500.0,0.0,0.0005595528752443874,0.0,4,False,True
100000004013952100,peripheral,0.5,0,0.3279026479732687,"Depth=4: граф обрезан, terminal не подтверждён. Роль peripheral. Получил 5 500 KZT, исходящих 0. Triage 0.33: оборот 5 500 KZT, PageRank 0.000533, кластер 277 уз.",1,0,5500.0,0.0,0.0005328573533281205,0.0,4,False,True
100000007330432100,peripheral,0.5,70,0.3750906430472561,"Depth=4: граф обрезан, terminal не подтверждён. Роль peripheral. Получил 584 900 KZT, исходящих 0. Triage 0.38: оборот 584 900 KZT, PageRank 0.000538, кластер 2 уз.",1,0,584900.0,0.0,0.0005378539019295102,0.0,4,False,True
100000000737152100,peripheral,0.5,0,0.3489047915403644,"Depth=4: граф обрезан, terminal не подтверждён. Роль peripheral. Получил 35 000 KZT, исходящих 0. Triage 0.35: оборот 35 000 KZT, PageRank 0.000344, кластер 277 уз.",1,0,35000.0,0.0,0.00034442344685110354,0.0,4,False,True
100000004674389100,peripheral,0.5,9,0.32222431583204264,"Depth=4: граф обрезан, terminal не подтверждён. Роль peripheral. Получил 15 000 KZT, исходящих 0. Triage 0.32: оборот 15 000 KZT, PageRank 0.000352, кластер 59 уз.",1,0,15000.0,0.0,0.0003519080561391527,0.0,4,False,True
100000002529877100,peripheral,0.5,12,0.36908908686349223,"Depth=4: граф обрезан, terminal не подтверждён. Роль peripheral. Получил 232 000 KZT, исходящих 0. Triage 0.37: оборот 232 000 KZT, PageRank 0.000306, кластер 51 уз.",1,0,232000.0,0.0,0.00030582051419316813,0.0,4,False,True
100000004035925100,peripheral,0.5,64,0.38647046383223077,"Depth=4: граф обрезан, terminal не подтверждён. Роль peripheral. Получил 1 111 588 KZT, исходящих 0. Triage 0.39: оборот 1 111 588 KZT, PageRank 0.000462, кластер 3 уз.",1,0,1111588.0,0.0,0.0004622161201331982,0.0,4,False,True
100000002188586100,peripheral,0.5,8,0.33408131426354015,"Depth=4: граф обрезан, terminal не подтверждён. Роль peripheral. Получил 38 310 KZT, исходящих 0. Triage 0.33: оборот 38 310 KZT, PageRank 0.000300, кластер 61 уз.",1,0,38310.0,0.0,0.0002998873203534591,0.0,4,False,True
100000008050986100,peripheral,0.5,4,0.3599429043803978,"Depth=4: граф обрезан, terminal не подтверждён. Роль peripheral. Получил 95 000 KZT, исходящих 0. Triage 0.36: оборот 95 000 KZT, PageRank 0.000312, кластер 126 уз.",1,0,95000.0,0.0,0.0003117833466976876,0.0,4,False,True
100000004777215100,peripheral,0.5,21,0.340073617191996,"Depth=4: граф обрезан, terminal не подтверждён. Роль peripheral. Получил 60 000 KZT, исходящих 0. Triage 0.34: оборот 60 000 KZT, PageRank 0.000465, кластер 20 уз.",1,0,60000.0,0.0,0.00046484335284865724,0.0,4,False,True
100000000926078100,peripheral,0.5,3,0.38758039344635414,"Depth=4: граф обрезан, terminal не подтверждён. Роль peripheral. Получил 250 000 KZT, исходящих 0. Triage 0.39: оборот 250 000 KZT, PageRank 0.000516, кластер 126 уз.",1,0,250000.0,0.0,0.0005162029763776871,0.0,4,False,True
100000003486846100,peripheral,0.5,5,0.35000107206215914,"Depth=4: граф обрезан, terminal не подтверждён. Роль peripheral. Получил 27 000 KZT, исходящих 0. Triage 0.35: оборот 27 000 KZT, PageRank 0.000531, кластер 125 уз.",1,0,27000.0,0.0,0.0005308630359025894,0.0,4,False,True
100000002516862100,peripheral,0.5,60,0.3399290265955571,"Depth=4: граф обрезан, terminal не подтверждён. Роль peripheral. Получил 81 710 KZT, исходящих 0. Triage 0.34: оборот 81 710 KZT, PageRank 0.000349, кластер 4 уз.",1,0,81710.0,0.0,0.0003493658621714493,0.0,4,False,True
100000008730238100,peripheral,0.5,10,0.3721845377805876,"Depth=4: граф обрезан, terminal не подтверждён. Роль peripheral. Получил 113 000 KZT, исходящих 0. Triage 0.37: оборот 113 000 KZT, PageRank 0.000563, кластер 56 уз.",1,0,113000.0,0.0,0.0005628811110339941,0.0,4,False,True
100000000803368100,peripheral,0.5,14,0.37295769850600025,"Depth=4: граф обрезан, terminal не подтверждён. Роль peripheral. Получил 139 503 KZT, исходящих 0. Triage 0.37: оборот 139 503 KZT, PageRank 0.000548, кластер 44 уз.",1,0,139503.0,0.0,0.0005480885974379812,0.0,4,False,True
100000002528978100,peripheral,0.5,8,0.3182455562748229,"Depth=4: граф обрезан, terminal не подтверждён. Роль peripheral. Получил 15 900 KZT, исходящих 0. Triage 0.32: оборот 15 900 KZT, PageRank 0.000292, кластер 61 уз.",1,0,15900.0,0.0,0.0002915171465329673,0.0,4,False,True
100000002597074100,peripheral,0.5,0,0.3211336392960695,"Depth=4: граф обрезан, terminal не подтверждён. Роль peripheral. Получил 8 000 KZT, исходящих 0. Triage 0.32: оборот 8 000 KZT, PageRank 0.000310, кластер 277 уз.",1,0,8000.0,0.0,0.00031040548737942087,0.0,4,False,True
100000003631015100,peripheral,0.5,40,0.3567525721774008,"Depth=4: граф обрезан, terminal не подтверждён. Роль peripheral. Получил 266 000 KZT, исходящих 0. Triage 0.36: оборот 266 000 KZT, PageRank 0.000322, кластер 7 уз.",1,0,266000.0,0.0,0.00032221842613088035,0.0,4,False,True
100000008255655100,peripheral,0.5,16,0.31254126748612826,"Depth=4: граф обрезан, terminal не подтверждён. Роль peripheral. Получил 5 400 KZT, исходящих 0. Triage 0.31: оборот 5 400 KZT, PageRank 0.000531, кластер 41 уз.",1,0,5400.0,0.0,0.0005309178012021718,0.0,4,False,True
100000004265639100,peripheral,0.5,3,0.33358537278894046,"Depth=4: граф обрезан, terminal не подтверждён. Роль peripheral. Получил 10 000 KZT, исходящих 0. Triage 0.33: оборот 10 000 KZT, PageRank 0.000552, кластер 126 уз.",1,0,10000.0,0.0,0.0005519538247534491,0.0,4,False,True
100000002726055100,peripheral,0.5,21,0.30135862020953236,"Depth=4: граф обрезан, terminal не подтверждён. Роль peripheral. Получил 10 000 KZT, исходящих 0. Triage 0.30: оборот 10 000 KZT, PageRank 0.000340, кластер 20 уз.",1,0,10000.0,0.0,0.0003399306585551902,0.0,4,False,True
100000003696422100,peripheral,0.5,31,0.37007982427978753,"Depth=4: граф обрезан, terminal не подтверждён. Роль peripheral. Получил 118 000 KZT, исходящих 0. Triage 0.37: оборот 118 000 KZT, PageRank 0.000707, кластер 11 уз.",1,0,118000.0,0.0,0.0007070504942669822,0.0,4,False,True
100000007745062100,peripheral,0.5,11,0.3685547791575693,"Depth=4: граф обрезан, terminal не подтверждён. Роль peripheral. Получил 100 000 KZT, исходящих 0. Triage 0.37: оборот 100 000 KZT, PageRank 0.000625, кластер 55 уз.",1,0,100000.0,0.0,0.0006246246276074754,0.0,4,False,True
100000005041147100,peripheral,0.5,0,0.338363774323145,"Depth=4: граф обрезан, terminal не подтверждён. Роль peripheral. Получил 10 000 KZT, исходящих 0. Triage 0.34: оборот 10 000 KZT, PageRank 0.000533, кластер 277 уз.",1,0,10000.0,0.0,0.000533472182414368,0.0,4,False,True
100000003819173100,peripheral,0.5,3,0.3647385479858687,"Depth=4: граф обрезан, terminal не подтверждён. Роль peripheral. Получил 143 777 KZT, исходящих 0. Triage 0.36: оборот 143 777 KZT, PageRank 0.000295, кластер 126 уз.",1,0,143777.0,0.0,0.0002952058031330463,0.0,4,False,True
100000001275557100,peripheral,0.5,22,0.31937719832383693,"Depth=4: граф обрезан, terminal не подтверждён. Роль peripheral. Получил 20 000 KZT, исходящих 0. Triage 0.32: оборот 20 000 KZT, PageRank 0.000348, кластер 18 уз.",1,0,20000.0,0.0,0.00034757953646436933,0.0,4,False,True
100000002706810100,peripheral,0.5,19,0.32627214036594643,"Depth=4: граф обрезан, terminal не подтверждён. Роль peripheral. Получил 45 000 KZT, исходящих 0. Triage 0.33: оборот 45 000 KZT, PageRank 0.000310, кластер 29 уз.",1,0,45000.0,0.0,0.00030963121053116064,0.0,4,False,True
100000002896506100,peripheral,0.5,4,0.3470208933754965,"Depth=4: граф обрезан, terminal не подтверждён. Роль peripheral. Получил 45 000 KZT, исходящих 0. Triage 0.35: оборот 45 000 KZT, PageRank 0.000314, кластер 126 уз.",1,0,45000.0,0.0,0.00031359928988352,0.0,4,False,True
100000008766031100,peripheral,0.5,7,0.30574782349634866,"Depth=4: граф обрезан, terminal не подтверждён. Роль peripheral. Получил 5 000 KZT, исходящих 0. Triage 0.31: оборот 5 000 KZT, PageRank 0.000286, кластер 104 уз.",1,0,5000.0,0.0,0.0002864853322655557,0.0,4,False,True
100000008758607100,peripheral,0.5,7,0.3057328691304359,"Depth=4: граф обрезан, terminal не подтверждён. Роль peripheral. Получил 5 000 KZT, исходящих 0. Triage 0.31: оборот 5 000 KZT, PageRank 0.000286, кластер 104 уз.",1,0,5000.0,0.0,0.00028623525328539117,0.0,4,False,True
100000008648783100,peripheral,0.5,19,0.28736916928615885,"Depth=4: граф обрезан, terminal не подтверждён. Роль peripheral. Получил 5 200 KZT, исходящих 0. Triage 0.29: оборот 5 200 KZT, PageRank 0.000288, кластер 29 уз.",1,0,5200.0,0.0,0.0002883578969011104,0.0,4,False,True
100000004291663100,peripheral,0.5,0,0.3410475992443982,"Depth=4: граф обрезан, terminal не подтверждён. Роль peripheral. Получил 25 000 KZT, исходящих 0. Triage 0.34: оборот 25 000 KZT, PageRank 0.000311, кластер 277 уз.",1,0,25000.0,0.0,0.00031115033918738906,0.0,4,False,True
100000003037476100,peripheral,0.5,7,0.40003041752762986,"Depth=4: граф обрезан, terminal не подтверждён. Роль peripheral. Получил 555 000 KZT, исходящих 0. Triage 0.40: оборот 555 000 KZT, PageRank 0.000359, кластер 104 уз.",3,0,555000.0,0.0,0.0003592634266528727,0.0,4,False,True
100000008715513100,peripheral,0.5,19,0.32019765462407046,"Depth=4: граф обрезан, terminal не подтверждён. Роль peripheral. Получил 32 500 KZT, исходящих 0. Triage 0.32: оборот 32 500 KZT, PageRank 0.000303, кластер 29 уз.",1,0,32500.0,0.0,0.0003029498934362956,0.0,4,False,True
100000001276409100,peripheral,0.5,8,0.35113540932059173,"Depth=4: граф обрезан, terminal не подтверждён. Роль peripheral. Получил 94 760 KZT, исходящих 0. Triage 0.35: оборот 94 760 KZT, PageRank 0.000321, кластер 61 уз.",1,0,94760.0,0.0,0.0003209714931409093,0.0,4,False,True
100000003232675100,peripheral,0.5,13,0.35565128098904963,"Depth=4: граф обрезан, terminal не подтверждён. Роль peripheral. Получил 44 000 KZT, исходящих 0. Triage 0.36: оборот 44 000 KZT, PageRank 0.000401, кластер 50 уз.",1,0,44000.0,0.0,0.00040091357489329397,0.0,4,False,True
100000007988344100,peripheral,0.5,0,0.34171270356555905,"Depth=4: граф обрезан, terminal не подтверждён. Роль peripheral. Получил 20 000 KZT, исходящих 0. Triage 0.34: оборот 20 000 KZT, PageRank 0.000387, кластер 277 уз.",1,0,20000.0,0.0,0.0003873469968944162,0.0,4,False,True
100000003047800100,peripheral,0.5,12,0.32184921142488915,"Depth=4: граф обрезан, terminal не подтверждён. Роль peripheral. Получил 12 212 KZT, исходящих 0. Triage 0.32: оборот 12 212 KZT, PageRank 0.000374, кластер 51 уз.",1,0,12212.0,0.0,0.0003744723728493543,0.0,4,False,True
100000003230328100,peripheral,0.5,0,0.34453053869079786,"Depth=4: граф обрезан, terminal не подтверждён. Роль peripheral. Получил 26 572 KZT, исходящих 0. Triage 0.34: оборот 26 572 KZT, PageRank 0.000352, кластер 277 уз.",3,0,26572.0,0.0,0.00035161189332550276,0.0,4,False,True
100000002702968100,peripheral,0.5,8,0.330573562176837,"Depth=4: граф обрезан, terminal не подтверждён. Роль peripheral. Получил 31 600 KZT, исходящих 0. Triage 0.33: оборот 31 600 KZT, PageRank 0.000297, кластер 61 уз.",1,0,31600.0,0.0,0.0002973811237298312,0.0,4,False,True
100000004788983100,peripheral,0.5,0,0.3458710312491277,"Depth=4: граф обрезан, terminal не подтверждён. Роль peripheral. Получил 27 000 KZT, исходящих 0. Triage 0.35: оборот 27 000 KZT, PageRank 0.000369, кластер 277 уз.",1,0,27000.0,0.0,0.00036936965605513495,0.0,4,False,True
100000006490615100,peripheral,0.5,13,0.34345044644221734,"Depth=4: граф обрезан, terminal не подтверждён. Роль peripheral. Получил 41 600 KZT, исходящих 0. Triage 0.34: оборот 41 600 KZT, PageRank 0.000395, кластер 50 уз.",1,0,41600.0,0.0,0.0003946225691167314,0.0,4,False,True
100000008745676100,peripheral,0.5,1,0.3557090552173146,"Depth=4: граф обрезан, terminal не подтверждён. Роль peripheral. Получил 34 547 KZT, исходящих 0. Triage 0.36: оборот 34 547 KZT, PageRank 0.000530, кластер 270 уз.",1,0,34547.0,0.0,0.0005300514097602414,0.0,4,False,True
100000001598625100,peripheral,0.5,3,0.3421909101280797,"Depth=4: граф обрезан, terminal не подтверждён. Роль peripheral. Получил 25 000 KZT, исходящих 0. Triage 0.34: оборот 25 000 KZT, PageRank 0.000429, кластер 126 уз.",1,0,25000.0,0.0,0.00042866088632308386,0.0,4,False,True
100000008461217100,peripheral,0.5,50,0.31374702622739353,"Depth=4: граф обрезан, terminal не подтверждён. Роль peripheral. Получил 18 000 KZT, исходящих 0. Triage 0.31: оборот 18 000 KZT, PageRank 0.000545, кластер 5 уз.",1,0,18000.0,0.0,0.0005452642274686578,0.0,4,False,True
100000005711521100,peripheral,0.5,13,0.37884204724730536,"Depth=4: граф обрезан, terminal не подтверждён. Роль peripheral. Получил 238 000 KZT, исходящих 0. Triage 0.38: оборот 238 000 KZT, PageRank 0.000534, кластер 50 уз.",1,0,238000.0,0.0,0.0005335577086221786,0.0,4,False,True
100000002713974100,peripheral,0.5,3,0.34837247095659585,"Depth=4: граф обрезан, terminal не подтверждён. Роль peripheral. Получил 50 000 KZT, исходящих 0. Triage 0.35: оборот 50 000 KZT, PageRank 0.000330, кластер 126 уз.",1,0,50000.0,0.0,0.0003298962898292965,0.0,4,False,True
100000005272139100,peripheral,0.5,5,0.39494921283212275,"Depth=4: граф обрезан, terminal не подтверждён. Роль peripheral. Получил 165 000 KZT, исходящих 0. Triage 0.39: оборот 165 000 KZT, PageRank 0.000755, кластер 125 уз.",1,0,165000.0,0.0,0.0007546444790791603,0.0,4,False,True
100000002968096100,peripheral,0.5,3,0.35361544681432094,"Depth=4: граф обрезан, terminal не подтверждён. Роль peripheral. Получил 70 000 KZT, исходящих 0. Triage 0.35: оборот 70 000 KZT, PageRank 0.000319, кластер 126 уз.",1,0,70000.0,0.0,0.0003194491930311035,0.0,4,False,True
100000004449824100,peripheral,0.5,19,0.297055752396864,"Depth=4: граф обрезан, terminal не подтверждён. Роль peripheral. Получил 9 000 KZT, исходящих 0. Triage 0.30: оборот 9 000 KZT, PageRank 0.000290, кластер 29 уз.",1,0,9000.0,0.0,0.00029038901729794937,0.0,4,False,True
100000004502048100,peripheral,0.5,18,0.31700378554723496,"Depth=4: граф обрезан, terminal не подтверждён. Роль peripheral. Получил 13 888 KZT, исходящих 0. Triage 0.32: оборот 13 888 KZT, PageRank 0.000340, кластер 30 уз.",1,0,13888.0,0.0,0.00033965646194034847,0.0,4,False,True
100000002660298100,peripheral,0.5,8,0.33016728622733577,"Depth=4: граф обрезан, terminal не подтверждён. Роль peripheral. Получил 30 900 KZT, исходящих 0. Triage 0.33: оборот 30 900 KZT, PageRank 0.000297, кластер 61 уз.",1,0,30900.0,0.0,0.0002971196725172322,0.0,4,False,True
100000001299828100,peripheral,0.5,0,0.37932180008961675,"Depth=4: граф обрезан, terminal не подтверждён. Роль peripheral. Получил 100 000 KZT, исходящих 0. Triage 0.38: оборот 100 000 KZT, PageRank 0.000547, кластер 277 уз.",1,0,100000.0,0.0,0.0005469239451855725,0.0,4,False,True
100000000581662100,peripheral,0.5,12,0.32715505772027315,"Depth=4: граф обрезан, terminal не подтверждён. Роль peripheral. Получил 21 160 KZT, исходящих 0. Triage 0.33: оборот 21 160 KZT, PageRank 0.000303, кластер 51 уз.",1,0,21160.0,0.0,0.0003029031933899157,0.0,4,False,True
100000001249054100,peripheral,0.5,8,0.31982549414879247,"Depth=4: граф обрезан, terminal не подтверждён. Роль peripheral. Получил 17 375 KZT, исходящих 0. Triage 0.32: оборот 17 375 KZT, PageRank 0.000292, кластер 61 уз.",1,0,17375.0,0.0,0.0002920680615880867,0.0,4,False,True
100000008759795100,peripheral,0.5,19,0.3084016654822856,"Depth=4: граф обрезан, terminal не подтверждён. Роль peripheral. Получил 17 000 KZT, исходящих 0. Triage 0.31: оборот 17 000 KZT, PageRank 0.000295, кластер 29 уз.",1,0,17000.0,0.0,0.00029466506023866296,0.0,4,False,True
100000001299443100,peripheral,0.5,19,0.29496999224363873,"Depth=4: граф обрезан, terminal не подтверждён. Роль peripheral. Получил 8 000 KZT, исходящих 0. Triage 0.29: оборот 8 000 KZT, PageRank 0.000290, кластер 29 уз.",1,0,8000.0,0.0,0.0002898545119303601,0.0,4,False,True
100000007997939100,peripheral,0.5,7,0.32667750015907043,"Depth=4: граф обрезан, terminal не подтверждён. Роль peripheral. Получил 13 000 KZT, исходящих 0. Triage 0.33: оборот 13 000 KZT, PageRank 0.000358, кластер 104 уз.",1,0,13000.0,0.0,0.0003578660972530192,0.0,4,False,True
100000003470579100,peripheral,0.5,26,0.3822256158108517,"Depth=4: граф обрезан, terminal не подтверждён. Роль peripheral. Получил 357 000 KZT, исходящих 0. Triage 0.38: оборот 357 000 KZT, PageRank 0.000568, кластер 15 уз.",1,0,357000.0,0.0,0.0005678671044146199,0.0,4,False,True
100000008649416100,peripheral,0.5,16,0.31135050281473753,"Depth=4: граф обрезан, terminal не подтверждён. Роль peripheral. Получил 5 000 KZT, исходящих 0. Triage 0.31: оборот 5 000 KZT, PageRank 0.000533, кластер 41 уз.",1,0,5000.0,0.0,0.0005334448475676954,0.0,4,False,True
100000008183752100,peripheral,0.5,17,0.369407187399285,"Depth=4: граф обрезан, terminal не подтверждён. Роль peripheral. Получил 140 000 KZT, исходящих 0. Triage 0.37: оборот 140 000 KZT, PageRank 0.000530, кластер 30 уз.",1,0,140000.0,0.0,0.000529918772510491,0.0,4,False,True
100000003950749100,peripheral,0.5,5,0.3176714699847913,"Depth=4: граф обрезан, terminal не подтверждён. Роль peripheral. Получил 7 000 KZT, исходящих 0. Triage 0.32: оборот 7 000 KZT, PageRank 0.000384, кластер 125 уз.",1,0,7000.0,0.0,0.0003838730258839034,0.0,4,False,True
100000005979037100,peripheral,0.5,3,0.3513345718236621,"Depth=4: граф обрезан, terminal не подтверждён. Роль peripheral. Получил 60 300 KZT, исходящих 0. Triage 0.35: оборот 60 300 KZT, PageRank 0.000325, кластер 126 уз.",1,0,60300.0,0.0,0.00032480661628824995,0.0,4,False,True
100000008734279100,peripheral,0.5,3,0.3386892661321226,"Depth=4: граф обрезан, terminal не подтверждён. Роль peripheral. Получил 31 650 KZT, исходящих 0. Triage 0.34: оборот 31 650 KZT, PageRank 0.000301, кластер 126 уз.",1,0,31650.0,0.0,0.00030132158656014747,0.0,4,False,True
100000005589319100,peripheral,0.5,2,0.3371258664769847,"Depth=4: граф обрезан, terminal не подтверждён. Роль peripheral. Получил 26 000 KZT, исходящих 0. Triage 0.34: оборот 26 000 KZT, PageRank 0.000310, кластер 148 уз.",1,0,26000.0,0.0,0.0003099363510137363,0.0,4,False,True
100000003626268100,peripheral,0.5,3,0.3202231330090244,"Depth=4: граф обрезан, terminal не подтверждён. Роль peripheral. Получил 5 000 KZT, исходящих 0. Triage 0.32: оборот 5 000 KZT, PageRank 0.000531, кластер 126 уз.",1,0,5000.0,0.0,0.0005306145299705939,0.0,4,False,True
100000001220124100,peripheral,0.5,3,0.3569999570317478,"Depth=4: граф обрезан, terminal не подтверждён. Роль peripheral. Получил 40 000 KZT, исходящих 0. Triage 0.36: оборот 40 000 KZT, PageRank 0.000539, кластер 126 уз.",1,0,40000.0,0.0,0.0005392454776753581,0.0,4,False,True
100000003904497100,peripheral,0.5,7,0.32110493501323295,"Depth=4: граф обрезан, terminal не подтверждён. Роль peripheral. Получил 10 000 KZT, исходящих 0. Triage 0.32: оборот 10 000 KZT, PageRank 0.000341, кластер 104 уз.",1,0,10000.0,0.0,0.0003411843368845486,0.0,4,False,True
100000001270470100,peripheral,0.5,0,0.3502916428613952,"Depth=4: граф обрезан, terminal не подтверждён. Роль peripheral. Получил 28 300 KZT, исходящих 0. Triage 0.35: оборот 28 300 KZT, PageRank 0.000430, кластер 277 уз.",1,0,28300.0,0.0,0.0004295809359748956,0.0,4,False,True
100000003091142100,peripheral,0.5,0,0.35513768055285655,"Depth=4: граф обрезан, terminal не подтверждён. Роль peripheral. Получил 40 000 KZT, исходящих 0. Triage 0.36: оборот 40 000 KZT, PageRank 0.000410, кластер 277 уз.",1,0,40000.0,0.0,0.0004097135609385182,0.0,4,False,True
100000001053894100,peripheral,0.5,39,0.4014015199210945,"Depth=4: граф обрезан, terminal не подтверждён. Роль peripheral. Получил 2 000 000 KZT, исходящих 0. Triage 0.40: оборот 2 000 000 KZT, PageRank 0.000448, кластер 7 уз.",1,0,2000000.0,0.0,0.0004483556501767298,0.0,4,False,True
100000004722630100,peripheral,0.5,49,0.3684853429308046,"Depth=4: граф обрезан, terminal не подтверждён. Роль peripheral. Получил 340 000 KZT, исходящих 0. Triage 0.37: оборот 340 000 KZT, PageRank 0.000492, кластер 5 уз.",1,0,340000.0,0.0,0.0004916662827467756,0.0,4,False,True
100000004655046100,peripheral,0.5,8,0.3413105168767234,"Depth=4: граф обрезан, terminal не подтверждён. Роль peripheral. Получил 24 000 KZT, исходящих 0. Triage 0.34: оборот 24 000 KZT, PageRank 0.000557, кластер 61 уз.",1,0,24000.0,0.0,0.000557157987347026,0.0,4,False,True
100000004019056100,peripheral,0.5,13,0.3520545750936237,"Depth=4: граф обрезан, terminal не подтверждён. Роль peripheral. Получил 50 000 KZT, исходящих 0. Triage 0.35: оборот 50 000 KZT, PageRank 0.000541, кластер 50 уз.",1,0,50000.0,0.0,0.0005406095488761,0.0,4,False,True
100000008071749100,peripheral,0.5,8,0.3262995451089616,"Depth=4: граф обрезан, terminal не подтверждён. Роль peripheral. Получил 24 943 KZT, исходящих 0. Triage 0.33: оборот 24 943 KZT, PageRank 0.000295, кластер 61 уз.",1,0,24943.0,0.0,0.00029489472269801447,0.0,4,False,True
100000008221765100,peripheral,0.5,4,0.3822860646303771,"Depth=4: граф обрезан, terminal не подтверждён. Роль peripheral. Получил 156 354 KZT, исходящих 0. Triage 0.38: оборот 156 354 KZT, PageRank 0.000540, кластер 126 уз.",1,0,156354.0,0.0,0.0005401194443553156,0.0,4,False,True
100000008778010100,peripheral,0.5,1,0.3838137311740561,"Depth=4: граф обрезан, terminal не подтверждён. Роль peripheral. Получил 76 950 KZT, исходящих 0. Triage 0.38: оборот 76 950 KZT, PageRank 0.000529, кластер 270 уз.",1,0,76950.0,0.0,0.0005293728158115307,0.0,4,False,True
100000004584730100,peripheral,0.5,44,0.3260730608302345,"Depth=4: граф обрезан, terminal не подтверждён. Роль peripheral. Получил 47 000 KZT, исходящих 0. Triage 0.33: оборот 47 000 KZT, PageRank 0.000304, кластер 6 уз.",1,0,47000.0,0.0,0.0003037757123101358,0.0,4,False,True
100000004797167100,peripheral,0.5,3,0.3532749836298592,"Depth=4: граф обрезан, terminal не подтверждён. Роль peripheral. Получил 31 000 KZT, исходящих 0. Triage 0.35: оборот 31 000 KZT, PageRank 0.000551, кластер 126 уз.",1,0,31000.0,0.0,0.0005512860413637818,0.0,4,False,True
100000005010159100,peripheral,0.5,3,0.3312893299193025,"Depth=4: граф обрезан, terminal не подтверждён. Роль peripheral. Получил 7 092 KZT, исходящих 0. Triage 0.33: оборот 7 092 KZT, PageRank 0.000614, кластер 126 уз.",1,0,7092.0,0.0,0.0006137552380925016,0.0,4,False,True
100000003025903100,peripheral,0.5,4,0.39722253791997536,"Depth=4: граф обрезан, terminal не подтверждён. Роль peripheral. Получил 386 300 KZT, исходящих 0. Triage 0.40: оборот 386 300 KZT, PageRank 0.000526, кластер 126 уз.",1,0,386300.0,0.0,0.0005261216492408315,0.0,4,False,True
100000003005167100,peripheral,0.5,19,0.2926096628523318,"Depth=4: граф обрезан, terminal не подтверждён. Роль peripheral. Получил 7 000 KZT, исходящих 0. Triage 0.29: оборот 7 000 KZT, PageRank 0.000289, кластер 29 уз.",1,0,7000.0,0.0,0.0002893200065627709,0.0,4,False,True
100000002214383100,peripheral,0.5,1,0.3874626636473721,"Depth=4: граф обрезан, terminal не подтверждён. Роль peripheral. Получил 213 000 KZT, исходящих 0. Triage 0.39: оборот 213 000 KZT, PageRank 0.000531, кластер 270 уз.",1,0,213000.0,0.0,0.0005305975951335938,0.0,4,False,True
100000004800452100,peripheral,0.5,4,0.33096782709978195,"Depth=4: граф обрезан, terminal не подтверждён. Роль peripheral. Получил 6 545 KZT, исходящих 0. Triage 0.33: оборот 6 545 KZT, PageRank 0.000607, кластер 126 уз.",1,0,6544.53,0.0,0.0006073837183501202,0.0,4,False,True
100000006903193100,peripheral,0.5,0,0.3226601039859968,"Depth=4: граф обрезан, terminal не подтверждён. Роль peripheral. Получил 9 000 KZT, исходящих 0. Triage 0.32: оборот 9 000 KZT, PageRank 0.000302, кластер 277 уз.",1,0,9000.0,0.0,0.0003015868612407539,0.0,4,False,True
100000007811950100,peripheral,0.5,25,0.34160784816571177,"Depth=4: граф обрезан, terminal не подтверждён. Роль peripheral. Получил 50 000 KZT, исходящих 0. Triage 0.34: оборот 50 000 KZT, PageRank 0.000546, кластер 15 уз.",1,0,50000.0,0.0,0.0005458909803595815,0.0,4,False,True
100000000375150100,peripheral,0.5,13,0.3955126003281217,"Depth=4: граф обрезан, terminal не подтверждён. Роль peripheral. Получил 300 000 KZT, исходящих 0. Triage 0.40: оборот 300 000 KZT, PageRank 0.000745, кластер 50 уз.",1,0,300000.0,0.0,0.0007448191897288495,0.0,4,False,True
100000008775747100,peripheral,0.5,7,0.3057328691304359,"Depth=4: граф обрезан, terminal не подтверждён. Роль peripheral. Получил 5 000 KZT, исходящих 0. Triage 0.31: оборот 5 000 KZT, PageRank 0.000286, кластер 104 уз.",1,0,5000.0,0.0,0.00028623525328539117,0.0,4,False,True
100000006689603100,peripheral,0.5,3,0.3836452564001962,"Depth=4: граф обрезан, terminal не подтверждён. Роль peripheral. Получил 400 000 KZT, исходящих 0. Triage 0.38: оборот 400 000 KZT, PageRank 0.000312, кластер 126 уз.",1,0,400000.0,0.0,0.00031236254194540376,0.0,4,False,True
100000005075949100,peripheral,0.5,46,0.43217323692423343,"Depth=4: граф обрезан, terminal не подтверждён. Роль peripheral. Получил 2 226 000 KZT, исходящих 0. Triage 0.43: оборот 2 226 000 KZT, PageRank 0.000767, кластер 6 уз.",1,0,2226000.0,0.0,0.0007668985572025085,0.0,4,False,True
100000003985389100,peripheral,0.5,3,0.39632564002004317,"Depth=4: граф обрезан, terminal не подтверждён. Роль peripheral. Получил 422 698 KZT, исходящих 0. Triage 0.40: оборот 422 698 KZT, PageRank 0.000490, кластер 126 уз.",1,0,422698.0,0.0,0.0004901082877164434,0.0,4,False,True
100000002478829100,peripheral,0.5,21,0.32552340284386666,"Depth=4: граф обрезан, terminal не подтверждён. Роль peripheral. Получил 34 000 KZT, исходящих 0. Triage 0.33: оборот 34 000 KZT, PageRank 0.000387, кластер 20 уз.",1,0,34000.0,0.0,0.00038716190317641925,0.0,4,False,True
100000003125997100,peripheral,0.5,10,0.36690091004839287,"Depth=4: граф обрезан, terminal не подтверждён. Роль peripheral. Получил 87 750 KZT, исходящих 0. Triage 0.37: оборот 87 750 KZT, PageRank 0.000548, кластер 56 уз.",1,0,87750.0,0.0,0.000548275910648228,0.0,4,False,True
100000003214786100,peripheral,0.5,0,0.31949761159477796,"Depth=4: граф обрезан, terminal не подтверждён. Роль peripheral. Получил 5 000 KZT, исходящих 0. Triage 0.32: оборот 5 000 KZT, PageRank 0.000420, кластер 277 уз.",1,0,5000.0,0.0,0.00042009226279106024,0.0,4,False,True
100000008308418100,peripheral,0.5,0,0.3603278694827476,"Depth=4: граф обрезан, terminal не подтверждён. Роль peripheral. Получил 50 000 KZT, исходящих 0. Triage 0.36: оборот 50 000 KZT, PageRank 0.000431, кластер 277 уз.",1,0,50000.0,0.0,0.0004314336400894484,0.0,4,False,True
100000008619159100,peripheral,0.5,64,0.378418967824211,"Depth=4: граф обрезан, terminal не подтверждён. Роль peripheral. Получил 446 400 KZT, исходящих 0. Triage 0.38: оборот 446 400 KZT, PageRank 0.000357, кластер 3 уз.",1,0,446400.0,0.0,0.00035651396619767816,0.0,4,False,True
100000004418967100,peripheral,0.5,10,0.3635045941317172,"Depth=4: граф обрезан, terminal не подтверждён. Роль peripheral. Получил 100 000 KZT, исходящих 0. Triage 0.36: оборот 100 000 KZT, PageRank 0.000453, кластер 56 уз.",1,0,100000.0,0.0,0.00045337082574797166,0.0,4,False,True
100000003173783100,peripheral,0.5,30,0.3230870484977931,"Depth=4: граф обрезан, terminal не подтверждён. Роль peripheral. Получил 23 500 KZT, исходящих 0. Triage 0.32: оборот 23 500 KZT, PageRank 0.000347, кластер 13 уз.",1,0,23500.0,0.0,0.0003465360438812764,0.0,4,False,True
100000002242455100,peripheral,0.5,4,0.3756617060642986,"Depth=4: граф обрезан, terminal не подтверждён. Роль peripheral. Получил 110 000 KZT, исходящих 0. Triage 0.38: оборот 110 000 KZT, PageRank 0.000532, кластер 126 уз.",1,0,110000.0,0.0,0.0005318909865628272,0.0,4,False,True
100000004848236100,peripheral,0.5,0,0.31991549654517054,"Depth=4: граф обрезан, terminal не подтверждён. Роль peripheral. Получил 7 500 KZT, исходящих 0. Triage 0.32: оборот 7 500 KZT, PageRank 0.000309, кластер 277 уз.",1,0,7500.0,0.0,0.00030885379873005995,0.0,4,False,True
100000004674412100,peripheral,0.5,9,0.349963017743707,"Depth=4: граф обрезан, terminal не подтверждён. Роль peripheral. Получил 46 000 KZT, исходящих 0. Triage 0.35: оборот 46 000 KZT, PageRank 0.000489, кластер 59 уз.",1,0,46000.0,0.0,0.0004889892029147988,0.0,4,False,True
100000007071852100,peripheral,0.5,3,0.37888974072037995,"Depth=4: граф обрезан, terminal не подтверждён. Роль peripheral. Получил 195 000 KZT, исходящих 0. Triage 0.38: оборот 195 000 KZT, PageRank 0.000443, кластер 126 уз.",1,0,195000.0,0.0,0.0004433255430917828,0.0,4,False,True
100000001498732100,peripheral,0.5,51,0.28012335321611564,"Depth=4: граф обрезан, terminal не подтверждён. Роль peripheral. Получил 5 500 KZT, исходящих 0. Triage 0.28: оборот 5 500 KZT, PageRank 0.000289, кластер 5 уз.",1,0,5500.0,0.0,0.00028941438927362965,0.0,4,False,True
100000000627521100,peripheral,0.5,39,0.2917911321405319,"Depth=4: граф обрезан, terminal не подтверждён. Роль peripheral. Получил 6 500 KZT, исходящих 0. Triage 0.29: оборот 6 500 KZT, PageRank 0.000286, кластер 7 уз.",1,0,6500.0,0.0,0.0002861074948285045,0.0,4,False,True
100000003105089100,peripheral,0.5,21,0.29893556233147445,"Depth=4: граф обрезан, terminal не подтверждён. Роль peripheral. Получил 10 000 KZT, исходящих 0. Triage 0.30: оборот 10 000 KZT, PageRank 0.000299, кластер 20 уз.",1,0,10000.0,0.0,0.0002994105126138655,0.0,4,False,True
100000003166017100,peripheral,0.5,8,0.3172093586293248,"Depth=4: граф обрезан, terminal не подтверждён. Роль peripheral. Получил 15 000 KZT, исходящих 0. Triage 0.32: оборот 15 000 KZT, PageRank 0.000291, кластер 61 уз.",1,0,15000.0,0.0,0.0002911809949739114,0.0,4,False,True
100000002506987100,peripheral,0.5,8,0.3285124982484949,"Depth=4: граф обрезан, terminal не подтверждён. Роль peripheral. Получил 28 200 KZT, исходящих 0. Triage 0.33: оборот 28 200 KZT, PageRank 0.000296, кластер 61 уз.",1,0,28200.0,0.0,0.0002961112178400645,0.0,4,False,True
100000005767403100,peripheral,0.5,34,0.4281220637450483,"Depth=4: граф обрезан, terminal не подтверждён. Роль peripheral. Получил 1 100 000 KZT, исходящих 0. Triage 0.43: оборот 1 100 000 KZT, PageRank 0.001079, кластер 10 уз.",1,0,1100000.0,0.0,0.0010787278994043499,0.0,4,False,True
100000005553088100,peripheral,0.5,3,0.3279354599949868,"Depth=4: граф обрезан, terminal не подтверждён. Роль peripheral. Получил 17 500 KZT, исходящих 0. Triage 0.33: оборот 17 500 KZT, PageRank 0.000294, кластер 126 уз.",1,0,17500.0,0.0,0.0002942831943445839,0.0,4,False,True
100000003632533100,peripheral,0.5,4,0.32766912422536565,"Depth=4: граф обрезан, terminal не подтверждён. Роль peripheral. Получил 10 000 KZT, исходящих 0. Triage 0.33: оборот 10 000 KZT, PageRank 0.000429, кластер 126 уз.",1,0,10000.0,0.0,0.0004285973434816681,0.0,4,False,True
100000008762005100,peripheral,0.5,7,0.3057658857452739,"Depth=4: граф обрезан, terminal не подтверждён. Роль peripheral. Получил 5 000 KZT, исходящих 0. Triage 0.31: оборот 5 000 KZT, PageRank 0.000287, кластер 104 уз.",1,0,5000.0,0.0,0.00028678738794071665,0.0,4,False,True
100000002214207100,peripheral,0.5,37,0.3564343620236787,"Depth=4: граф обрезан, terminal не подтверждён. Роль peripheral. Получил 97 000 KZT, исходящих 0. Triage 0.36: оборот 97 000 KZT, PageRank 0.000690, кластер 8 уз.",1,0,97000.0,0.0,0.000689740361456788,0.0,4,False,True
100000003180820100,peripheral,0.5,7,0.35890028026872023,"Depth=4: граф обрезан, terminal не подтверждён. Роль peripheral. Получил 101 000 KZT, исходящих 0. Triage 0.36: оборот 101 000 KZT, PageRank 0.000299, кластер 104 уз.",1,0,101000.0,0.0,0.00029884551176368834,0.0,4,False,True
100000003786516100,peripheral,0.5,0,0.3119071992413205,"Depth=4: граф обрезан, terminal не подтверждён. Роль peripheral. Получил 5 000 KZT, исходящих 0. Triage 0.31: оборот 5 000 KZT, PageRank 0.000293, кластер 277 уз.",1,0,5000.0,0.0,0.0002931598326333964,0.0,4,False,True
100000005226217100,peripheral,0.5,7,0.3333573029565406,"Depth=4: граф обрезан, terminal не подтверждён. Роль peripheral. Получил 17 500 KZT, исходящих 0. Triage 0.33: оборот 17 500 KZT, PageRank 0.000383, кластер 104 уз.",1,0,17500.0,0.0,0.0003828887378057251,0.0,4,False,True
100000001533161100,peripheral,0.5,44,0.340466929240792,"Depth=4: граф обрезан, terminal не подтверждён. Роль peripheral. Получил 100 000 KZT, исходящих 0. Triage 0.34: оборот 100 000 KZT, PageRank 0.000324, кластер 6 уз.",1,0,100000.0,0.0,0.0003242960079694109,0.0,4,False,True
100000007034089100,peripheral,0.5,7,0.3861491516491056,"Depth=4: граф обрезан, terminal не подтверждён. Роль peripheral. Получил 198 000 KZT, исходящих 0. Triage 0.39: оборот 198 000 KZT, PageRank 0.000321, кластер 104 уз.",2,0,198000.0,0.0,0.0003210901283473852,0.0,4,False,True
100000008336318100,peripheral,0.5,7,0.3696449707734547,"Depth=4: граф обрезан, terminal не подтверждён. Роль peripheral. Получил 170 000 KZT, исходящих 0. Triage 0.37: оборот 170 000 KZT, PageRank 0.000327, кластер 104 уз.",1,0,170000.0,0.0,0.00032668171332603116,0.0,4,False,True
100000005370558100,peripheral,0.5,0,0.3122739011030763,"Depth=4: граф обрезан, terminal не подтверждён. Роль peripheral. Получил 5 000 KZT, исходящих 0. Triage 0.31: оборот 5 000 KZT, PageRank 0.000299, кластер 277 уз.",1,0,5000.0,0.0,0.00029929209252158956,0.0,4,False,True
100000002729875100,peripheral,0.5,8,0.3468691225484672,"Depth=4: граф обрезан, terminal не подтверждён. Роль peripheral. Получил 76 000 KZT, исходящих 0. Triage 0.35: оборот 76 000 KZT, PageRank 0.000314, кластер 61 уз.",1,0,76000.0,0.0,0.00031396460064325537,0.0,4,False,True
100000006512787100,peripheral,0.5,0,0.35022976624793534,"Depth=4: граф обрезан, terminal не подтверждён. Роль peripheral. Получил 20 000 KZT, исходящих 0. Triage 0.35: оборот 20 000 KZT, PageRank 0.000530, кластер 277 уз.",1,0,20000.0,0.0,0.0005297755480266333,0.0,4,False,True
100000003186579100,peripheral,0.5,3,0.3731845619548363,"Depth=4: граф обрезан, terminal не подтверждён. Роль peripheral. Получил 110 000 KZT, исходящих 0. Triage 0.37: оборот 110 000 KZT, PageRank 0.000515, кластер 126 уз.",1,0,110000.0,0.0,0.0005148870170446759,0.0,4,False,True
100000004472936100,peripheral,0.5,13,0.31136478524405753,"Depth=4: граф обрезан, terminal не подтверждён. Роль peripheral. Получил 5 000 KZT, исходящих 0. Triage 0.31: оборот 5 000 KZT, PageRank 0.000532, кластер 50 уз.",1,0,5000.0,0.0,0.000531617180847255,0.0,4,False,True
100000002231144100,peripheral,0.5,21,0.3100541169051084,"Depth=4: граф обрезан, terminal не подтверждён. Роль peripheral. Получил 15 000 KZT, исходящих 0. Triage 0.31: оборот 15 000 KZT, PageRank 0.000367, кластер 20 уз.",1,0,15000.0,0.0,0.000367106753337962,0.0,4,False,True
100000002505277100,peripheral,0.5,0,0.3620775131848247,"Depth=4: граф обрезан, terminal не подтверждён. Роль peripheral. Получил 60 000 KZT, исходящих 0. Triage 0.36: оборот 60 000 KZT, PageRank 0.000408, кластер 277 уз.",1,0,60000.0,0.0,0.0004075228672353921,0.0,4,False,True
100000003177533100,peripheral,0.5,3,0.3485461266848507,"Depth=4: граф обрезан, terminal не подтверждён. Роль peripheral. Получил 20 000 KZT, исходящих 0. Triage 0.35: оборот 20 000 KZT, PageRank 0.000338, кластер 126 уз.",1,0,20000.0,0.0,0.0003381359266567421,0.0,4,False,True
100000005888829100,peripheral,0.5,7,0.3713051060803008,"Depth=4: граф обрезан, terminal не подтверждён. Роль peripheral. Получил 197 000 KZT, исходящих 0. Triage 0.37: оборот 197 000 KZT, PageRank 0.000311, кластер 104 уз.",1,0,197000.0,0.0,0.0003114557702419855,0.0,4,False,True
100000002242066100,peripheral,0.5,35,0.34364714257294016,"Depth=4: граф обрезан, terminal не подтверждён. Роль peripheral. Получил 60 000 KZT, исходящих 0. Triage 0.34: оборот 60 000 KZT, PageRank 0.000533, кластер 9 уз.",1,0,60000.0,0.0,0.0005334832487009285,0.0,4,False,True
100000008027922100,peripheral,0.5,22,0.3504927144921262,"Depth=4: граф обрезан, terminal не подтверждён. Роль peripheral. Получил 70 000 KZT, исходящих 0. Triage 0.35: оборот 70 000 KZT, PageRank 0.000503, кластер 18 уз.",1,0,70000.0,0.0,0.0005025822051511762,0.0,4,False,True
100000002686226100,peripheral,0.5,16,0.39623315746923277,"Depth=4: граф обрезан, terminal не подтверждён. Роль peripheral. Получил 430 000 KZT, исходящих 0. Triage 0.40: оборот 430 000 KZT, PageRank 0.000654, кластер 41 уз.",1,0,430000.0,0.0,0.000653947819229152,0.0,4,False,True
100000001065234100,peripheral,0.5,58,0.37079791701748815,"Depth=4: граф обрезан, terminal не подтверждён. Роль peripheral. Получил 360 000 KZT, исходящих 0. Triage 0.37: оборот 360 000 KZT, PageRank 0.000548, кластер 4 уз.",1,0,360000.0,0.0,0.0005482014596156254,0.0,4,False,True
100000000424935100,peripheral,0.5,28,0.30789941525325487,"Depth=4: граф обрезан, terminal не подтверждён. Роль peripheral. Получил 15 000 KZT, исходящих 0. Triage 0.31: оборот 15 000 KZT, PageRank 0.000301, кластер 14 уз.",1,0,15000.0,0.0,0.00030140051095406314,0.0,4,False,True
100000005723580100,peripheral,0.5,10,0.33867491844595154,"Depth=4: граф обрезан, terminal не подтверждён. Роль peripheral. Получил 35 000 KZT, исходящих 0. Triage 0.34: оборот 35 000 KZT, PageRank 0.000344, кластер 56 уз.",1,0,35000.0,0.0,0.00034430579385506035,0.0,4,False,True
100000000704700100,peripheral,0.5,24,0.3176476899699661,"Depth=4: граф обрезан, terminal не подтверждён. Роль peripheral. Получил 10 000 KZT, исходящих 0. Triage 0.32: оборот 10 000 KZT, PageRank 0.000533, кластер 17 уз.",1,0,10000.0,0.0,0.0005329734392772463,0.0,4,False,True
100000005293969100,peripheral,0.5,0,0.3276397465091951,"Depth=4: граф обрезан, terminal не подтверждён. Роль peripheral. Получил 5 467 KZT, исходящих 0. Triage 0.33: оборот 5 467 KZT, PageRank 0.000530, кластер 277 уз.",1,0,5466.97,0.0,0.0005302172575484783,0.0,4,False,True
100000002512742100,peripheral,0.5,19,0.2898898537871016,"Depth=4: граф обрезан, terminal не подтверждён. Роль peripheral. Получил 6 000 KZT, исходящих 0. Triage 0.29: оборот 6 000 KZT, PageRank 0.000289, кластер 29 уз.",1,0,6000.0,0.0,0.0002887855011951817,0.0,4,False,True
100000001816678100,peripheral,0.5,2,0.35169178553541525,"Depth=4: граф обрезан, terminal не подтверждён. Роль peripheral. Получил 60 000 KZT, исходящих 0. Triage 0.35: оборот 60 000 KZT, PageRank 0.000310, кластер 148 уз.",1,0,60000.0,0.0,0.0003096357563996033,0.0,4,False,True
100000004586598100,peripheral,0.5,67,0.3806655247311792,"Depth=4: граф обрезан, terminal не подтверждён. Роль peripheral. Получил 761 255 KZT, исходящих 0. Triage 0.38: оборот 761 255 KZT, PageRank 0.000539, кластер 2 уз.",1,0,761255.0,0.0,0.0005389622228078286,0.0,4,False,True
100000005782886100,peripheral,0.5,7,0.3283023032553027,"Depth=4: граф обрезан, terminal не подтверждён. Роль peripheral. Получил 14 000 KZT, исходящих 0. Triage 0.33: оборот 14 000 KZT, PageRank 0.000363, кластер 104 уз.",1,0,14000.0,0.0,0.0003634266840425094,0.0,4,False,True
100000002622822100,peripheral,0.5,17,0.42119334130629527,"Depth=4: граф обрезан, terminal не подтверждён. Роль peripheral. Получил 750 000 KZT, исходящих 0. Triage 0.42: оборот 750 000 KZT, PageRank 0.000906, кластер 30 уз.",1,0,750000.0,0.0,0.0009064444314526993,0.0,4,False,True
100000003718715100,peripheral,0.5,13,0.40481340812333594,"Depth=4: граф обрезан, terminal не подтверждён. Роль peripheral. Получил 915 000 KZT, исходящих 0. Triage 0.40: оборот 915 000 KZT, PageRank 0.000575, кластер 50 уз.",1,0,915000.0,0.0,0.0005751452103871733,0.0,4,False,True
100000006491963100,peripheral,0.5,19,0.3073125231112175,"Depth=4: граф обрезан, terminal не подтверждён. Роль peripheral. Получил 16 000 KZT, исходящих 0. Triage 0.31: оборот 16 000 KZT, PageRank 0.000294, кластер 29 уз.",1,0,16000.0,0.0,0.00029413055487107376,0.0,4,False,True
100000004526651100,peripheral,0.5,7,0.33885879888302,"Depth=4: граф обрезан, terminal не подтверждён. Роль peripheral. Получил 33 000 KZT, исходящих 0. Triage 0.34: оборот 33 000 KZT, PageRank 0.000290, кластер 104 уз.",1,0,33000.0,0.0,0.0002899132453415612,0.0,4,False,True
100000008331280100,peripheral,0.5,26,0.3295428790008656,"Depth=4: граф обрезан, terminal не подтверждён. Роль peripheral. Получил 41 000 KZT, исходящих 0. Triage 0.33: оборот 41 000 KZT, PageRank 0.000318, кластер 15 уз.",1,0,41000.0,0.0,0.0003179981722177247,0.0,4,False,True
100000004177936100,peripheral,0.5,3,0.32072835080356715,"Depth=4: граф обрезан, terminal не подтверждён. Роль peripheral. Получил 10 000 KZT, исходящих 0. Triage 0.32: оборот 10 000 KZT, PageRank 0.000337, кластер 126 уз.",1,0,10000.0,0.0,0.00033694921940588367,0.0,4,False,True
100000002922000100,peripheral,0.5,44,0.37467611213697327,"Depth=4: граф обрезан, terminal не подтверждён. Роль peripheral. Получил 448 000 KZT, исходящих 0. Triage 0.37: оборот 448 000 KZT, PageRank 0.000459, кластер 6 уз.",1,0,448000.0,0.0,0.00045903304361899104,0.0,4,False,True
100000002404112100,peripheral,0.5,26,0.33689749801380997,"Depth=4: граф обрезан, terminal не подтверждён. Роль peripheral. Получил 60 000 KZT, исходящих 0. Triage 0.34: оборот 60 000 KZT, PageRank 0.000330, кластер 15 уз.",1,0,60000.0,0.0,0.00032994478625170457,0.0,4,False,True
100000000634341100,peripheral,0.5,0,0.35489179593831305,"Depth=4: граф обрезан, terminal не подтверждён. Роль peripheral. Получил 24 000 KZT, исходящих 0. Triage 0.35: оборот 24 000 KZT, PageRank 0.000555, кластер 277 уз.",1,0,24000.0,0.0,0.0005545692817037384,0.0,4,False,True
100000001822650100,peripheral,0.5,7,0.36112448058433194,"Depth=4: граф обрезан, terminal не подтверждён. Роль peripheral. Получил 112 000 KZT, исходящих 0. Triage 0.36: оборот 112 000 KZT, PageRank 0.000306, кластер 104 уз.",1,0,112000.0,0.0,0.0003058922063700112,0.0,4,False,True
100000004791226100,peripheral,0.5,0,0.3509115732069814,"Depth=4: граф обрезан, terminal не подтверждён. Роль peripheral. Получил 20 000 KZT, исходящих 0. Triage 0.35: оборот 20 000 KZT, PageRank 0.000541, кластер 277 уз.",1,0,20000.0,0.0,0.0005411772226356206,0.0,4,False,True
100000007841978100,peripheral,0.5,4,0.39864365583050493,"Depth=4: граф обрезан, terminal не подтверждён. Роль peripheral. Получил 449 000 KZT, исходящих 0. Triage 0.40: оборот 449 000 KZT, PageRank 0.000506, кластер 126 уз.",1,0,449000.0,0.0,0.000506022954405632,0.0,4,False,True
100000006866831100,peripheral,0.5,3,0.331292264373889,"Depth=4: граф обрезан, terminal не подтверждён. Роль peripheral. Получил 16 500 KZT, исходящих 0. Triage 0.33: оборот 16 500 KZT, PageRank 0.000368, кластер 126 уз.",1,0,16500.0,0.0,0.0003675768195258716,0.0,4,False,True
100000002999140100,peripheral,0.5,11,0.3083603026581948,"Depth=4: граф обрезан, terminal не подтверждён. Роль peripheral. Получил 10 000 KZT, исходящих 0. Triage 0.31: оборот 10 000 KZT, PageRank 0.000289, кластер 55 уз.",1,0,10000.0,0.0,0.0002894867708753753,0.0,4,False,True
100000002884708100,peripheral,0.5,10,0.41293112276501404,"Depth=4: граф обрезан, terminal не подтверждён. Роль peripheral. Получил 1 171 644 KZT, исходящих 0. Triage 0.41: оборот 1 171 644 KZT, PageRank 0.000562, кластер 56 уз.",1,0,1171644.0,0.0,0.0005622189020395988,0.0,4,False,True
100000001130553100,peripheral,0.5,4,0.35894038239730314,"Depth=4: граф обрезан, terminal не подтверждён. Роль peripheral. Получил 18 000 KZT, исходящих 0. Triage 0.36: оборот 18 000 KZT, PageRank 0.000543, кластер 126 уз.",1,0,18000.0,0.0,0.0005430124430752854,0.0,4,False,True
100000006351075100,peripheral,0.5,40,0.3360304545786759,"Depth=4: граф обрезан, terminal не подтверждён. Роль peripheral. Получил 40 000 KZT, исходящих 0. Triage 0.34: оборот 40 000 KZT, PageRank 0.000291, кластер 7 уз.",1,0,40000.0,0.0,0.0002910882369808095,0.0,4,False,True
100000005616568100,peripheral,0.5,4,0.39709601418945345,"Depth=4: граф обрезан, terminal не подтверждён. Роль peripheral. Получил 530 000 KZT, исходящих 0. Triage 0.40: оборот 530 000 KZT, PageRank 0.000432, кластер 126 уз.",1,0,530000.0,0.0,0.00043177410251871764,0.0,4,False,True
100000006381453100,peripheral,0.5,7,0.3613676147464075,"Depth=4: граф обрезан, terminal не подтверждён. Роль peripheral. Получил 45 000 KZT, исходящих 0. Triage 0.36: оборот 45 000 KZT, PageRank 0.000576, кластер 104 уз.",1,0,45000.0,0.0,0.000575873823259664,0.0,4,False,True
100000004616845100,peripheral,0.5,57,0.3073087216960331,"Depth=4: граф обрезан, terminal не подтверждён. Роль peripheral. Получил 20 200 KZT, исходящих 0. Triage 0.31: оборот 20 200 KZT, PageRank 0.000289, кластер 4 уз.",1,0,20200.0,0.0,0.00028882358126758697,0.0,4,False,True
100000004908173100,peripheral,0.5,10,0.32836214027949306,"Depth=4: граф обрезан, terminal не подтверждён. Роль peripheral. Получил 21 000 KZT, исходящих 0. Triage 0.33: оборот 21 000 KZT, PageRank 0.000321, кластер 56 уз.",1,0,21000.0,0.0,0.00032081486390889483,0.0,4,False,True
100000004433250100,peripheral,0.5,0,0.3209034050706381,"Depth=4: граф обрезан, terminal не подтверждён. Роль peripheral. Получил 8 000 KZT, исходящих 0. Triage 0.32: оборот 8 000 KZT, PageRank 0.000307, кластер 277 уз.",1,0,8000.0,0.0,0.00030655534227985634,0.0,4,False,True
100000003664994100,peripheral,0.5,41,0.3639069245291822,"Depth=4: граф обрезан, terminal не подтверждён. Роль peripheral. Получил 338 271 KZT, исходящих 0. Triage 0.36: оборот 338 271 KZT, PageRank 0.000391, кластер 7 уз.",1,0,338271.0,0.0,0.00039092898578002154,0.0,4,False,True
100000004673335100,peripheral,0.5,30,0.35321419910134205,"Depth=4: граф обрезан, terminal не подтверждён. Роль peripheral. Получил 80 000 KZT, исходящих 0. Triage 0.35: оборот 80 000 KZT, PageRank 0.000493, кластер 13 уз.",1,0,80000.0,0.0,0.0004930936175568973,0.0,4,False,True
100000002487222100,peripheral,0.5,4,0.35891755177792894,"Depth=4: граф обрезан, terminal не подтверждён. Роль peripheral. Получил 90 000 KZT, исходящих 0. Triage 0.36: оборот 90 000 KZT, PageRank 0.000310, кластер 126 уз.",1,0,90000.0,0.0,0.00031040414260779067,0.0,4,False,True
100000000018102100,peripheral,0.5,3,0.3135172964207704,"Depth=4: граф обрезан, terminal не подтверждён. Роль peripheral. Получил 7 000 KZT, исходящих 0. Triage 0.31: оборот 7 000 KZT, PageRank 0.000320, кластер 126 уз.",1,0,7000.0,0.0,0.00032036564800501475,0.0,4,False,True
100000008638859100,peripheral,0.5,18,0.34453957587624334,"Depth=4: граф обрезан, terminal не подтверждён. Роль peripheral. Получил 34 000 KZT, исходящих 0. Triage 0.34: оборот 34 000 KZT, PageRank 0.000539, кластер 30 уз.",1,0,34000.0,0.0,0.0005390351107066765,0.0,4,False,True
100000001131403100,peripheral,0.5,57,0.39811156306590184,"Depth=4: граф обрезан, terminal не подтверждён. Роль peripheral. Получил 1 570 000 KZT, исходящих 0. Triage 0.40: оборот 1 570 000 KZT, PageRank 0.000538, кластер 4 уз.",1,0,1570000.0,0.0,0.0005377975915820487,0.0,4,False,True
100000001733216100,peripheral,0.5,0,0.37625713839297326,"Depth=4: граф обрезан, terminal не подтверждён. Роль peripheral. Получил 60 000 KZT, исходящих 0. Triage 0.38: оборот 60 000 KZT, PageRank 0.000408, кластер 277 уз.",1,0,60000.0,0.0,0.0004075228672353921,0.0,4,False,True
100000004400480100,peripheral,0.5,12,0.33844361329540185,"Depth=4: граф обрезан, terminal не подтверждён. Роль peripheral. Получил 21 700 KZT, исходящих 0. Triage 0.34: оборот 21 700 KZT, PageRank 0.000484, кластер 51 уз.",1,0,21700.0,0.0,0.00048433002549597463,0.0,4,False,True
100000007539296100,peripheral,0.5,4,0.36195735137725005,"Depth=4: граф обрезан, terminal не подтверждён. Роль peripheral. Получил 46 000 KZT, исходящих 0. Triage 0.36: оборот 46 000 KZT, PageRank 0.000557, кластер 126 уз.",1,0,46000.0,0.0,0.0005569680809064596,0.0,4,False,True
100000008757301100,peripheral,0.5,0,0.36894586744926383,"Depth=4: граф обрезан, terminal не подтверждён. Роль peripheral. Получил 58 398 KZT, исходящих 0. Triage 0.37: оборот 58 398 KZT, PageRank 0.000530, кластер 277 уз.",1,0,58398.0,0.0,0.0005302727557471048,0.0,4,False,True
100000002752565100,peripheral,0.5,3,0.3511516650877097,"Depth=4: граф обрезан, terminal не подтверждён. Роль peripheral. Получил 57 000 KZT, исходящих 0. Triage 0.35: оборот 57 000 KZT, PageRank 0.000338, кластер 126 уз.",1,0,57000.0,0.0,0.0003381608566741198,0.0,4,False,True
100000002734815100,peripheral,0.5,7,0.361185933048758,"Depth=4: граф обрезан, terminal не подтверждён. Роль peripheral. Получил 110 000 KZT, исходящих 0. Triage 0.36: оборот 110 000 KZT, PageRank 0.000312, кластер 104 уз.",1,0,110000.0,0.0,0.0003121746859131895,0.0,4,False,True
100000008333492100,peripheral,0.5,47,0.356356486437405,"Depth=4: граф обрезан, terminal не подтверждён. Роль peripheral. Получил 216 400 KZT, исходящих 0. Triage 0.36: оборот 216 400 KZT, PageRank 0.000438, кластер 6 уз.",1,0,216400.0,0.0,0.0004378466842512212,0.0,4,False,True
100000006527156100,peripheral,0.5,46,0.32615234758483286,"Depth=4: граф обрезан, terminal не подтверждён. Роль peripheral. Получил 48 500 KZT, исходящих 0. Triage 0.33: оборот 48 500 KZT, PageRank 0.000296, кластер 6 уз.",1,0,48500.0,0.0,0.00029606545204370036,0.0,4,False,True
100000003448713100,peripheral,0.5,3,0.3760269304822136,"Depth=4: граф обрезан, terminal не подтверждён. Роль peripheral. Получил 266 750 KZT, исходящих 0. Triage 0.38: оборот 266 750 KZT, PageRank 0.000303, кластер 126 уз.",1,0,266750.0,0.0,0.0003034400976420172,0.0,4,False,True
100000004780083100,peripheral,0.5,60,0.28988798384584213,"Depth=4: граф обрезан, terminal не подтверждён. Роль peripheral. Получил 9 999 KZT, исходящих 0. Triage 0.29: оборот 9 999 KZT, PageRank 0.000293, кластер 4 уз.",1,0,9999.0,0.0,0.0002933842472839171,0.0,4,False,True
100000004798515100,peripheral,0.5,11,0.3650423957168775,"Depth=4: граф обрезан, terminal не подтверждён. Роль peripheral. Получил 200 000 KZT, исходящих 0. Triage 0.37: оборот 200 000 KZT, PageRank 0.000364, кластер 55 уз.",1,0,200000.0,0.0,0.00036374450670422214,0.0,4,False,True
100000004232712100,peripheral,0.5,4,0.33756458918549537,"Depth=4: граф обрезан, terminal не подтверждён. Роль peripheral. Получил 12 500 KZT, исходящих 0. Triage 0.34: оборот 12 500 KZT, PageRank 0.000529, кластер 126 уз.",1,0,12500.0,0.0,0.0005290068635846244,0.0,4,False,True
100000005209352100,peripheral,0.5,0,0.31949761159477796,"Depth=4: граф обрезан, terminal не подтверждён. Роль peripheral. Получил 5 000 KZT, исходящих 0. Triage 0.32: оборот 5 000 KZT, PageRank 0.000420, кластер 277 уз.",1,0,5000.0,0.0,0.00042009226279106024,0.0,4,False,True
100000000561160100,peripheral,0.5,2,0.3834299397897633,"Depth=4: граф обрезан, terminal не подтверждён. Роль peripheral. Получил 240 000 KZT, исходящих 0. Triage 0.38: оборот 240 000 KZT, PageRank 0.000436, кластер 148 уз.",1,0,240000.0,0.0,0.00043602346642613666,0.0,4,False,True
100000003568904100,peripheral,0.5,13,0.3511547288076525,"Depth=4: граф обрезан, terminal не подтверждён. Роль peripheral. Получил 49 000 KZT, исходящих 0. Triage 0.35: оборот 49 000 KZT, PageRank 0.000531, кластер 50 уз.",1,0,49000.0,0.0,0.0005314532721905381,0.0,4,False,True
100000000470237100,peripheral,0.5,28,0.33847583343074367,"Depth=4: граф обрезан, terminal не подтверждён. Роль peripheral. Получил 32 500 KZT, исходящих 0. Triage 0.34: оборот 32 500 KZT, PageRank 0.000587, кластер 14 уз.",1,0,32500.0,0.0,0.0005872462837699298,0.0,4,False,True
100000008560263100,peripheral,0.5,4,0.3609198829931413,"Depth=4: граф обрезан, terminal не подтверждён. Роль peripheral. Получил 100 000 KZT, исходящих 0. Triage 0.36: оборот 100 000 KZT, PageRank 0.000313, кластер 126 уз.",1,0,100000.0,0.0,0.00031316255078758445,0.0,4,False,True
100000000542087100,peripheral,0.5,36,0.29628224820411375,"Depth=4: граф обрезан, terminal не подтверждён. Роль peripheral. Получил 8 507 KZT, исходящих 0. Triage 0.30: оборот 8 507 KZT, PageRank 0.000286, кластер 8 уз.",1,0,8506.91,0.0,0.0002864227858427271,0.0,4,False,True
100000004403548100,peripheral,0.5,3,0.3104856737033024,"Depth=4: граф обрезан, terminal не подтверждён. Роль peripheral. Получил 5 000 KZT, исходящих 0. Triage 0.31: оборот 5 000 KZT, PageRank 0.000368, кластер 126 уз.",1,0,5000.0,0.0,0.0003677776139651863,0.0,4,False,True
100000003010908100,peripheral,0.5,8,0.3258560011993942,"Depth=4: граф обрезан, terminal не подтверждён. Роль peripheral. Получил 17 000 KZT, исходящих 0. Triage 0.33: оборот 17 000 KZT, PageRank 0.000399, кластер 61 уз.",1,0,17000.0,0.0,0.0003992773482699215,0.0,4,False,True
100000006756956100,peripheral,0.5,0,0.38033003631113776,"Depth=4: граф обрезан, terminal не подтверждён. Роль peripheral. Получил 121 200 KZT, исходящих 0. Triage 0.38: оборот 121 200 KZT, PageRank 0.000311, кластер 277 уз.",1,0,121200.0,0.0,0.00031091151729045096,0.0,4,False,True
100000007357489100,peripheral,0.5,7,0.38242924461577443,"Depth=4: граф обрезан, terminal не подтверждён. Роль peripheral. Получил 164 500 KZT, исходящих 0. Triage 0.38: оборот 164 500 KZT, PageRank 0.000313, кластер 104 уз.",2,0,164500.0,0.0,0.00031293848886342865,0.0,4,False,True
100000002599729100,peripheral,0.5,0,0.36814009860636965,"Depth=4: граф обрезан, terminal не подтверждён. Роль peripheral. Получил 65 000 KZT, исходящих 0. Triage 0.37: оборот 65 000 KZT, PageRank 0.000486, кластер 277 уз.",1,0,65000.0,0.0,0.00048556331609341907,0.0,4,False,True
100000005849862100,peripheral,0.5,6,0.3371282220663146,"Depth=4: граф обрезан, terminal не подтверждён. Роль peripheral. Получил 13 000 KZT, исходящих 0. Triage 0.34: оборот 13 000 KZT, PageRank 0.000548, кластер 106 уз.",1,0,13000.0,0.0,0.0005480991550393568,0.0,4,False,True
100000008762843100,peripheral,0.5,7,0.31166160599570397,"Depth=4: граф обрезан, terminal не подтверждён. Роль peripheral. Получил 7 000 KZT, исходящих 0. Triage 0.31: оборот 7 000 KZT, PageRank 0.000287, кластер 104 уз.",1,0,7000.0,0.0,0.0002872709555211447,0.0,4,False,True
100000002723674100,peripheral,0.5,21,0.31974757741609305,"Depth=4: граф обрезан, terminal не подтверждён. Роль peripheral. Получил 30 000 KZT, исходящих 0. Triage 0.32: оборот 30 000 KZT, PageRank 0.000327, кластер 20 уз.",1,0,30000.0,0.0,0.0003270745998623034,0.0,4,False,True
100000008758106100,peripheral,0.5,7,0.3178583191050885,"Depth=4: граф обрезан, terminal не подтверждён. Роль peripheral. Получил 10 000 KZT, исходящих 0. Triage 0.32: оборот 10 000 KZT, PageRank 0.000287, кластер 104 уз.",1,0,10000.0,0.0,0.0002868920375811358,0.0,4,False,True
100000001286703100,peripheral,0.5,39,0.31188847517884605,"Depth=4: граф обрезан, terminal не подтверждён. Роль peripheral. Получил 20 500 KZT, исходящих 0. Triage 0.31: оборот 20 500 KZT, PageRank 0.000287, кластер 7 уз.",1,0,20500.0,0.0,0.0002872469350968141,0.0,4,False,True
